date,shift,machine_id,operation,product_type,planned_quantity,actual_quantity,good_quantity,scrap_quantity,cycle_time_sec,ideal_cycle_time_sec,planned_production_min,setup_time_min,downtime_min,downtime_reason,defect_type,material_batch,steel_grade,operator_team
2025-01-01,Morning,PRESS_600T,Pressing,Bracket,819,680,671,9,31.926,28.0,450,30,58,Operator waiting,Press deformation,B001,S235,Team A
2025-01-01,Morning,PRESS_60T,Pressing,Bracket,637,623,614,9,37.366,36.0,450,21,41,Operator waiting,Press deformation,B001,S235,Team A
2025-01-01,Morning,WELD_01,Spot Welding,Bracket,353,301,286,15,78.564,65.0,450,30,25,Tool change,Other,B001,S235,Team A
2025-01-01,Morning,WELD_10HEAD,Spot Welding,Bracket,510,419,389,30,57.223,45.0,450,31,19,Quality issue,Welding defect,B001,S235,Team A
2025-01-01,Morning,LATHE_01,Machining,Bracket,675,619,615,4,36.902,34.0,450,26,43,Material shortage,Dimensional defect,B001,S235,Team A
2025-01-01,Morning,INSPECT_01,Inspection,Bracket,1147,1159,1141,18,21.312,20.0,450,15,23,Tool change,Surface defect,B001,S235,Team A
2025-01-01,Morning,PACK_01,Packaging,Bracket,918,855,839,16,26.294,25.0,450,35,40,Quality issue,Scratch,B001,S235,Team A
2025-01-01,Afternoon,PRESS_600T,Pressing,Housing,683,625,612,13,38.187,33.6,450,12,40,Machine failure,Press deformation,B001,S355,Team B
2025-01-01,Afternoon,PRESS_60T,Pressing,Housing,531,546,539,7,45.273,43.2,450,26,12,Material shortage,Press deformation,B001,S355,Team B
2025-01-01,Afternoon,WELD_01,Spot Welding,Housing,294,246,237,9,94.519,78.0,450,17,44,Tool change,Welding defect,B001,S355,Team B
2025-01-01,Afternoon,WELD_10HEAD,Spot Welding,Housing,425,355,334,21,66.585,54.0,450,27,29,Material shortage,Welding defect,B001,S355,Team B
2025-01-01,Afternoon,LATHE_01,Machining,Housing,562,574,567,7,41.792,40.8,450,30,20,Machine failure,Other,B001,S355,Team B
2025-01-01,Afternoon,INSPECT_01,Inspection,Housing,956,1030,1018,12,24.676,24.0,450,10,16,Material shortage,Surface defect,B001,S355,Team B
2025-01-01,Afternoon,PACK_01,Packaging,Housing,765,688,674,14,33.39,30.0,450,23,44,Tool change,Scratch,B001,S355,Team B
2025-01-01,Night,PRESS_600T,Pressing,Bracket,819,713,700,13,31.472,28.0,450,12,64,Material shortage,Press deformation,B001,S235,Team C
2025-01-01,Night,PRESS_60T,Pressing,Bracket,637,588,580,8,41.682,36.0,450,28,13,Tool change,Other,B001,S235,Team C
2025-01-01,Night,WELD_01,Spot Welding,Bracket,353,287,265,22,85.27,65.0,450,19,23,Material shortage,Welding defect,B001,S235,Team C
2025-01-01,Night,WELD_10HEAD,Spot Welding,Bracket,510,394,375,19,57.042,45.0,450,33,42,Machine failure,Welding defect,B001,S235,Team C
2025-01-01,Night,LATHE_01,Machining,Bracket,675,565,550,15,42.532,34.0,450,17,32,Material shortage,Dimensional defect,B001,S235,Team C
2025-01-01,Night,INSPECT_01,Inspection,Bracket,1147,1162,1142,20,22.034,20.0,450,14,9,Machine failure,Surface defect,B001,S235,Team C
2025-01-01,Night,PACK_01,Packaging,Bracket,918,808,782,26,28.569,25.0,450,26,39,Machine failure,Scratch,B001,S235,Team C
2025-01-02,Morning,PRESS_600T,Pressing,Bracket,819,755,739,16,32.318,28.0,450,17,26,Tool change,Press deformation,B002,S235,Team A
2025-01-02,Morning,PRESS_60T,Pressing,Bracket,637,568,558,10,41.447,36.0,450,27,30,Tool change,Press deformation,B002,S235,Team A
2025-01-02,Morning,WELD_01,Spot Welding,Bracket,353,301,284,17,78.506,65.0,450,24,31,Quality issue,Welding defect,B002,S235,Team A
2025-01-02,Morning,WELD_10HEAD,Spot Welding,Bracket,510,467,444,23,51.377,45.0,450,17,33,Material shortage,Welding defect,B002,S235,Team A
2025-01-02,Morning,LATHE_01,Machining,Bracket,675,634,622,12,35.193,34.0,450,34,44,Tool change,Dimensional defect,B002,S235,Team A
2025-01-02,Morning,INSPECT_01,Inspection,Bracket,1147,1064,1043,21,22.723,20.0,450,24,23,Operator waiting,Surface defect,B002,S235,Team A
2025-01-02,Morning,PACK_01,Packaging,Bracket,918,893,876,17,26.396,25.0,450,26,31,Tool change,Scratch,B002,S235,Team A
2025-01-02,Afternoon,PRESS_600T,Pressing,Support,910,810,786,24,28.345,25.2,450,35,32,Machine failure,Press deformation,B002,S275,Team B
2025-01-02,Afternoon,PRESS_60T,Pressing,Support,708,684,677,7,36.049,32.4,450,33,6,Maintenance,Press deformation,B002,S275,Team B
2025-01-02,Afternoon,WELD_01,Spot Welding,Support,392,364,343,21,68.339,58.5,450,30,5,Tool change,Welding defect,B002,S275,Team B
2025-01-02,Afternoon,WELD_10HEAD,Spot Welding,Support,566,449,430,19,52.444,40.5,450,34,23,Maintenance,Other,B002,S275,Team B
2025-01-02,Afternoon,LATHE_01,Machining,Support,749,744,739,5,31.828,30.6,450,25,30,Tool change,Dimensional defect,B002,S275,Team B
2025-01-02,Afternoon,INSPECT_01,Inspection,Support,1275,1139,1115,24,19.636,18.0,450,23,54,Tool change,Other,B002,S275,Team B
2025-01-02,Afternoon,PACK_01,Packaging,Support,1020,1023,1015,8,25.278,22.5,450,13,6,Operator waiting,Scratch,B002,S275,Team B
2025-01-02,Night,PRESS_600T,Pressing,Support,910,751,730,21,29.936,25.2,450,35,40,Operator waiting,Press deformation,B002,S275,Team C
2025-01-02,Night,PRESS_60T,Pressing,Support,708,635,624,11,36.983,32.4,450,25,33,Operator waiting,Press deformation,B002,S275,Team C
2025-01-02,Night,WELD_01,Spot Welding,Support,392,290,280,10,79.382,58.5,450,14,52,Tool change,Other,B002,S275,Team C
2025-01-02,Night,WELD_10HEAD,Spot Welding,Support,566,460,426,34,50.634,40.5,450,16,45,Material shortage,Welding defect,B002,S275,Team C
2025-01-02,Night,LATHE_01,Machining,Support,749,687,667,20,36.042,30.6,450,13,24,Tool change,Dimensional defect,B002,S275,Team C
2025-01-02,Night,INSPECT_01,Inspection,Support,1275,1062,1042,20,21.005,18.0,450,35,43,Tool change,Other,B002,S275,Team C
2025-01-02,Night,PACK_01,Packaging,Support,1020,938,922,16,26.34,22.5,450,18,20,Tool change,Scratch,B002,S275,Team C
2025-01-03,Morning,PRESS_600T,Pressing,Housing,683,647,640,7,35.094,33.6,450,10,61,Material shortage,Press deformation,B003,S355,Team A
2025-01-03,Morning,PRESS_60T,Pressing,Housing,531,499,484,15,47.115,43.2,450,11,47,Tool change,Press deformation,B003,S355,Team A
2025-01-03,Morning,WELD_01,Spot Welding,Housing,294,251,238,13,91.25,78.0,450,18,50,Tool change,Welding defect,B003,S355,Team A
2025-01-03,Morning,WELD_10HEAD,Spot Welding,Housing,425,372,358,14,61.578,54.0,450,16,52,Operator waiting,Welding defect,B003,S355,Team A
2025-01-03,Morning,LATHE_01,Machining,Housing,562,487,472,15,46.772,40.8,450,23,47,Maintenance,Dimensional defect,B003,S355,Team A
2025-01-03,Morning,INSPECT_01,Inspection,Housing,956,921,904,17,24.932,24.0,450,31,36,Quality issue,Surface defect,B003,S355,Team A
2025-01-03,Morning,PACK_01,Packaging,Housing,765,677,671,6,33.286,30.0,450,30,44,Material shortage,Scratch,B003,S355,Team A
2025-01-03,Afternoon,PRESS_600T,Pressing,Housing,683,648,639,9,36.001,33.6,450,25,36,Machine failure,Press deformation,B003,S355,Team B
2025-01-03,Afternoon,PRESS_60T,Pressing,Housing,531,498,486,12,49.803,43.2,450,16,20,Machine failure,Press deformation,B003,S355,Team B
2025-01-03,Afternoon,WELD_01,Spot Welding,Housing,294,226,213,13,97.54,78.0,450,34,48,Material shortage,Welding defect,B003,S355,Team B
2025-01-03,Afternoon,WELD_10HEAD,Spot Welding,Housing,425,377,351,26,62.666,54.0,450,14,42,Tool change,Welding defect,B003,S355,Team B
2025-01-03,Afternoon,LATHE_01,Machining,Housing,562,544,534,10,45.761,40.8,450,26,9,Tool change,Other,B003,S355,Team B
2025-01-03,Afternoon,INSPECT_01,Inspection,Housing,956,886,863,23,26.475,24.0,450,14,45,Operator waiting,Surface defect,B003,S355,Team B
2025-01-03,Afternoon,PACK_01,Packaging,Housing,765,749,738,11,30.999,30.0,450,28,35,Material shortage,Scratch,B003,S355,Team B
2025-01-03,Night,PRESS_600T,Pressing,Housing,683,530,516,14,41.76,33.6,450,22,59,Operator waiting,Press deformation,B003,S355,Team C
2025-01-03,Night,PRESS_60T,Pressing,Housing,531,469,456,13,48.869,43.2,450,23,45,Material shortage,Press deformation,B003,S355,Team C
2025-01-03,Night,WELD_01,Spot Welding,Housing,294,229,218,11,103.348,78.0,450,13,42,Tool change,Welding defect,B003,S355,Team C
2025-01-03,Night,WELD_10HEAD,Spot Welding,Housing,425,355,332,23,68.773,54.0,450,33,9,Operator waiting,Welding defect,B003,S355,Team C
2025-01-03,Night,LATHE_01,Machining,Housing,562,461,442,19,49.412,40.8,450,34,36,Tool change,Other,B003,S355,Team C
2025-01-03,Night,INSPECT_01,Inspection,Housing,956,840,827,13,27.064,24.0,450,22,49,Machine failure,Other,B003,S355,Team C
2025-01-03,Night,PACK_01,Packaging,Housing,765,687,667,20,34.718,30.0,450,26,26,Maintenance,Scratch,B003,S355,Team C
2025-01-04,Morning,PRESS_600T,Pressing,Bracket,819,665,653,12,32.006,28.0,450,20,75,Tool change,Other,B004,S235,Team A
2025-01-04,Morning,PRESS_60T,Pressing,Bracket,637,603,593,10,39.997,36.0,450,10,38,Tool change,Press deformation,B004,S235,Team A
2025-01-04,Morning,WELD_01,Spot Welding,Bracket,353,301,281,20,82.898,65.0,450,21,12,Material shortage,Welding defect,B004,S235,Team A
2025-01-04,Morning,WELD_10HEAD,Spot Welding,Bracket,510,513,481,32,50.865,45.0,450,10,5,Tool change,Other,B004,S235,Team A
2025-01-04,Morning,LATHE_01,Machining,Bracket,675,665,646,19,38.493,34.0,450,16,7,Material shortage,Other,B004,S235,Team A
2025-01-04,Morning,INSPECT_01,Inspection,Bracket,1147,1207,1193,14,20.965,20.0,450,21,7,Maintenance,Surface defect,B004,S235,Team A
2025-01-04,Morning,PACK_01,Packaging,Bracket,918,898,883,15,26.043,25.0,450,12,48,Tool change,Scratch,B004,S235,Team A
2025-01-04,Afternoon,PRESS_600T,Pressing,Housing,683,611,605,6,34.528,33.6,450,35,63,Quality issue,Press deformation,B004,S355,Team B
2025-01-04,Afternoon,PRESS_60T,Pressing,Housing,531,537,524,13,44.619,43.2,450,25,25,Material shortage,Press deformation,B004,S355,Team B
2025-01-04,Afternoon,WELD_01,Spot Welding,Housing,294,261,243,18,96.29,78.0,450,14,17,Machine failure,Welding defect,B004,S355,Team B
2025-01-04,Afternoon,WELD_10HEAD,Spot Welding,Housing,425,348,332,16,67.492,54.0,450,26,32,Material shortage,Welding defect,B004,S355,Team B
2025-01-04,Afternoon,LATHE_01,Machining,Housing,562,526,521,5,42.297,40.8,450,28,51,Machine failure,Dimensional defect,B004,S355,Team B
2025-01-04,Afternoon,INSPECT_01,Inspection,Housing,956,863,850,13,26.612,24.0,450,22,45,Tool change,Surface defect,B004,S355,Team B
2025-01-04,Afternoon,PACK_01,Packaging,Housing,765,760,748,12,30.751,30.0,450,25,35,Tool change,Scratch,B004,S355,Team B
2025-01-04,Night,PRESS_600T,Pressing,Bracket,819,666,650,16,34.049,28.0,450,19,53,Maintenance,Press deformation,B004,S235,Team C
2025-01-04,Night,PRESS_60T,Pressing,Bracket,637,580,563,17,42.153,36.0,450,15,27,Quality issue,Other,B004,S235,Team C
2025-01-04,Night,WELD_01,Spot Welding,Bracket,353,267,248,19,87.103,65.0,450,32,30,Material shortage,Welding defect,B004,S235,Team C
2025-01-04,Night,WELD_10HEAD,Spot Welding,Bracket,510,436,414,22,59.178,45.0,450,11,8,Tool change,Welding defect,B004,S235,Team C
2025-01-04,Night,LATHE_01,Machining,Bracket,675,613,596,17,38.805,34.0,450,11,42,Tool change,Dimensional defect,B004,S235,Team C
2025-01-04,Night,INSPECT_01,Inspection,Bracket,1147,1024,1004,20,24.122,20.0,450,27,11,Material shortage,Surface defect,B004,S235,Team C
2025-01-04,Night,PACK_01,Packaging,Bracket,918,842,825,17,28.275,25.0,450,29,24,Tool change,Scratch,B004,S235,Team C
2025-01-05,Morning,PRESS_600T,Pressing,Housing,683,566,544,22,36.887,33.6,450,31,71,Tool change,Press deformation,B005,S355,Team A
2025-01-05,Morning,PRESS_60T,Pressing,Housing,531,495,485,10,44.548,43.2,450,35,47,Material shortage,Press deformation,B005,S355,Team A
2025-01-05,Morning,WELD_01,Spot Welding,Housing,294,242,233,9,101.511,78.0,450,20,20,Machine failure,Welding defect,B005,S355,Team A
2025-01-05,Morning,WELD_10HEAD,Spot Welding,Housing,425,347,334,13,65.808,54.0,450,14,55,Quality issue,Welding defect,B005,S355,Team A
2025-01-05,Morning,LATHE_01,Machining,Housing,562,517,511,6,45.444,40.8,450,25,33,Machine failure,Dimensional defect,B005,S355,Team A
2025-01-05,Morning,INSPECT_01,Inspection,Housing,956,823,806,17,27.317,24.0,450,26,49,Quality issue,Surface defect,B005,S355,Team A
2025-01-05,Morning,PACK_01,Packaging,Housing,765,736,721,15,33.066,30.0,450,18,26,Material shortage,Scratch,B005,S355,Team A
2025-01-05,Afternoon,PRESS_600T,Pressing,Support,910,878,856,22,27.11,25.2,450,23,30,Tool change,Press deformation,B005,S275,Team B
2025-01-05,Afternoon,PRESS_60T,Pressing,Support,708,756,739,17,33.161,32.4,450,18,14,Machine failure,Press deformation,B005,S275,Team B
2025-01-05,Afternoon,WELD_01,Spot Welding,Support,392,367,345,22,68.773,58.5,450,24,5,Operator waiting,Welding defect,B005,S275,Team B
2025-01-05,Afternoon,WELD_10HEAD,Spot Welding,Support,566,452,423,29,51.528,40.5,450,32,29,Operator waiting,Welding defect,B005,S275,Team B
2025-01-05,Afternoon,LATHE_01,Machining,Support,749,719,705,14,31.701,30.6,450,21,49,Material shortage,Dimensional defect,B005,S275,Team B
2025-01-05,Afternoon,INSPECT_01,Inspection,Support,1275,1082,1064,18,20.841,18.0,450,20,54,Maintenance,Surface defect,B005,S275,Team B
2025-01-05,Afternoon,PACK_01,Packaging,Support,1020,1115,1091,24,23.079,22.5,450,10,11,Operator waiting,Scratch,B005,S275,Team B
2025-01-05,Night,PRESS_600T,Pressing,Bracket,819,697,676,21,32.516,28.0,450,35,37,Operator waiting,Other,B005,S235,Team C
2025-01-05,Night,PRESS_60T,Pressing,Bracket,637,626,613,13,39.529,36.0,450,20,17,Material shortage,Press deformation,B005,S235,Team C
2025-01-05,Night,WELD_01,Spot Welding,Bracket,353,290,278,12,89.959,65.0,450,10,5,Material shortage,Other,B005,S235,Team C
2025-01-05,Night,WELD_10HEAD,Spot Welding,Bracket,510,393,374,19,59.589,45.0,450,32,27,Quality issue,Welding defect,B005,S235,Team C
2025-01-05,Night,LATHE_01,Machining,Bracket,675,621,605,16,40.839,34.0,450,10,17,Material shortage,Dimensional defect,B005,S235,Team C
2025-01-05,Night,INSPECT_01,Inspection,Bracket,1147,1071,1053,18,23.733,20.0,450,16,10,Material shortage,Other,B005,S235,Team C
2025-01-05,Night,PACK_01,Packaging,Bracket,918,851,834,17,28.261,25.0,450,17,32,Operator waiting,Scratch,B005,S235,Team C
2025-01-06,Morning,PRESS_600T,Pressing,Support,910,810,791,19,27.088,25.2,450,29,55,Tool change,Press deformation,B006,S275,Team A
2025-01-06,Morning,PRESS_60T,Pressing,Support,708,759,752,7,33.964,32.4,450,12,8,Material shortage,Press deformation,B006,S275,Team A
2025-01-06,Morning,WELD_01,Spot Welding,Support,392,315,297,18,76.743,58.5,450,21,26,Machine failure,Other,B006,S275,Team A
2025-01-06,Morning,WELD_10HEAD,Spot Welding,Support,566,517,483,34,47.995,40.5,450,20,16,Machine failure,Welding defect,B006,S275,Team A
2025-01-06,Morning,LATHE_01,Machining,Support,749,706,690,16,32.425,30.6,450,19,49,Maintenance,Dimensional defect,B006,S275,Team A
2025-01-06,Morning,INSPECT_01,Inspection,Support,1275,1118,1091,27,20.867,18.0,450,32,29,Quality issue,Surface defect,B006,S275,Team A
2025-01-06,Morning,PACK_01,Packaging,Support,1020,1004,991,13,24.721,22.5,450,22,14,Operator waiting,Scratch,B006,S275,Team A
2025-01-06,Afternoon,PRESS_600T,Pressing,Support,910,818,813,5,29.09,25.2,450,21,32,Machine failure,Press deformation,B006,S275,Team B
2025-01-06,Afternoon,PRESS_60T,Pressing,Support,708,652,647,5,35.389,32.4,450,10,55,Tool change,Press deformation,B006,S275,Team B
2025-01-06,Afternoon,WELD_01,Spot Welding,Support,392,313,300,13,73.689,58.5,450,21,44,Machine failure,Welding defect,B006,S275,Team B
2025-01-06,Afternoon,WELD_10HEAD,Spot Welding,Support,566,553,525,28,46.268,40.5,450,11,12,Material shortage,Welding defect,B006,S275,Team B
2025-01-06,Afternoon,LATHE_01,Machining,Support,749,720,706,14,34.556,30.6,450,10,25,Machine failure,Dimensional defect,B006,S275,Team B
2025-01-06,Afternoon,INSPECT_01,Inspection,Support,1275,1129,1116,13,20.082,18.0,450,21,51,Operator waiting,Surface defect,B006,S275,Team B
2025-01-06,Afternoon,PACK_01,Packaging,Support,1020,947,941,6,25.191,22.5,450,22,30,Tool change,Other,B006,S275,Team B
2025-01-06,Night,PRESS_600T,Pressing,Housing,683,689,675,14,35.956,33.6,450,12,25,Machine failure,Press deformation,B006,S355,Team C
2025-01-06,Night,PRESS_60T,Pressing,Housing,531,479,464,15,50.09,43.2,450,15,35,Tool change,Press deformation,B006,S355,Team C
2025-01-06,Night,WELD_01,Spot Welding,Housing,294,216,203,13,101.486,78.0,450,35,48,Operator waiting,Welding defect,B006,S355,Team C
2025-01-06,Night,WELD_10HEAD,Spot Welding,Housing,425,320,304,16,70.178,54.0,450,29,46,Machine failure,Welding defect,B006,S355,Team C
2025-01-06,Night,LATHE_01,Machining,Housing,562,556,549,7,44.299,40.8,450,31,8,Material shortage,Dimensional defect,B006,S355,Team C
2025-01-06,Night,INSPECT_01,Inspection,Housing,956,820,804,16,28.589,24.0,450,17,42,Tool change,Surface defect,B006,S355,Team C
2025-01-06,Night,PACK_01,Packaging,Housing,765,692,687,5,36.901,30.0,450,11,13,Operator waiting,Scratch,B006,S355,Team C
2025-01-07,Morning,PRESS_600T,Pressing,Housing,683,598,586,12,38.413,33.6,450,13,54,Machine failure,Press deformation,B007,S355,Team A
2025-01-07,Morning,PRESS_60T,Pressing,Housing,531,510,497,13,45.847,43.2,450,33,27,Tool change,Press deformation,B007,S355,Team A
2025-01-07,Morning,WELD_01,Spot Welding,Housing,294,245,232,13,100.993,78.0,450,25,12,Material shortage,Welding defect,B007,S355,Team A
2025-01-07,Morning,WELD_10HEAD,Spot Welding,Housing,425,343,322,21,68.318,54.0,450,16,43,Operator waiting,Welding defect,B007,S355,Team A
2025-01-07,Morning,LATHE_01,Machining,Housing,562,533,521,12,41.687,40.8,450,27,52,Machine failure,Dimensional defect,B007,S355,Team A
2025-01-07,Morning,INSPECT_01,Inspection,Housing,956,890,876,14,25.807,24.0,450,23,44,Operator waiting,Surface defect,B007,S355,Team A
2025-01-07,Morning,PACK_01,Packaging,Housing,765,663,650,13,34.208,30.0,450,33,39,Material shortage,Scratch,B007,S355,Team A
2025-01-07,Afternoon,PRESS_600T,Pressing,Bracket,819,708,693,15,30.046,28.0,450,26,69,Material shortage,Press deformation,B007,S235,Team B
2025-01-07,Afternoon,PRESS_60T,Pressing,Bracket,637,615,596,19,37.247,36.0,450,34,34,Maintenance,Press deformation,B007,S235,Team B
2025-01-07,Afternoon,WELD_01,Spot Welding,Bracket,353,309,287,22,82.467,65.0,450,10,15,Machine failure,Welding defect,B007,S235,Team B
2025-01-07,Afternoon,WELD_10HEAD,Spot Welding,Bracket,510,407,386,21,53.952,45.0,450,34,50,Material shortage,Welding defect,B007,S235,Team B
2025-01-07,Afternoon,LATHE_01,Machining,Bracket,675,620,612,8,39.132,34.0,450,10,35,Machine failure,Dimensional defect,B007,S235,Team B
2025-01-07,Afternoon,INSPECT_01,Inspection,Bracket,1147,1179,1157,22,20.856,20.0,450,29,11,Operator waiting,Surface defect,B007,S235,Team B
2025-01-07,Afternoon,PACK_01,Packaging,Bracket,918,906,888,18,28.137,25.0,450,15,10,Tool change,Scratch,B007,S235,Team B
2025-01-07,Night,PRESS_600T,Pressing,Housing,683,660,637,23,36.347,33.6,450,23,27,Material shortage,Press deformation,B007,S355,Team C
2025-01-07,Night,PRESS_60T,Pressing,Housing,531,472,454,18,47.983,43.2,450,22,50,Quality issue,Other,B007,S355,Team C
2025-01-07,Night,WELD_01,Spot Welding,Housing,294,230,219,11,104.459,78.0,450,12,36,Material shortage,Welding defect,B007,S355,Team C
2025-01-07,Night,WELD_10HEAD,Spot Welding,Housing,425,308,294,14,71.735,54.0,450,35,46,Tool change,Other,B007,S355,Team C
2025-01-07,Night,LATHE_01,Machining,Housing,562,492,482,10,48.08,40.8,450,31,24,Maintenance,Dimensional defect,B007,S355,Team C
2025-01-07,Night,INSPECT_01,Inspection,Housing,956,880,860,20,28.471,24.0,450,25,7,Tool change,Other,B007,S355,Team C
2025-01-07,Night,PACK_01,Packaging,Housing,765,692,676,16,34.556,30.0,450,15,36,Quality issue,Other,B007,S355,Team C
2025-01-08,Morning,PRESS_600T,Pressing,Bracket,819,742,734,8,30.641,28.0,450,29,42,Tool change,Other,B008,S235,Team A
2025-01-08,Morning,PRESS_60T,Pressing,Bracket,637,574,564,10,40.638,36.0,450,11,50,Material shortage,Press deformation,B008,S235,Team A
2025-01-08,Morning,WELD_01,Spot Welding,Bracket,353,315,294,21,74.513,65.0,450,31,27,Material shortage,Other,B008,S235,Team A
2025-01-08,Morning,WELD_10HEAD,Spot Welding,Bracket,510,459,440,19,55.39,45.0,450,13,13,Tool change,Welding defect,B008,S235,Team A
2025-01-08,Morning,LATHE_01,Machining,Bracket,675,637,625,12,36.21,34.0,450,14,51,Machine failure,Dimensional defect,B008,S235,Team A
2025-01-08,Morning,INSPECT_01,Inspection,Bracket,1147,1059,1032,27,23.168,20.0,450,27,14,Material shortage,Surface defect,B008,S235,Team A
2025-01-08,Morning,PACK_01,Packaging,Bracket,918,827,819,8,26.695,25.0,450,31,51,Maintenance,Scratch,B008,S235,Team A
2025-01-08,Afternoon,PRESS_600T,Pressing,Bracket,819,743,726,17,29.391,28.0,450,29,57,Material shortage,Press deformation,B008,S235,Team B
2025-01-08,Afternoon,PRESS_60T,Pressing,Bracket,637,608,602,6,38.136,36.0,450,30,33,Tool change,Press deformation,B008,S235,Team B
2025-01-08,Afternoon,WELD_01,Spot Welding,Bracket,353,284,269,15,77.908,65.0,450,35,45,Material shortage,Welding defect,B008,S235,Team B
2025-01-08,Afternoon,WELD_10HEAD,Spot Welding,Bracket,510,434,404,30,55.797,45.0,450,26,20,Machine failure,Welding defect,B008,S235,Team B
2025-01-08,Afternoon,LATHE_01,Machining,Bracket,675,641,635,6,38.707,34.0,450,27,9,Quality issue,Dimensional defect,B008,S235,Team B
2025-01-08,Afternoon,INSPECT_01,Inspection,Bracket,1147,1107,1087,20,21.888,20.0,450,27,19,Operator waiting,Surface defect,B008,S235,Team B
2025-01-08,Afternoon,PACK_01,Packaging,Bracket,918,831,814,17,26.911,25.0,450,35,42,Material shortage,Other,B008,S235,Team B
2025-01-08,Night,PRESS_600T,Pressing,Support,910,784,767,17,29.526,25.2,450,18,46,Tool change,Press deformation,B008,S275,Team C
2025-01-08,Night,PRESS_60T,Pressing,Support,708,600,591,9,39.247,32.4,450,18,39,Tool change,Press deformation,B008,S275,Team C
2025-01-08,Night,WELD_01,Spot Welding,Support,392,297,283,14,74.264,58.5,450,34,48,Tool change,Welding defect,B008,S275,Team C
2025-01-08,Night,WELD_10HEAD,Spot Welding,Support,566,433,404,29,54.528,40.5,450,17,39,Operator waiting,Welding defect,B008,S275,Team C
2025-01-08,Night,LATHE_01,Machining,Support,749,677,657,20,35.68,30.6,450,29,18,Material shortage,Dimensional defect,B008,S275,Team C
2025-01-08,Night,INSPECT_01,Inspection,Support,1275,1081,1048,33,22.243,18.0,450,24,25,Quality issue,Surface defect,B008,S275,Team C
2025-01-08,Night,PACK_01,Packaging,Support,1020,869,853,16,26.65,22.5,450,32,32,Operator waiting,Other,B008,S275,Team C
2025-01-09,Morning,PRESS_600T,Pressing,Bracket,819,661,644,17,31.48,28.0,450,31,72,Machine failure,Press deformation,B009,S235,Team A
2025-01-09,Morning,PRESS_60T,Pressing,Bracket,637,562,556,6,39.97,36.0,450,35,40,Material shortage,Press deformation,B009,S235,Team A
2025-01-09,Morning,WELD_01,Spot Welding,Bracket,353,298,285,13,83.409,65.0,450,16,19,Tool change,Welding defect,B009,S235,Team A
2025-01-09,Morning,WELD_10HEAD,Spot Welding,Bracket,510,421,398,23,57.953,45.0,450,15,28,Tool change,Welding defect,B009,S235,Team A
2025-01-09,Morning,LATHE_01,Machining,Bracket,675,662,655,7,35.597,34.0,450,30,27,Material shortage,Other,B009,S235,Team A
2025-01-09,Morning,INSPECT_01,Inspection,Bracket,1147,1153,1136,17,20.595,20.0,450,35,19,Tool change,Other,B009,S235,Team A
2025-01-09,Morning,PACK_01,Packaging,Bracket,918,924,907,17,25.891,25.0,450,35,16,Machine failure,Scratch,B009,S235,Team A
2025-01-09,Afternoon,PRESS_600T,Pressing,Housing,683,614,593,21,37.5,33.6,450,16,50,Operator waiting,Press deformation,B009,S355,Team B
2025-01-09,Afternoon,PRESS_60T,Pressing,Housing,531,531,520,11,48.466,43.2,450,12,9,Material shortage,Press deformation,B009,S355,Team B
2025-01-09,Afternoon,WELD_01,Spot Welding,Housing,294,262,246,16,97.847,78.0,450,15,7,Quality issue,Other,B009,S355,Team B
2025-01-09,Afternoon,WELD_10HEAD,Spot Welding,Housing,425,365,341,24,63.953,54.0,450,34,26,Material shortage,Other,B009,S355,Team B
2025-01-09,Afternoon,LATHE_01,Machining,Housing,562,542,538,4,46.637,40.8,450,16,12,Material shortage,Dimensional defect,B009,S355,Team B
2025-01-09,Afternoon,INSPECT_01,Inspection,Housing,956,1029,1009,20,24.482,24.0,450,23,7,Tool change,Surface defect,B009,S355,Team B
2025-01-09,Afternoon,PACK_01,Packaging,Housing,765,718,706,12,31.306,30.0,450,29,46,Quality issue,Scratch,B009,S355,Team B
2025-01-09,Night,PRESS_600T,Pressing,Housing,683,591,576,15,39.774,33.6,450,31,27,Machine failure,Press deformation,B009,S355,Team C
2025-01-09,Night,PRESS_60T,Pressing,Housing,531,493,481,12,48.289,43.2,450,12,41,Tool change,Press deformation,B009,S355,Team C
2025-01-09,Night,WELD_01,Spot Welding,Housing,294,245,222,23,99.36,78.0,450,22,22,Tool change,Welding defect,B009,S355,Team C
2025-01-09,Night,WELD_10HEAD,Spot Welding,Housing,425,354,325,29,71.474,54.0,450,14,14,Tool change,Welding defect,B009,S355,Team C
2025-01-09,Night,LATHE_01,Machining,Housing,562,503,490,13,47.68,40.8,450,21,29,Quality issue,Dimensional defect,B009,S355,Team C
2025-01-09,Night,INSPECT_01,Inspection,Housing,956,882,864,18,26.859,24.0,450,27,28,Machine failure,Surface defect,B009,S355,Team C
2025-01-09,Night,PACK_01,Packaging,Housing,765,738,722,16,34.944,30.0,450,10,10,Machine failure,Scratch,B009,S355,Team C
2025-01-10,Morning,PRESS_600T,Pressing,Support,910,844,838,6,25.937,25.2,450,26,59,Quality issue,Press deformation,B010,S275,Team A
2025-01-10,Morning,PRESS_60T,Pressing,Support,708,658,647,11,37.086,32.4,450,30,13,Operator waiting,Press deformation,B010,S275,Team A
2025-01-10,Morning,WELD_01,Spot Welding,Support,392,345,327,18,72.374,58.5,450,18,15,Tool change,Welding defect,B010,S275,Team A
2025-01-10,Morning,WELD_10HEAD,Spot Welding,Support,566,510,491,19,48.784,40.5,450,20,15,Quality issue,Welding defect,B010,S275,Team A
2025-01-10,Morning,LATHE_01,Machining,Support,749,780,770,10,31.449,30.6,450,18,23,Material shortage,Dimensional defect,B010,S275,Team A
2025-01-10,Morning,INSPECT_01,Inspection,Support,1275,1072,1064,8,20.703,18.0,450,30,50,Tool change,Surface defect,B010,S275,Team A
2025-01-10,Morning,PACK_01,Packaging,Support,1020,980,955,25,25.635,22.5,450,20,11,Material shortage,Other,B010,S275,Team A
2025-01-10,Afternoon,PRESS_600T,Pressing,Housing,683,677,660,17,35.796,33.6,450,11,35,Maintenance,Press deformation,B010,S355,Team B
2025-01-10,Afternoon,PRESS_60T,Pressing,Housing,531,490,476,14,47.08,43.2,450,20,45,Machine failure,Press deformation,B010,S355,Team B
2025-01-10,Afternoon,WELD_01,Spot Welding,Housing,294,248,239,9,89.358,78.0,450,35,45,Tool change,Other,B010,S355,Team B
2025-01-10,Afternoon,WELD_10HEAD,Spot Welding,Housing,425,390,371,19,64.354,54.0,450,25,6,Material shortage,Other,B010,S355,Team B
2025-01-10,Afternoon,LATHE_01,Machining,Housing,562,519,512,7,43.852,40.8,450,25,45,Material shortage,Dimensional defect,B010,S355,Team B
2025-01-10,Afternoon,INSPECT_01,Inspection,Housing,956,904,892,12,26.343,24.0,450,34,19,Machine failure,Surface defect,B010,S355,Team B
2025-01-10,Afternoon,PACK_01,Packaging,Housing,765,718,709,9,33.637,30.0,450,27,20,Material shortage,Scratch,B010,S355,Team B
2025-01-10,Night,PRESS_600T,Pressing,Bracket,819,657,638,19,35.477,28.0,450,23,38,Tool change,Other,B010,S235,Team C
2025-01-10,Night,PRESS_60T,Pressing,Bracket,637,528,524,4,44.598,36.0,450,32,25,Material shortage,Press deformation,B010,S235,Team C
2025-01-10,Night,WELD_01,Spot Welding,Bracket,353,286,269,17,90.412,65.0,450,12,6,Tool change,Welding defect,B010,S235,Team C
2025-01-10,Night,WELD_10HEAD,Spot Welding,Bracket,510,387,367,20,61.223,45.0,450,34,21,Tool change,Welding defect,B010,S235,Team C
2025-01-10,Night,LATHE_01,Machining,Bracket,675,583,560,23,41.853,34.0,450,13,30,Tool change,Dimensional defect,B010,S235,Team C
2025-01-10,Night,INSPECT_01,Inspection,Bracket,1147,994,965,29,22.091,20.0,450,35,49,Material shortage,Other,B010,S235,Team C
2025-01-10,Night,PACK_01,Packaging,Bracket,918,811,797,14,28.597,25.0,450,28,35,Maintenance,Other,B010,S235,Team C
2025-01-11,Morning,PRESS_600T,Pressing,Bracket,819,697,690,7,31.987,28.0,450,17,61,Machine failure,Press deformation,B011,S235,Team A
2025-01-11,Morning,PRESS_60T,Pressing,Bracket,637,597,587,10,40.088,36.0,450,17,34,Tool change,Press deformation,B011,S235,Team A
2025-01-11,Morning,WELD_01,Spot Welding,Bracket,353,303,292,11,75.586,65.0,450,14,54,Machine failure,Welding defect,B011,S235,Team A
2025-01-11,Morning,WELD_10HEAD,Spot Welding,Bracket,510,439,404,35,54.045,45.0,450,23,31,Tool change,Welding defect,B011,S235,Team A
2025-01-11,Morning,LATHE_01,Machining,Bracket,675,574,565,9,37.699,34.0,450,34,55,Tool change,Dimensional defect,B011,S235,Team A
2025-01-11,Morning,INSPECT_01,Inspection,Bracket,1147,1026,1013,13,23.084,20.0,450,32,23,Machine failure,Other,B011,S235,Team A
2025-01-11,Morning,PACK_01,Packaging,Bracket,918,815,802,13,28.776,25.0,450,35,24,Tool change,Other,B011,S235,Team A
2025-01-11,Afternoon,PRESS_600T,Pressing,Bracket,819,751,733,18,30.657,28.0,450,34,32,Machine failure,Press deformation,B011,S235,Team B
2025-01-11,Afternoon,PRESS_60T,Pressing,Bracket,637,586,580,6,41.603,36.0,450,35,8,Machine failure,Other,B011,S235,Team B
2025-01-11,Afternoon,WELD_01,Spot Welding,Bracket,353,304,283,21,84.075,65.0,450,15,9,Operator waiting,Other,B011,S235,Team B
2025-01-11,Afternoon,WELD_10HEAD,Spot Welding,Bracket,510,440,415,25,51.542,45.0,450,19,53,Material shortage,Other,B011,S235,Team B
2025-01-11,Afternoon,LATHE_01,Machining,Bracket,675,601,591,10,38.035,34.0,450,15,54,Machine failure,Dimensional defect,B011,S235,Team B
2025-01-11,Afternoon,INSPECT_01,Inspection,Bracket,1147,1194,1178,16,20.651,20.0,450,15,24,Machine failure,Other,B011,S235,Team B
2025-01-11,Afternoon,PACK_01,Packaging,Bracket,918,896,888,8,25.623,25.0,450,31,36,Operator waiting,Scratch,B011,S235,Team B
2025-01-11,Night,PRESS_600T,Pressing,Housing,683,546,539,7,40.494,33.6,450,23,58,Tool change,Press deformation,B011,S355,Team C
2025-01-11,Night,PRESS_60T,Pressing,Housing,531,455,446,9,53.231,43.2,450,34,12,Maintenance,Press deformation,B011,S355,Team C
2025-01-11,Night,WELD_01,Spot Welding,Housing,294,217,208,9,106.978,78.0,450,24,38,Machine failure,Other,B011,S355,Team C
2025-01-11,Night,WELD_10HEAD,Spot Welding,Housing,425,302,287,15,73.387,54.0,450,32,48,Material shortage,Welding defect,B011,S355,Team C
2025-01-11,Night,LATHE_01,Machining,Housing,562,530,515,15,47.272,40.8,450,19,13,Tool change,Dimensional defect,B011,S355,Team C
2025-01-11,Night,INSPECT_01,Inspection,Housing,956,839,807,32,28.169,24.0,450,21,35,Material shortage,Surface defect,B011,S355,Team C
2025-01-11,Night,PACK_01,Packaging,Housing,765,671,656,15,33.615,30.0,450,22,52,Tool change,Other,B011,S355,Team C
2025-01-12,Morning,PRESS_600T,Pressing,Housing,683,611,605,6,38.49,33.6,450,10,48,Maintenance,Press deformation,B012,S355,Team A
2025-01-12,Morning,PRESS_60T,Pressing,Housing,531,484,471,13,46.654,43.2,450,29,44,Material shortage,Press deformation,B012,S355,Team A
2025-01-12,Morning,WELD_01,Spot Welding,Housing,294,239,226,13,97.841,78.0,450,21,38,Machine failure,Other,B012,S355,Team A
2025-01-12,Morning,WELD_10HEAD,Spot Welding,Housing,425,351,336,15,68.435,54.0,450,19,30,Maintenance,Welding defect,B012,S355,Team A
2025-01-12,Morning,LATHE_01,Machining,Housing,562,550,534,16,45.196,40.8,450,20,15,Tool change,Dimensional defect,B012,S355,Team A
2025-01-12,Morning,INSPECT_01,Inspection,Housing,956,924,914,10,24.999,24.0,450,12,53,Material shortage,Other,B012,S355,Team A
2025-01-12,Morning,PACK_01,Packaging,Housing,765,677,670,7,33.574,30.0,450,28,43,Material shortage,Scratch,B012,S355,Team A
2025-01-12,Afternoon,PRESS_600T,Pressing,Housing,683,681,667,14,34.871,33.6,450,17,37,Tool change,Press deformation,B012,S355,Team B
2025-01-12,Afternoon,PRESS_60T,Pressing,Housing,531,512,501,11,48.588,43.2,450,18,17,Quality issue,Press deformation,B012,S355,Team B
2025-01-12,Afternoon,WELD_01,Spot Welding,Housing,294,265,252,13,90.111,78.0,450,30,22,Tool change,Welding defect,B012,S355,Team B
2025-01-12,Afternoon,WELD_10HEAD,Spot Welding,Housing,425,395,377,18,63.426,54.0,450,19,13,Machine failure,Welding defect,B012,S355,Team B
2025-01-12,Afternoon,LATHE_01,Machining,Housing,562,498,486,12,45.975,40.8,450,18,50,Material shortage,Other,B012,S355,Team B
2025-01-12,Afternoon,INSPECT_01,Inspection,Housing,956,899,872,27,26.541,24.0,450,16,36,Maintenance,Surface defect,B012,S355,Team B
2025-01-12,Afternoon,PACK_01,Packaging,Housing,765,727,715,12,30.666,30.0,450,35,43,Machine failure,Scratch,B012,S355,Team B
2025-01-12,Night,PRESS_600T,Pressing,Bracket,819,673,656,17,32.765,28.0,450,29,53,Quality issue,Other,B012,S235,Team C
2025-01-12,Night,PRESS_60T,Pressing,Bracket,637,518,508,10,43.283,36.0,450,27,49,Material shortage,Other,B012,S235,Team C
2025-01-12,Night,WELD_01,Spot Welding,Bracket,353,291,278,13,83.652,65.0,450,21,22,Tool change,Other,B012,S235,Team C
2025-01-12,Night,WELD_10HEAD,Spot Welding,Bracket,510,380,363,17,62.486,45.0,450,29,25,Maintenance,Welding defect,B012,S235,Team C
2025-01-12,Night,LATHE_01,Machining,Bracket,675,566,552,14,38.792,34.0,450,33,51,Machine failure,Other,B012,S235,Team C
2025-01-12,Night,INSPECT_01,Inspection,Bracket,1147,1062,1036,26,23.042,20.0,450,24,18,Maintenance,Surface defect,B012,S235,Team C
2025-01-12,Night,PACK_01,Packaging,Bracket,918,838,804,34,26.759,25.0,450,29,47,Tool change,Scratch,B012,S235,Team C
2025-01-13,Morning,PRESS_600T,Pressing,Support,910,841,825,16,26.018,25.2,450,23,62,Machine failure,Press deformation,B013,S275,Team A
2025-01-13,Morning,PRESS_60T,Pressing,Support,708,697,681,16,34.908,32.4,450,31,13,Material shortage,Press deformation,B013,S275,Team A
2025-01-13,Morning,WELD_01,Spot Welding,Support,392,361,336,25,70.339,58.5,450,15,11,Tool change,Welding defect,B013,S275,Team A
2025-01-13,Morning,WELD_10HEAD,Spot Welding,Support,566,527,504,23,46.152,40.5,450,35,9,Tool change,Welding defect,B013,S275,Team A
2025-01-13,Morning,LATHE_01,Machining,Support,749,700,680,20,34.622,30.6,450,29,17,Tool change,Dimensional defect,B013,S275,Team A
2025-01-13,Morning,INSPECT_01,Inspection,Support,1275,1353,1327,26,18.7,18.0,450,17,11,Quality issue,Surface defect,B013,S275,Team A
2025-01-13,Morning,PACK_01,Packaging,Support,1020,1063,1039,24,23.46,22.5,450,16,18,Tool change,Other,B013,S275,Team A
2025-01-13,Afternoon,PRESS_600T,Pressing,Bracket,819,671,667,4,31.886,28.0,450,25,68,Quality issue,Press deformation,B013,S235,Team B
2025-01-13,Afternoon,PRESS_60T,Pressing,Bracket,637,594,585,9,40.55,36.0,450,12,36,Operator waiting,Press deformation,B013,S235,Team B
2025-01-13,Afternoon,WELD_01,Spot Welding,Bracket,353,276,259,17,84.197,65.0,450,35,27,Quality issue,Welding defect,B013,S235,Team B
2025-01-13,Afternoon,WELD_10HEAD,Spot Welding,Bracket,510,472,449,23,51.461,45.0,450,26,19,Material shortage,Welding defect,B013,S235,Team B
2025-01-13,Afternoon,LATHE_01,Machining,Bracket,675,613,601,12,38.426,34.0,450,32,25,Maintenance,Dimensional defect,B013,S235,Team B
2025-01-13,Afternoon,INSPECT_01,Inspection,Bracket,1147,1155,1121,34,20.928,20.0,450,16,31,Material shortage,Other,B013,S235,Team B
2025-01-13,Afternoon,PACK_01,Packaging,Bracket,918,855,839,16,26.732,25.0,450,14,55,Operator waiting,Scratch,B013,S235,Team B
2025-01-13,Night,PRESS_600T,Pressing,Housing,683,568,547,21,39.457,33.6,450,20,56,Quality issue,Press deformation,B013,S355,Team C
2025-01-13,Night,PRESS_60T,Pressing,Housing,531,480,464,16,50.109,43.2,450,32,17,Tool change,Press deformation,B013,S355,Team C
2025-01-13,Night,WELD_01,Spot Welding,Housing,294,216,206,10,102.35,78.0,450,30,51,Quality issue,Welding defect,B013,S355,Team C
2025-01-13,Night,WELD_10HEAD,Spot Welding,Housing,425,312,295,17,72.097,54.0,450,28,47,Quality issue,Welding defect,B013,S355,Team C
2025-01-13,Night,LATHE_01,Machining,Housing,562,503,491,12,46.267,40.8,450,20,42,Tool change,Dimensional defect,B013,S355,Team C
2025-01-13,Night,INSPECT_01,Inspection,Housing,956,812,789,23,29.176,24.0,450,33,22,Material shortage,Surface defect,B013,S355,Team C
2025-01-13,Night,PACK_01,Packaging,Housing,765,694,676,18,35.243,30.0,450,34,8,Material shortage,Scratch,B013,S355,Team C
2025-01-14,Morning,PRESS_600T,Pressing,Housing,683,560,548,12,38.519,33.6,450,16,74,Tool change,Press deformation,B014,S355,Team A
2025-01-14,Morning,PRESS_60T,Pressing,Housing,531,573,560,13,44.79,43.2,450,13,9,Tool change,Press deformation,B014,S355,Team A
2025-01-14,Morning,WELD_01,Spot Welding,Housing,294,236,222,14,96.412,78.0,450,23,47,Quality issue,Welding defect,B014,S355,Team A
2025-01-14,Morning,WELD_10HEAD,Spot Welding,Housing,425,350,334,16,68.178,54.0,450,21,31,Material shortage,Welding defect,B014,S355,Team A
2025-01-14,Morning,LATHE_01,Machining,Housing,562,535,530,5,43.105,40.8,450,20,45,Quality issue,Dimensional defect,B014,S355,Team A
2025-01-14,Morning,INSPECT_01,Inspection,Housing,956,826,815,11,27.358,24.0,450,34,39,Machine failure,Surface defect,B014,S355,Team A
2025-01-14,Morning,PACK_01,Packaging,Housing,765,678,668,10,34.421,30.0,450,21,40,Machine failure,Scratch,B014,S355,Team A
2025-01-14,Afternoon,PRESS_600T,Pressing,Bracket,819,729,719,10,31.004,28.0,450,26,47,Material shortage,Press deformation,B014,S235,Team B
2025-01-14,Afternoon,PRESS_60T,Pressing,Bracket,637,598,592,6,38.972,36.0,450,25,36,Tool change,Press deformation,B014,S235,Team B
2025-01-14,Afternoon,WELD_01,Spot Welding,Bracket,353,309,291,18,75.882,65.0,450,11,47,Maintenance,Welding defect,B014,S235,Team B
2025-01-14,Afternoon,WELD_10HEAD,Spot Welding,Bracket,510,416,392,24,55.977,45.0,450,29,32,Material shortage,Welding defect,B014,S235,Team B
2025-01-14,Afternoon,LATHE_01,Machining,Bracket,675,639,628,11,35.022,34.0,450,22,55,Operator waiting,Dimensional defect,B014,S235,Team B
2025-01-14,Afternoon,INSPECT_01,Inspection,Bracket,1147,1008,995,13,23.094,20.0,450,29,33,Tool change,Surface defect,B014,S235,Team B
2025-01-14,Afternoon,PACK_01,Packaging,Bracket,918,875,854,21,27.012,25.0,450,22,34,Tool change,Scratch,B014,S235,Team B
2025-01-14,Night,PRESS_600T,Pressing,Bracket,819,688,672,16,33.371,28.0,450,35,32,Material shortage,Press deformation,B014,S235,Team C
2025-01-14,Night,PRESS_60T,Pressing,Bracket,637,550,534,16,42.516,36.0,450,17,43,Quality issue,Other,B014,S235,Team C
2025-01-14,Night,WELD_01,Spot Welding,Bracket,353,303,285,18,79.783,65.0,450,30,16,Operator waiting,Other,B014,S235,Team C
2025-01-14,Night,WELD_10HEAD,Spot Welding,Bracket,510,395,373,22,61.695,45.0,450,12,31,Material shortage,Other,B014,S235,Team C
2025-01-14,Night,LATHE_01,Machining,Bracket,675,600,575,25,41.475,34.0,450,15,20,Maintenance,Dimensional defect,B014,S235,Team C
2025-01-14,Night,INSPECT_01,Inspection,Bracket,1147,1061,1033,28,23.678,20.0,450,10,21,Machine failure,Surface defect,B014,S235,Team C
2025-01-14,Night,PACK_01,Packaging,Bracket,918,864,843,21,27.539,25.0,450,31,22,Machine failure,Scratch,B014,S235,Team C
2025-01-15,Morning,PRESS_600T,Pressing,Bracket,819,724,716,8,28.643,28.0,450,29,75,Material shortage,Press deformation,B015,S235,Team A
2025-01-15,Morning,PRESS_60T,Pressing,Bracket,637,625,620,5,36.997,36.0,450,24,40,Quality issue,Press deformation,B015,S235,Team A
2025-01-15,Morning,WELD_01,Spot Welding,Bracket,353,311,300,11,78.581,65.0,450,11,31,Maintenance,Other,B015,S235,Team A
2025-01-15,Morning,WELD_10HEAD,Spot Welding,Bracket,510,477,449,28,52.007,45.0,450,25,11,Tool change,Welding defect,B015,S235,Team A
2025-01-15,Morning,LATHE_01,Machining,Bracket,675,619,601,18,38.13,34.0,450,10,46,Material shortage,Dimensional defect,B015,S235,Team A
2025-01-15,Morning,INSPECT_01,Inspection,Bracket,1147,1042,1034,8,21.407,20.0,450,27,51,Machine failure,Surface defect,B015,S235,Team A
2025-01-15,Morning,PACK_01,Packaging,Bracket,918,898,879,19,27.037,25.0,450,22,23,Maintenance,Other,B015,S235,Team A
2025-01-15,Afternoon,PRESS_600T,Pressing,Bracket,819,774,760,14,28.963,28.0,450,15,61,Machine failure,Press deformation,B015,S235,Team B
2025-01-15,Afternoon,PRESS_60T,Pressing,Bracket,637,618,611,7,39.013,36.0,450,32,16,Quality issue,Other,B015,S235,Team B
2025-01-15,Afternoon,WELD_01,Spot Welding,Bracket,353,292,274,18,84.884,65.0,450,21,15,Operator waiting,Welding defect,B015,S235,Team B
2025-01-15,Afternoon,WELD_10HEAD,Spot Welding,Bracket,510,380,349,31,59.132,45.0,450,32,43,Material shortage,Welding defect,B015,S235,Team B
2025-01-15,Afternoon,LATHE_01,Machining,Bracket,675,623,612,11,37.602,34.0,450,11,48,Material shortage,Dimensional defect,B015,S235,Team B
2025-01-15,Afternoon,INSPECT_01,Inspection,Bracket,1147,1109,1081,28,20.61,20.0,450,27,42,Material shortage,Surface defect,B015,S235,Team B
2025-01-15,Afternoon,PACK_01,Packaging,Bracket,918,843,827,16,28.893,25.0,450,24,20,Tool change,Scratch,B015,S235,Team B
2025-01-15,Night,PRESS_600T,Pressing,Support,910,759,738,21,29.449,25.2,450,22,55,Quality issue,Press deformation,B015,S275,Team C
2025-01-15,Night,PRESS_60T,Pressing,Support,708,587,561,26,38.902,32.4,450,34,35,Tool change,Press deformation,B015,S275,Team C
2025-01-15,Night,WELD_01,Spot Welding,Support,392,324,302,22,71.165,58.5,450,26,39,Machine failure,Welding defect,B015,S275,Team C
2025-01-15,Night,WELD_10HEAD,Spot Welding,Support,566,459,423,36,54.478,40.5,450,27,6,Material shortage,Welding defect,B015,S275,Team C
2025-01-15,Night,LATHE_01,Machining,Support,749,689,674,15,34.44,30.6,450,31,23,Tool change,Dimensional defect,B015,S275,Team C
2025-01-15,Night,INSPECT_01,Inspection,Support,1275,1126,1101,25,20.727,18.0,450,33,28,Tool change,Surface defect,B015,S275,Team C
2025-01-15,Night,PACK_01,Packaging,Support,1020,971,957,14,25.745,22.5,450,13,20,Material shortage,Scratch,B015,S275,Team C
2025-01-16,Morning,PRESS_600T,Pressing,Housing,683,590,579,11,36.049,33.6,450,29,66,Tool change,Press deformation,B016,S355,Team A
2025-01-16,Morning,PRESS_60T,Pressing,Housing,531,513,505,8,46.612,43.2,450,29,22,Operator waiting,Press deformation,B016,S355,Team A
2025-01-16,Morning,WELD_01,Spot Welding,Housing,294,229,215,14,99.276,78.0,450,35,35,Material shortage,Other,B016,S355,Team A
2025-01-16,Morning,WELD_10HEAD,Spot Welding,Housing,425,354,335,19,60.937,54.0,450,35,55,Tool change,Welding defect,B016,S355,Team A
2025-01-16,Morning,LATHE_01,Machining,Housing,562,550,538,12,41.709,40.8,450,12,55,Machine failure,Dimensional defect,B016,S355,Team A
2025-01-16,Morning,INSPECT_01,Inspection,Housing,956,881,875,6,26.076,24.0,450,13,54,Operator waiting,Surface defect,B016,S355,Team A
2025-01-16,Morning,PACK_01,Packaging,Housing,765,755,737,18,30.981,30.0,450,30,30,Material shortage,Other,B016,S355,Team A
2025-01-16,Afternoon,PRESS_600T,Pressing,Support,910,762,751,11,28.736,25.2,450,16,69,Quality issue,Press deformation,B016,S275,Team B
2025-01-16,Afternoon,PRESS_60T,Pressing,Support,708,649,642,7,37.478,32.4,450,23,21,Tool change,Press deformation,B016,S275,Team B
2025-01-16,Afternoon,WELD_01,Spot Welding,Support,392,321,304,17,73.476,58.5,450,23,33,Tool change,Welding defect,B016,S275,Team B
2025-01-16,Afternoon,WELD_10HEAD,Spot Welding,Support,566,480,457,23,51.166,40.5,450,15,25,Quality issue,Welding defect,B016,S275,Team B
2025-01-16,Afternoon,LATHE_01,Machining,Support,749,706,701,5,35.068,30.6,450,19,18,Material shortage,Dimensional defect,B016,S275,Team B
2025-01-16,Afternoon,INSPECT_01,Inspection,Support,1275,1132,1115,17,20.243,18.0,450,15,53,Operator waiting,Surface defect,B016,S275,Team B
2025-01-16,Afternoon,PACK_01,Packaging,Support,1020,1004,981,23,25.198,22.5,450,16,12,Tool change,Scratch,B016,S275,Team B
2025-01-16,Night,PRESS_600T,Pressing,Support,910,767,748,19,28.69,25.2,450,31,52,Machine failure,Press deformation,B016,S275,Team C
2025-01-16,Night,PRESS_60T,Pressing,Support,708,679,669,10,35.851,32.4,450,34,10,Tool change,Press deformation,B016,S275,Team C
2025-01-16,Night,WELD_01,Spot Welding,Support,392,333,323,10,72.958,58.5,450,20,24,Tool change,Welding defect,B016,S275,Team C
2025-01-16,Night,WELD_10HEAD,Spot Welding,Support,566,395,374,21,56.142,40.5,450,25,55,Maintenance,Welding defect,B016,S275,Team C
2025-01-16,Night,LATHE_01,Machining,Support,749,600,579,21,37.255,30.6,450,29,48,Machine failure,Other,B016,S275,Team C
2025-01-16,Night,INSPECT_01,Inspection,Support,1275,1098,1076,22,22.889,18.0,450,22,9,Tool change,Surface defect,B016,S275,Team C
2025-01-16,Night,PACK_01,Packaging,Support,1020,817,804,13,27.611,22.5,450,29,45,Machine failure,Scratch,B016,S275,Team C
2025-01-17,Morning,PRESS_600T,Pressing,Housing,683,632,618,14,36.119,33.6,450,21,48,Machine failure,Other,B017,S355,Team A
2025-01-17,Morning,PRESS_60T,Pressing,Housing,531,499,491,8,46.047,43.2,450,16,51,Tool change,Press deformation,B017,S355,Team A
2025-01-17,Morning,WELD_01,Spot Welding,Housing,294,272,258,14,92.85,78.0,450,21,7,Quality issue,Welding defect,B017,S355,Team A
2025-01-17,Morning,WELD_10HEAD,Spot Welding,Housing,425,346,321,25,68.955,54.0,450,13,39,Tool change,Welding defect,B017,S355,Team A
2025-01-17,Morning,LATHE_01,Machining,Housing,562,495,488,7,46.29,40.8,450,35,33,Operator waiting,Dimensional defect,B017,S355,Team A
2025-01-17,Morning,INSPECT_01,Inspection,Housing,956,921,910,11,26.903,24.0,450,14,23,Maintenance,Surface defect,B017,S355,Team A
2025-01-17,Morning,PACK_01,Packaging,Housing,765,749,739,10,31.686,30.0,450,24,30,Operator waiting,Other,B017,S355,Team A
2025-01-17,Afternoon,PRESS_600T,Pressing,Housing,683,670,655,15,35.793,33.6,450,16,34,Machine failure,Press deformation,B017,S355,Team B
2025-01-17,Afternoon,PRESS_60T,Pressing,Housing,531,493,481,12,50.111,43.2,450,28,10,Material shortage,Other,B017,S355,Team B
2025-01-17,Afternoon,WELD_01,Spot Welding,Housing,294,274,251,23,89.139,78.0,450,33,9,Machine failure,Welding defect,B017,S355,Team B
2025-01-17,Afternoon,WELD_10HEAD,Spot Welding,Housing,425,364,341,23,64.975,54.0,450,27,28,Tool change,Welding defect,B017,S355,Team B
2025-01-17,Afternoon,LATHE_01,Machining,Housing,562,598,588,10,41.837,40.8,450,25,8,Material shortage,Dimensional defect,B017,S355,Team B
2025-01-17,Afternoon,INSPECT_01,Inspection,Housing,956,815,801,14,26.995,24.0,450,30,53,Machine failure,Surface defect,B017,S355,Team B
2025-01-17,Afternoon,PACK_01,Packaging,Housing,765,727,720,7,31.847,30.0,450,32,32,Tool change,Scratch,B017,S355,Team B
2025-01-17,Night,PRESS_600T,Pressing,Bracket,819,684,669,15,32.882,28.0,450,15,60,Maintenance,Press deformation,B017,S235,Team C
2025-01-17,Night,PRESS_60T,Pressing,Bracket,637,558,538,20,44.565,36.0,450,16,19,Tool change,Press deformation,B017,S235,Team C
2025-01-17,Night,WELD_01,Spot Welding,Bracket,353,245,232,13,90.503,65.0,450,25,55,Tool change,Welding defect,B017,S235,Team C
2025-01-17,Night,WELD_10HEAD,Spot Welding,Bracket,510,399,373,26,62.505,45.0,450,28,6,Maintenance,Other,B017,S235,Team C
2025-01-17,Night,LATHE_01,Machining,Bracket,675,628,611,17,37.803,34.0,450,23,31,Material shortage,Dimensional defect,B017,S235,Team C
2025-01-17,Night,INSPECT_01,Inspection,Bracket,1147,1054,1039,15,23.438,20.0,450,32,6,Quality issue,Surface defect,B017,S235,Team C
2025-01-17,Night,PACK_01,Packaging,Bracket,918,855,830,25,29.939,25.0,450,14,9,Machine failure,Scratch,B017,S235,Team C
2025-01-18,Morning,PRESS_600T,Pressing,Bracket,819,754,752,2,31.416,28.0,450,28,27,Material shortage,Other,B018,S235,Team A
2025-01-18,Morning,PRESS_60T,Pressing,Bracket,637,596,586,10,39.097,36.0,450,18,43,Machine failure,Press deformation,B018,S235,Team A
2025-01-18,Morning,WELD_01,Spot Welding,Bracket,353,297,268,29,80.576,65.0,450,24,26,Tool change,Welding defect,B018,S235,Team A
2025-01-18,Morning,WELD_10HEAD,Spot Welding,Bracket,510,477,458,19,53.569,45.0,450,10,14,Maintenance,Welding defect,B018,S235,Team A
2025-01-18,Morning,LATHE_01,Machining,Bracket,675,642,636,6,34.835,34.0,450,26,51,Tool change,Dimensional defect,B018,S235,Team A
2025-01-18,Morning,INSPECT_01,Inspection,Bracket,1147,1072,1058,14,20.985,20.0,450,20,55,Material shortage,Surface defect,B018,S235,Team A
2025-01-18,Morning,PACK_01,Packaging,Bracket,918,870,860,10,28.394,25.0,450,14,24,Material shortage,Other,B018,S235,Team A
2025-01-18,Afternoon,PRESS_600T,Pressing,Support,910,874,868,6,25.948,25.2,450,19,53,Material shortage,Press deformation,B018,S275,Team B
2025-01-18,Afternoon,PRESS_60T,Pressing,Support,708,757,736,21,33.349,32.4,450,24,5,Tool change,Press deformation,B018,S275,Team B
2025-01-18,Afternoon,WELD_01,Spot Welding,Support,392,295,280,15,75.507,58.5,450,28,50,Machine failure,Welding defect,B018,S275,Team B
2025-01-18,Afternoon,WELD_10HEAD,Spot Welding,Support,566,472,449,23,49.415,40.5,450,11,50,Quality issue,Welding defect,B018,S275,Team B
2025-01-18,Afternoon,LATHE_01,Machining,Support,749,700,684,16,35.009,30.6,450,22,19,Tool change,Dimensional defect,B018,S275,Team B
2025-01-18,Afternoon,INSPECT_01,Inspection,Support,1275,1280,1261,19,19.674,18.0,450,22,8,Machine failure,Surface defect,B018,S275,Team B
2025-01-18,Afternoon,PACK_01,Packaging,Support,1020,978,954,24,23.422,22.5,450,19,49,Tool change,Scratch,B018,S275,Team B
2025-01-18,Night,PRESS_600T,Pressing,Housing,683,567,562,5,36.669,33.6,450,35,68,Material shortage,Other,B018,S355,Team C
2025-01-18,Night,PRESS_60T,Pressing,Housing,531,512,496,16,49.825,43.2,450,17,7,Machine failure,Press deformation,B018,S355,Team C
2025-01-18,Night,WELD_01,Spot Welding,Housing,294,223,215,8,106.795,78.0,450,17,35,Material shortage,Welding defect,B018,S355,Team C
2025-01-18,Night,WELD_10HEAD,Spot Welding,Housing,425,310,293,17,75.477,54.0,450,15,45,Material shortage,Welding defect,B018,S355,Team C
2025-01-18,Night,LATHE_01,Machining,Housing,562,466,452,14,51.094,40.8,450,32,21,Material shortage,Dimensional defect,B018,S355,Team C
2025-01-18,Night,INSPECT_01,Inspection,Housing,956,926,903,23,27.275,24.0,450,19,10,Tool change,Surface defect,B018,S355,Team C
2025-01-18,Night,PACK_01,Packaging,Housing,765,649,637,12,34.848,30.0,450,29,44,Material shortage,Scratch,B018,S355,Team C
2025-01-19,Morning,PRESS_600T,Pressing,Bracket,819,751,739,12,31.376,28.0,450,29,28,Material shortage,Other,B019,S235,Team A
2025-01-19,Morning,PRESS_60T,Pressing,Bracket,637,615,603,12,40.068,36.0,450,31,8,Operator waiting,Press deformation,B019,S235,Team A
2025-01-19,Morning,WELD_01,Spot Welding,Bracket,353,315,298,17,79.813,65.0,450,25,5,Tool change,Welding defect,B019,S235,Team A
2025-01-19,Morning,WELD_10HEAD,Spot Welding,Bracket,510,417,392,25,55.667,45.0,450,15,48,Material shortage,Welding defect,B019,S235,Team A
2025-01-19,Morning,LATHE_01,Machining,Bracket,675,612,605,7,37.239,34.0,450,25,45,Machine failure,Dimensional defect,B019,S235,Team A
2025-01-19,Morning,INSPECT_01,Inspection,Bracket,1147,995,983,12,22.301,20.0,450,26,54,Tool change,Surface defect,B019,S235,Team A
2025-01-19,Morning,PACK_01,Packaging,Bracket,918,800,787,13,27.577,25.0,450,32,50,Machine failure,Other,B019,S235,Team A
2025-01-19,Afternoon,PRESS_600T,Pressing,Support,910,825,818,7,27.538,25.2,450,10,61,Tool change,Press deformation,B019,S275,Team B
2025-01-19,Afternoon,PRESS_60T,Pressing,Support,708,662,653,9,37.331,32.4,450,14,24,Tool change,Press deformation,B019,S275,Team B
2025-01-19,Afternoon,WELD_01,Spot Welding,Support,392,337,314,23,70.005,58.5,450,10,46,Tool change,Welding defect,B019,S275,Team B
2025-01-19,Afternoon,WELD_10HEAD,Spot Welding,Support,566,449,422,27,48.617,40.5,450,33,53,Quality issue,Welding defect,B019,S275,Team B
2025-01-19,Afternoon,LATHE_01,Machining,Support,749,713,697,16,32.119,30.6,450,35,33,Tool change,Dimensional defect,B019,S275,Team B
2025-01-19,Afternoon,INSPECT_01,Inspection,Support,1275,1076,1067,9,20.449,18.0,450,30,53,Operator waiting,Other,B019,S275,Team B
2025-01-19,Afternoon,PACK_01,Packaging,Support,1020,977,961,16,24.973,22.5,450,11,32,Tool change,Scratch,B019,S275,Team B
2025-01-19,Night,PRESS_600T,Pressing,Support,910,860,842,18,27.408,25.2,450,16,41,Tool change,Press deformation,B019,S275,Team C
2025-01-19,Night,PRESS_60T,Pressing,Support,708,558,543,15,40.083,32.4,450,31,46,Quality issue,Other,B019,S275,Team C
2025-01-19,Night,WELD_01,Spot Welding,Support,392,315,304,11,78.433,58.5,450,19,18,Operator waiting,Welding defect,B019,S275,Team C
2025-01-19,Night,WELD_10HEAD,Spot Welding,Support,566,500,470,30,49.286,40.5,450,26,13,Machine failure,Welding defect,B019,S275,Team C
2025-01-19,Night,LATHE_01,Machining,Support,749,631,615,16,35.462,30.6,450,30,47,Machine failure,Dimensional defect,B019,S275,Team C
2025-01-19,Night,INSPECT_01,Inspection,Support,1275,1125,1090,35,21.369,18.0,450,16,33,Tool change,Surface defect,B019,S275,Team C
2025-01-19,Night,PACK_01,Packaging,Support,1020,972,942,30,25.165,22.5,450,24,18,Material shortage,Scratch,B019,S275,Team C
2025-01-20,Morning,PRESS_600T,Pressing,Housing,683,673,664,9,34.466,33.6,450,18,45,Operator waiting,Press deformation,B020,S355,Team A
2025-01-20,Morning,PRESS_60T,Pressing,Housing,531,481,470,11,48.606,43.2,450,27,33,Material shortage,Press deformation,B020,S355,Team A
2025-01-20,Morning,WELD_01,Spot Welding,Housing,294,250,242,8,89.268,78.0,450,30,48,Quality issue,Welding defect,B020,S355,Team A
2025-01-20,Morning,WELD_10HEAD,Spot Welding,Housing,425,404,385,19,60.522,54.0,450,28,14,Tool change,Welding defect,B020,S355,Team A
2025-01-20,Morning,LATHE_01,Machining,Housing,562,538,524,14,46.001,40.8,450,12,25,Tool change,Dimensional defect,B020,S355,Team A
2025-01-20,Morning,INSPECT_01,Inspection,Housing,956,895,874,21,24.778,24.0,450,29,51,Operator waiting,Surface defect,B020,S355,Team A
2025-01-20,Morning,PACK_01,Packaging,Housing,765,701,693,8,32.518,30.0,450,31,39,Tool change,Scratch,B020,S355,Team A
2025-01-20,Afternoon,PRESS_600T,Pressing,Support,910,821,798,23,26.943,25.2,450,16,65,Machine failure,Press deformation,B020,S275,Team B
2025-01-20,Afternoon,PRESS_60T,Pressing,Support,708,703,691,12,35.29,32.4,450,27,9,Quality issue,Other,B020,S275,Team B
2025-01-20,Afternoon,WELD_01,Spot Welding,Support,392,321,300,21,76.747,58.5,450,17,22,Material shortage,Welding defect,B020,S275,Team B
2025-01-20,Afternoon,WELD_10HEAD,Spot Welding,Support,566,469,449,20,48.135,40.5,450,32,41,Tool change,Welding defect,B020,S275,Team B
2025-01-20,Afternoon,LATHE_01,Machining,Support,749,670,659,11,33.912,30.6,450,24,47,Material shortage,Dimensional defect,B020,S275,Team B
2025-01-20,Afternoon,INSPECT_01,Inspection,Support,1275,1272,1242,30,18.86,18.0,450,33,17,Material shortage,Other,B020,S275,Team B
2025-01-20,Afternoon,PACK_01,Packaging,Support,1020,935,912,23,25.727,22.5,450,31,18,Material shortage,Other,B020,S275,Team B
2025-01-20,Night,PRESS_600T,Pressing,Bracket,819,651,633,18,33.502,28.0,450,11,75,Operator waiting,Press deformation,B020,S235,Team C
2025-01-20,Night,PRESS_60T,Pressing,Bracket,637,611,594,17,38.949,36.0,450,20,33,Machine failure,Press deformation,B020,S235,Team C
2025-01-20,Night,WELD_01,Spot Welding,Bracket,353,266,251,15,91.558,65.0,450,14,30,Material shortage,Welding defect,B020,S235,Team C
2025-01-20,Night,WELD_10HEAD,Spot Welding,Bracket,510,416,391,25,57.436,45.0,450,24,27,Material shortage,Other,B020,S235,Team C
2025-01-20,Night,LATHE_01,Machining,Bracket,675,564,551,13,40.251,34.0,450,28,43,Material shortage,Dimensional defect,B020,S235,Team C
2025-01-20,Night,INSPECT_01,Inspection,Bracket,1147,982,962,20,23.08,20.0,450,30,42,Operator waiting,Surface defect,B020,S235,Team C
2025-01-20,Night,PACK_01,Packaging,Bracket,918,729,711,18,32.079,25.0,450,11,49,Tool change,Scratch,B020,S235,Team C
2025-01-21,Morning,PRESS_600T,Pressing,Support,910,761,746,15,27.584,25.2,450,32,68,Material shortage,Press deformation,B021,S275,Team A
2025-01-21,Morning,PRESS_60T,Pressing,Support,708,691,681,10,34.091,32.4,450,27,30,Operator waiting,Press deformation,B021,S275,Team A
2025-01-21,Morning,WELD_01,Spot Welding,Support,392,354,337,17,67.152,58.5,450,33,20,Material shortage,Other,B021,S275,Team A
2025-01-21,Morning,WELD_10HEAD,Spot Welding,Support,566,492,462,30,49.868,40.5,450,16,25,Machine failure,Welding defect,B021,S275,Team A
2025-01-21,Morning,LATHE_01,Machining,Support,749,722,711,11,34.386,30.6,450,10,26,Machine failure,Other,B021,S275,Team A
2025-01-21,Morning,INSPECT_01,Inspection,Support,1275,1211,1191,20,19.113,18.0,450,14,50,Tool change,Surface defect,B021,S275,Team A
2025-01-21,Morning,PACK_01,Packaging,Support,1020,962,942,20,24.618,22.5,450,10,45,Tool change,Other,B021,S275,Team A
2025-01-21,Afternoon,PRESS_600T,Pressing,Bracket,819,749,735,14,31.558,28.0,450,23,33,Tool change,Press deformation,B021,S235,Team B
2025-01-21,Afternoon,PRESS_60T,Pressing,Bracket,637,634,624,10,36.886,36.0,450,30,30,Quality issue,Press deformation,B021,S235,Team B
2025-01-21,Afternoon,WELD_01,Spot Welding,Bracket,353,271,253,18,83.168,65.0,450,24,49,Material shortage,Welding defect,B021,S235,Team B
2025-01-21,Afternoon,WELD_10HEAD,Spot Welding,Bracket,510,399,383,16,58.672,45.0,450,21,38,Tool change,Other,B021,S235,Team B
2025-01-21,Afternoon,LATHE_01,Machining,Bracket,675,633,609,24,37.895,34.0,450,23,27,Tool change,Dimensional defect,B021,S235,Team B
2025-01-21,Afternoon,INSPECT_01,Inspection,Bracket,1147,1124,1102,22,20.537,20.0,450,15,50,Material shortage,Surface defect,B021,S235,Team B
2025-01-21,Afternoon,PACK_01,Packaging,Bracket,918,970,963,7,25.973,25.0,450,12,18,Material shortage,Scratch,B021,S235,Team B
2025-01-21,Night,PRESS_600T,Pressing,Bracket,819,663,644,19,33.624,28.0,450,15,63,Maintenance,Press deformation,B021,S235,Team C
2025-01-21,Night,PRESS_60T,Pressing,Bracket,637,514,500,14,46.079,36.0,450,27,28,Machine failure,Press deformation,B021,S235,Team C
2025-01-21,Night,WELD_01,Spot Welding,Bracket,353,249,235,14,90.918,65.0,450,29,43,Tool change,Welding defect,B021,S235,Team C
2025-01-21,Night,WELD_10HEAD,Spot Welding,Bracket,510,390,376,14,58.872,45.0,450,30,37,Quality issue,Welding defect,B021,S235,Team C
2025-01-21,Night,LATHE_01,Machining,Bracket,675,644,630,14,37.774,34.0,450,18,26,Machine failure,Other,B021,S235,Team C
2025-01-21,Night,INSPECT_01,Inspection,Bracket,1147,1040,1012,28,22.831,20.0,450,11,43,Maintenance,Surface defect,B021,S235,Team C
2025-01-21,Night,PACK_01,Packaging,Bracket,918,874,846,28,28.968,25.0,450,17,11,Material shortage,Scratch,B021,S235,Team C
2025-01-22,Morning,PRESS_600T,Pressing,Bracket,819,779,768,11,30.017,28.0,450,22,38,Machine failure,Press deformation,B022,S235,Team A
2025-01-22,Morning,PRESS_60T,Pressing,Bracket,637,641,632,9,37.776,36.0,450,29,17,Tool change,Press deformation,B022,S235,Team A
2025-01-22,Morning,WELD_01,Spot Welding,Bracket,353,307,288,19,77.743,65.0,450,28,24,Machine failure,Welding defect,B022,S235,Team A
2025-01-22,Morning,WELD_10HEAD,Spot Welding,Bracket,510,405,381,24,56.348,45.0,450,17,52,Material shortage,Welding defect,B022,S235,Team A
2025-01-22,Morning,LATHE_01,Machining,Bracket,675,649,642,7,36.192,34.0,450,27,31,Tool change,Dimensional defect,B022,S235,Team A
2025-01-22,Morning,INSPECT_01,Inspection,Bracket,1147,1019,1007,12,23.006,20.0,450,26,33,Material shortage,Surface defect,B022,S235,Team A
2025-01-22,Morning,PACK_01,Packaging,Bracket,918,953,943,10,25.915,25.0,450,21,17,Machine failure,Scratch,B022,S235,Team A
2025-01-22,Afternoon,PRESS_600T,Pressing,Housing,683,706,695,11,34.712,33.6,450,10,31,Material shortage,Press deformation,B022,S355,Team B
2025-01-22,Afternoon,PRESS_60T,Pressing,Housing,531,495,492,3,49.757,43.2,450,14,25,Tool change,Other,B022,S355,Team B
2025-01-22,Afternoon,WELD_01,Spot Welding,Housing,294,251,241,10,96.881,78.0,450,10,34,Operator waiting,Welding defect,B022,S355,Team B
2025-01-22,Afternoon,WELD_10HEAD,Spot Welding,Housing,425,346,322,24,65.017,54.0,450,26,49,Tool change,Other,B022,S355,Team B
2025-01-22,Afternoon,LATHE_01,Machining,Housing,562,522,515,7,45.322,40.8,450,26,29,Operator waiting,Dimensional defect,B022,S355,Team B
2025-01-22,Afternoon,INSPECT_01,Inspection,Housing,956,948,929,19,24.981,24.0,450,19,36,Material shortage,Surface defect,B022,S355,Team B
2025-01-22,Afternoon,PACK_01,Packaging,Housing,765,659,651,8,34.188,30.0,450,28,46,Operator waiting,Scratch,B022,S355,Team B
2025-01-22,Night,PRESS_600T,Pressing,Bracket,819,722,701,21,31.964,28.0,450,32,33,Material shortage,Press deformation,B022,S235,Team C
2025-01-22,Night,PRESS_60T,Pressing,Bracket,637,569,550,19,41.332,36.0,450,18,40,Material shortage,Press deformation,B022,S235,Team C
2025-01-22,Night,WELD_01,Spot Welding,Bracket,353,311,286,25,77.125,65.0,450,29,21,Tool change,Other,B022,S235,Team C
2025-01-22,Night,WELD_10HEAD,Spot Welding,Bracket,510,429,401,28,56.111,45.0,450,35,13,Operator waiting,Other,B022,S235,Team C
2025-01-22,Night,LATHE_01,Machining,Bracket,675,611,592,19,39.661,34.0,450,34,12,Machine failure,Dimensional defect,B022,S235,Team C
2025-01-22,Night,INSPECT_01,Inspection,Bracket,1147,1068,1036,32,23.688,20.0,450,23,5,Tool change,Surface defect,B022,S235,Team C
2025-01-22,Night,PACK_01,Packaging,Bracket,918,814,790,24,29.24,25.0,450,15,38,Material shortage,Scratch,B022,S235,Team C
2025-01-23,Morning,PRESS_600T,Pressing,Bracket,819,709,703,6,30.965,28.0,450,28,56,Material shortage,Press deformation,B023,S235,Team A
2025-01-23,Morning,PRESS_60T,Pressing,Bracket,637,607,599,8,37.026,36.0,450,32,43,Material shortage,Press deformation,B023,S235,Team A
2025-01-23,Morning,WELD_01,Spot Welding,Bracket,353,298,282,16,76.824,65.0,450,16,52,Material shortage,Welding defect,B023,S235,Team A
2025-01-23,Morning,WELD_10HEAD,Spot Welding,Bracket,510,413,390,23,59.213,45.0,450,31,11,Material shortage,Welding defect,B023,S235,Team A
2025-01-23,Morning,LATHE_01,Machining,Bracket,675,711,695,16,35.082,34.0,450,15,19,Tool change,Dimensional defect,B023,S235,Team A
2025-01-23,Morning,INSPECT_01,Inspection,Bracket,1147,1068,1040,28,21.22,20.0,450,29,43,Material shortage,Surface defect,B023,S235,Team A
2025-01-23,Morning,PACK_01,Packaging,Bracket,918,774,767,7,28.819,25.0,450,29,49,Tool change,Scratch,B023,S235,Team A
2025-01-23,Afternoon,PRESS_600T,Pressing,Support,910,808,795,13,27.377,25.2,450,19,62,Tool change,Press deformation,B023,S275,Team B
2025-01-23,Afternoon,PRESS_60T,Pressing,Support,708,620,608,12,35.781,32.4,450,32,48,Tool change,Press deformation,B023,S275,Team B
2025-01-23,Afternoon,WELD_01,Spot Welding,Support,392,323,304,19,77.049,58.5,450,19,16,Tool change,Welding defect,B023,S275,Team B
2025-01-23,Afternoon,WELD_10HEAD,Spot Welding,Support,566,480,448,32,48.436,40.5,450,25,37,Machine failure,Welding defect,B023,S275,Team B
2025-01-23,Afternoon,LATHE_01,Machining,Support,749,688,669,19,33.187,30.6,450,15,54,Tool change,Other,B023,S275,Team B
2025-01-23,Afternoon,INSPECT_01,Inspection,Support,1275,1257,1228,29,19.994,18.0,450,22,9,Material shortage,Surface defect,B023,S275,Team B
2025-01-23,Afternoon,PACK_01,Packaging,Support,1020,1074,1058,16,23.629,22.5,450,15,12,Machine failure,Scratch,B023,S275,Team B
2025-01-23,Night,PRESS_600T,Pressing,Bracket,819,701,685,16,32.245,28.0,450,32,41,Machine failure,Press deformation,B023,S235,Team C
2025-01-23,Night,PRESS_60T,Pressing,Bracket,637,535,514,21,44.677,36.0,450,19,32,Machine failure,Press deformation,B023,S235,Team C
2025-01-23,Night,WELD_01,Spot Welding,Bracket,353,307,289,18,79.306,65.0,450,35,9,Maintenance,Welding defect,B023,S235,Team C
2025-01-23,Night,WELD_10HEAD,Spot Welding,Bracket,510,424,391,33,55.597,45.0,450,25,32,Quality issue,Other,B023,S235,Team C
2025-01-23,Night,LATHE_01,Machining,Bracket,675,599,593,6,41.851,34.0,450,18,14,Machine failure,Dimensional defect,B023,S235,Team C
2025-01-23,Night,INSPECT_01,Inspection,Bracket,1147,1015,977,38,23.938,20.0,450,32,13,Material shortage,Surface defect,B023,S235,Team C
2025-01-23,Night,PACK_01,Packaging,Bracket,918,804,789,15,29.467,25.0,450,14,41,Material shortage,Scratch,B023,S235,Team C
2025-01-24,Morning,PRESS_600T,Pressing,Housing,683,631,622,9,37.247,33.6,450,10,48,Machine failure,Press deformation,B024,S355,Team A
2025-01-24,Morning,PRESS_60T,Pressing,Housing,531,535,527,8,46.074,43.2,450,26,13,Tool change,Press deformation,B024,S355,Team A
2025-01-24,Morning,WELD_01,Spot Welding,Housing,294,269,248,21,89.37,78.0,450,17,32,Machine failure,Other,B024,S355,Team A
2025-01-24,Morning,WELD_10HEAD,Spot Welding,Housing,425,409,383,26,60.944,54.0,450,24,10,Quality issue,Welding defect,B024,S355,Team A
2025-01-24,Morning,LATHE_01,Machining,Housing,562,541,536,5,43.767,40.8,450,11,44,Operator waiting,Dimensional defect,B024,S355,Team A
2025-01-24,Morning,INSPECT_01,Inspection,Housing,956,869,848,21,26.629,24.0,450,17,47,Quality issue,Surface defect,B024,S355,Team A
2025-01-24,Morning,PACK_01,Packaging,Housing,765,773,765,8,33.114,30.0,450,18,5,Tool change,Scratch,B024,S355,Team A
2025-01-24,Afternoon,PRESS_600T,Pressing,Bracket,819,692,675,17,32.151,28.0,450,11,68,Operator waiting,Press deformation,B024,S235,Team B
2025-01-24,Afternoon,PRESS_60T,Pressing,Bracket,637,652,643,9,39.748,36.0,450,11,7,Tool change,Press deformation,B024,S235,Team B
2025-01-24,Afternoon,WELD_01,Spot Welding,Bracket,353,264,248,16,85.626,65.0,450,28,45,Operator waiting,Welding defect,B024,S235,Team B
2025-01-24,Afternoon,WELD_10HEAD,Spot Welding,Bracket,510,415,405,10,58.203,45.0,450,25,22,Material shortage,Other,B024,S235,Team B
2025-01-24,Afternoon,LATHE_01,Machining,Bracket,675,641,637,4,37.02,34.0,450,11,43,Tool change,Dimensional defect,B024,S235,Team B
2025-01-24,Afternoon,INSPECT_01,Inspection,Bracket,1147,1217,1203,14,20.801,20.0,450,16,12,Tool change,Surface defect,B024,S235,Team B
2025-01-24,Afternoon,PACK_01,Packaging,Bracket,918,840,826,14,27.768,25.0,450,32,29,Tool change,Scratch,B024,S235,Team B
2025-01-24,Night,PRESS_600T,Pressing,Support,910,670,648,22,31.685,25.2,450,24,72,Operator waiting,Press deformation,B024,S275,Team C
2025-01-24,Night,PRESS_60T,Pressing,Support,708,755,743,12,34.406,32.4,450,12,5,Material shortage,Press deformation,B024,S275,Team C
2025-01-24,Night,WELD_01,Spot Welding,Support,392,309,300,9,73.654,58.5,450,35,35,Machine failure,Welding defect,B024,S275,Team C
2025-01-24,Night,WELD_10HEAD,Spot Welding,Support,566,426,405,21,56.439,40.5,450,31,18,Maintenance,Welding defect,B024,S275,Team C
2025-01-24,Night,LATHE_01,Machining,Support,749,682,671,11,36.376,30.6,450,22,14,Material shortage,Dimensional defect,B024,S275,Team C
2025-01-24,Night,INSPECT_01,Inspection,Support,1275,1176,1153,23,21.115,18.0,450,23,13,Machine failure,Other,B024,S275,Team C
2025-01-24,Night,PACK_01,Packaging,Support,1020,847,831,16,27.105,22.5,450,34,33,Machine failure,Other,B024,S275,Team C
2025-01-25,Morning,PRESS_600T,Pressing,Housing,683,583,574,9,38.841,33.6,450,32,40,Machine failure,Press deformation,B025,S355,Team A
2025-01-25,Morning,PRESS_60T,Pressing,Housing,531,549,541,8,44.677,43.2,450,22,19,Tool change,Press deformation,B025,S355,Team A
2025-01-25,Morning,WELD_01,Spot Welding,Housing,294,275,262,13,88.48,78.0,450,30,13,Tool change,Welding defect,B025,S355,Team A
2025-01-25,Morning,WELD_10HEAD,Spot Welding,Housing,425,312,290,22,70.757,54.0,450,28,54,Material shortage,Welding defect,B025,S355,Team A
2025-01-25,Morning,LATHE_01,Machining,Housing,562,500,489,11,45.638,40.8,450,29,40,Material shortage,Dimensional defect,B025,S355,Team A
2025-01-25,Morning,INSPECT_01,Inspection,Housing,956,828,821,7,26.713,24.0,450,28,53,Tool change,Surface defect,B025,S355,Team A
2025-01-25,Morning,PACK_01,Packaging,Housing,765,705,698,7,33.24,30.0,450,12,47,Machine failure,Scratch,B025,S355,Team A
2025-01-25,Afternoon,PRESS_600T,Pressing,Housing,683,588,578,10,36.996,33.6,450,26,61,Operator waiting,Press deformation,B025,S355,Team B
2025-01-25,Afternoon,PRESS_60T,Pressing,Housing,531,493,484,9,46.962,43.2,450,34,30,Machine failure,Press deformation,B025,S355,Team B
2025-01-25,Afternoon,WELD_01,Spot Welding,Housing,294,220,214,6,98.572,78.0,450,32,55,Tool change,Welding defect,B025,S355,Team B
2025-01-25,Afternoon,WELD_10HEAD,Spot Welding,Housing,425,360,338,22,70.561,54.0,450,18,8,Material shortage,Welding defect,B025,S355,Team B
2025-01-25,Afternoon,LATHE_01,Machining,Housing,562,549,546,3,45.828,40.8,450,22,8,Machine failure,Dimensional defect,B025,S355,Team B
2025-01-25,Afternoon,INSPECT_01,Inspection,Housing,956,866,846,20,26.858,24.0,450,35,27,Quality issue,Surface defect,B025,S355,Team B
2025-01-25,Afternoon,PACK_01,Packaging,Housing,765,715,700,15,32.727,30.0,450,12,48,Machine failure,Scratch,B025,S355,Team B
2025-01-25,Night,PRESS_600T,Pressing,Bracket,819,719,700,19,32.26,28.0,450,16,47,Machine failure,Press deformation,B025,S235,Team C
2025-01-25,Night,PRESS_60T,Pressing,Bracket,637,603,587,16,38.681,36.0,450,19,42,Maintenance,Press deformation,B025,S235,Team C
2025-01-25,Night,WELD_01,Spot Welding,Bracket,353,278,269,9,79.462,65.0,450,31,50,Machine failure,Welding defect,B025,S235,Team C
2025-01-25,Night,WELD_10HEAD,Spot Welding,Bracket,510,407,380,27,58.941,45.0,450,30,20,Machine failure,Welding defect,B025,S235,Team C
2025-01-25,Night,LATHE_01,Machining,Bracket,675,626,611,15,39.483,34.0,450,19,19,Material shortage,Dimensional defect,B025,S235,Team C
2025-01-25,Night,INSPECT_01,Inspection,Bracket,1147,1031,1001,30,23.387,20.0,450,25,23,Machine failure,Surface defect,B025,S235,Team C
2025-01-25,Night,PACK_01,Packaging,Bracket,918,770,749,21,30.455,25.0,450,21,38,Operator waiting,Scratch,B025,S235,Team C
2025-01-26,Morning,PRESS_600T,Pressing,Support,910,836,814,22,28.122,25.2,450,23,35,Machine failure,Press deformation,B026,S275,Team A
2025-01-26,Morning,PRESS_60T,Pressing,Support,708,672,663,9,36.217,32.4,450,32,12,Maintenance,Other,B026,S275,Team A
2025-01-26,Morning,WELD_01,Spot Welding,Support,392,368,346,22,66.809,58.5,450,32,8,Tool change,Other,B026,S275,Team A
2025-01-26,Morning,WELD_10HEAD,Spot Welding,Support,566,453,422,31,52.708,40.5,450,21,31,Material shortage,Welding defect,B026,S275,Team A
2025-01-26,Morning,LATHE_01,Machining,Support,749,735,725,10,31.644,30.6,450,32,30,Material shortage,Dimensional defect,B026,S275,Team A
2025-01-26,Morning,INSPECT_01,Inspection,Support,1275,1292,1263,29,18.945,18.0,450,22,20,Tool change,Other,B026,S275,Team A
2025-01-26,Morning,PACK_01,Packaging,Support,1020,961,943,18,24.028,22.5,450,17,48,Tool change,Scratch,B026,S275,Team A
2025-01-26,Afternoon,PRESS_600T,Pressing,Support,910,764,746,18,28.965,25.2,450,12,69,Material shortage,Other,B026,S275,Team B
2025-01-26,Afternoon,PRESS_60T,Pressing,Support,708,702,691,11,33.393,32.4,450,32,27,Machine failure,Press deformation,B026,S275,Team B
2025-01-26,Afternoon,WELD_01,Spot Welding,Support,392,348,338,10,68.609,58.5,450,16,35,Machine failure,Other,B026,S275,Team B
2025-01-26,Afternoon,WELD_10HEAD,Spot Welding,Support,566,487,462,25,50.861,40.5,450,25,12,Quality issue,Welding defect,B026,S275,Team B
2025-01-26,Afternoon,LATHE_01,Machining,Support,749,741,726,15,31.216,30.6,450,18,46,Maintenance,Other,B026,S275,Team B
2025-01-26,Afternoon,INSPECT_01,Inspection,Support,1275,1339,1311,28,18.412,18.0,450,24,15,Maintenance,Surface defect,B026,S275,Team B
2025-01-26,Afternoon,PACK_01,Packaging,Support,1020,931,909,22,25.317,22.5,450,33,24,Machine failure,Scratch,B026,S275,Team B
2025-01-26,Night,PRESS_600T,Pressing,Bracket,819,641,626,15,32.344,28.0,450,30,74,Material shortage,Press deformation,B026,S235,Team C
2025-01-26,Night,PRESS_60T,Pressing,Bracket,637,486,474,12,46.048,36.0,450,30,47,Material shortage,Other,B026,S235,Team C
2025-01-26,Night,WELD_01,Spot Welding,Bracket,353,258,239,19,89.048,65.0,450,33,33,Tool change,Welding defect,B026,S235,Team C
2025-01-26,Night,WELD_10HEAD,Spot Welding,Bracket,510,426,405,21,55.944,45.0,450,17,35,Maintenance,Welding defect,B026,S235,Team C
2025-01-26,Night,LATHE_01,Machining,Bracket,675,557,544,13,40.711,34.0,450,29,43,Tool change,Dimensional defect,B026,S235,Team C
2025-01-26,Night,INSPECT_01,Inspection,Bracket,1147,951,921,30,23.58,20.0,450,35,41,Machine failure,Other,B026,S235,Team C
2025-01-26,Night,PACK_01,Packaging,Bracket,918,711,686,25,32.372,25.0,450,25,41,Material shortage,Scratch,B026,S235,Team C
2025-01-27,Morning,PRESS_600T,Pressing,Bracket,819,705,694,11,30.602,28.0,450,24,66,Machine failure,Press deformation,B027,S235,Team A
2025-01-27,Morning,PRESS_60T,Pressing,Bracket,637,589,579,10,37.267,36.0,450,29,55,Material shortage,Press deformation,B027,S235,Team A
2025-01-27,Morning,WELD_01,Spot Welding,Bracket,353,284,269,15,78.955,65.0,450,21,54,Maintenance,Welding defect,B027,S235,Team A
2025-01-27,Morning,WELD_10HEAD,Spot Welding,Bracket,510,462,433,29,51.79,45.0,450,10,41,Material shortage,Other,B027,S235,Team A
2025-01-27,Morning,LATHE_01,Machining,Bracket,675,658,647,11,36.251,34.0,450,25,27,Operator waiting,Dimensional defect,B027,S235,Team A
2025-01-27,Morning,INSPECT_01,Inspection,Bracket,1147,1099,1081,18,22.818,20.0,450,15,17,Material shortage,Surface defect,B027,S235,Team A
2025-01-27,Morning,PACK_01,Packaging,Bracket,918,905,882,23,27.244,25.0,450,32,7,Material shortage,Scratch,B027,S235,Team A
2025-01-27,Afternoon,PRESS_600T,Pressing,Support,910,778,762,16,28.895,25.2,450,25,50,Maintenance,Other,B027,S275,Team B
2025-01-27,Afternoon,PRESS_60T,Pressing,Support,708,669,657,12,36.846,32.4,450,10,29,Tool change,Press deformation,B027,S275,Team B
2025-01-27,Afternoon,WELD_01,Spot Welding,Support,392,337,316,21,69.291,58.5,450,33,27,Tool change,Welding defect,B027,S275,Team B
2025-01-27,Afternoon,WELD_10HEAD,Spot Welding,Support,566,498,471,27,51.562,40.5,450,14,8,Material shortage,Other,B027,S275,Team B
2025-01-27,Afternoon,LATHE_01,Machining,Support,749,678,664,14,32.885,30.6,450,33,45,Machine failure,Other,B027,S275,Team B
2025-01-27,Afternoon,INSPECT_01,Inspection,Support,1275,1229,1221,8,20.391,18.0,450,11,21,Operator waiting,Other,B027,S275,Team B
2025-01-27,Afternoon,PACK_01,Packaging,Support,1020,857,845,12,25.947,22.5,450,29,50,Tool change,Scratch,B027,S275,Team B
2025-01-27,Night,PRESS_600T,Pressing,Support,910,873,859,14,26.655,25.2,450,15,47,Tool change,Press deformation,B027,S275,Team C
2025-01-27,Night,PRESS_60T,Pressing,Support,708,587,570,17,39.947,32.4,450,34,25,Machine failure,Press deformation,B027,S275,Team C
2025-01-27,Night,WELD_01,Spot Welding,Support,392,280,265,15,82.337,58.5,450,18,47,Quality issue,Welding defect,B027,S275,Team C
2025-01-27,Night,WELD_10HEAD,Spot Welding,Support,566,434,412,22,56.608,40.5,450,18,22,Tool change,Other,B027,S275,Team C
2025-01-27,Night,LATHE_01,Machining,Support,749,662,647,15,35.768,30.6,450,24,31,Tool change,Other,B027,S275,Team C
2025-01-27,Night,INSPECT_01,Inspection,Support,1275,1216,1178,38,19.482,18.0,450,25,30,Maintenance,Surface defect,B027,S275,Team C
2025-01-27,Night,PACK_01,Packaging,Support,1020,928,912,16,26.498,22.5,450,23,17,Machine failure,Scratch,B027,S275,Team C
2025-01-28,Morning,PRESS_600T,Pressing,Housing,683,657,650,7,34.662,33.6,450,29,41,Quality issue,Press deformation,B028,S355,Team A
2025-01-28,Morning,PRESS_60T,Pressing,Housing,531,508,495,13,49.558,43.2,450,15,15,Tool change,Press deformation,B028,S355,Team A
2025-01-28,Morning,WELD_01,Spot Welding,Housing,294,279,264,15,89.366,78.0,450,18,15,Machine failure,Welding defect,B028,S355,Team A
2025-01-28,Morning,WELD_10HEAD,Spot Welding,Housing,425,374,347,27,64.215,54.0,450,29,20,Machine failure,Welding defect,B028,S355,Team A
2025-01-28,Morning,LATHE_01,Machining,Housing,562,592,583,9,41.921,40.8,450,17,19,Machine failure,Dimensional defect,B028,S355,Team A
2025-01-28,Morning,INSPECT_01,Inspection,Housing,956,1025,1003,22,24.798,24.0,450,12,14,Material shortage,Surface defect,B028,S355,Team A
2025-01-28,Morning,PACK_01,Packaging,Housing,765,755,746,9,33.121,30.0,450,27,6,Maintenance,Scratch,B028,S355,Team A
2025-01-28,Afternoon,PRESS_600T,Pressing,Bracket,819,791,774,17,28.657,28.0,450,17,55,Machine failure,Press deformation,B028,S235,Team B
2025-01-28,Afternoon,PRESS_60T,Pressing,Bracket,637,622,616,6,37.027,36.0,450,11,55,Material shortage,Press deformation,B028,S235,Team B
2025-01-28,Afternoon,WELD_01,Spot Welding,Bracket,353,266,241,25,84.079,65.0,450,27,49,Maintenance,Other,B028,S235,Team B
2025-01-28,Afternoon,WELD_10HEAD,Spot Welding,Bracket,510,390,361,29,56.972,45.0,450,29,50,Material shortage,Welding defect,B028,S235,Team B
2025-01-28,Afternoon,LATHE_01,Machining,Bracket,675,597,584,13,38.731,34.0,450,31,33,Maintenance,Other,B028,S235,Team B
2025-01-28,Afternoon,INSPECT_01,Inspection,Bracket,1147,1047,1017,30,22.387,20.0,450,23,36,Quality issue,Surface defect,B028,S235,Team B
2025-01-28,Afternoon,PACK_01,Packaging,Bracket,918,910,891,19,26.086,25.0,450,16,38,Material shortage,Scratch,B028,S235,Team B
2025-01-28,Night,PRESS_600T,Pressing,Housing,683,609,591,18,36.699,33.6,450,30,47,Tool change,Press deformation,B028,S355,Team C
2025-01-28,Night,PRESS_60T,Pressing,Housing,531,483,477,6,51.833,43.2,450,15,17,Material shortage,Press deformation,B028,S355,Team C
2025-01-28,Night,WELD_01,Spot Welding,Housing,294,237,226,11,99.386,78.0,450,14,43,Operator waiting,Welding defect,B028,S355,Team C
2025-01-28,Night,WELD_10HEAD,Spot Welding,Housing,425,349,336,13,65.663,54.0,450,13,55,Maintenance,Welding defect,B028,S355,Team C
2025-01-28,Night,LATHE_01,Machining,Housing,562,502,479,23,49.301,40.8,450,15,22,Material shortage,Other,B028,S355,Team C
2025-01-28,Night,INSPECT_01,Inspection,Housing,956,802,785,17,28.64,24.0,450,22,45,Operator waiting,Surface defect,B028,S355,Team C
2025-01-28,Night,PACK_01,Packaging,Housing,765,636,614,22,35.933,30.0,450,22,47,Operator waiting,Scratch,B028,S355,Team C
2025-01-29,Morning,PRESS_600T,Pressing,Support,910,849,843,6,26.486,25.2,450,19,56,Tool change,Press deformation,B029,S275,Team A
2025-01-29,Morning,PRESS_60T,Pressing,Support,708,685,671,14,35.991,32.4,450,28,11,Machine failure,Press deformation,B029,S275,Team A
2025-01-29,Morning,WELD_01,Spot Welding,Support,392,352,343,9,69.175,58.5,450,26,18,Tool change,Welding defect,B029,S275,Team A
2025-01-29,Morning,WELD_10HEAD,Spot Welding,Support,566,442,416,26,52.939,40.5,450,15,45,Tool change,Welding defect,B029,S275,Team A
2025-01-29,Morning,LATHE_01,Machining,Support,749,740,729,11,33.058,30.6,450,26,16,Machine failure,Dimensional defect,B029,S275,Team A
2025-01-29,Morning,INSPECT_01,Inspection,Support,1275,1164,1141,23,20.297,18.0,450,11,45,Tool change,Surface defect,B029,S275,Team A
2025-01-29,Morning,PACK_01,Packaging,Support,1020,998,977,21,23.803,22.5,450,31,23,Material shortage,Scratch,B029,S275,Team A
2025-01-29,Afternoon,PRESS_600T,Pressing,Housing,683,619,610,9,36.218,33.6,450,20,56,Machine failure,Press deformation,B029,S355,Team B
2025-01-29,Afternoon,PRESS_60T,Pressing,Housing,531,500,492,8,48.872,43.2,450,35,7,Material shortage,Press deformation,B029,S355,Team B
2025-01-29,Afternoon,WELD_01,Spot Welding,Housing,294,236,222,14,102.322,78.0,450,11,36,Material shortage,Welding defect,B029,S355,Team B
2025-01-29,Afternoon,WELD_10HEAD,Spot Welding,Housing,425,387,370,17,65.059,54.0,450,11,19,Machine failure,Welding defect,B029,S355,Team B
2025-01-29,Afternoon,LATHE_01,Machining,Housing,562,542,532,10,46.21,40.8,450,16,16,Tool change,Dimensional defect,B029,S355,Team B
2025-01-29,Afternoon,INSPECT_01,Inspection,Housing,956,926,906,20,26.751,24.0,450,31,6,Machine failure,Surface defect,B029,S355,Team B
2025-01-29,Afternoon,PACK_01,Packaging,Housing,765,762,750,12,33.204,30.0,450,10,18,Tool change,Scratch,B029,S355,Team B
2025-01-29,Night,PRESS_600T,Pressing,Support,910,830,814,16,27.668,25.2,450,13,54,Machine failure,Press deformation,B029,S275,Team C
2025-01-29,Night,PRESS_60T,Pressing,Support,708,594,582,12,38.732,32.4,450,35,31,Operator waiting,Other,B029,S275,Team C
2025-01-29,Night,WELD_01,Spot Welding,Support,392,314,295,19,70.671,58.5,450,33,47,Material shortage,Other,B029,S275,Team C
2025-01-29,Night,WELD_10HEAD,Spot Welding,Support,566,430,411,19,50.634,40.5,450,34,53,Tool change,Other,B029,S275,Team C
2025-01-29,Night,LATHE_01,Machining,Support,749,644,623,21,35.471,30.6,450,26,43,Quality issue,Dimensional defect,B029,S275,Team C
2025-01-29,Night,INSPECT_01,Inspection,Support,1275,1089,1064,25,21.033,18.0,450,28,40,Machine failure,Surface defect,B029,S275,Team C
2025-01-29,Night,PACK_01,Packaging,Support,1020,828,807,21,26.643,22.5,450,31,51,Machine failure,Other,B029,S275,Team C
2025-01-30,Morning,PRESS_600T,Pressing,Housing,683,656,641,15,36.907,33.6,450,11,35,Tool change,Other,B030,S355,Team A
2025-01-30,Morning,PRESS_60T,Pressing,Housing,531,494,490,4,47.609,43.2,450,26,32,Material shortage,Press deformation,B030,S355,Team A
2025-01-30,Morning,WELD_01,Spot Welding,Housing,294,250,241,9,97.486,78.0,450,21,22,Tool change,Welding defect,B030,S355,Team A
2025-01-30,Morning,WELD_10HEAD,Spot Welding,Housing,425,362,340,22,67.05,54.0,450,31,14,Tool change,Welding defect,B030,S355,Team A
2025-01-30,Morning,LATHE_01,Machining,Housing,562,511,497,14,43.303,40.8,450,32,49,Operator waiting,Dimensional defect,B030,S355,Team A
2025-01-30,Morning,INSPECT_01,Inspection,Housing,956,974,942,32,26.474,24.0,450,12,8,Tool change,Surface defect,B030,S355,Team A
2025-01-30,Morning,PACK_01,Packaging,Housing,765,791,777,14,31.145,30.0,450,18,21,Machine failure,Scratch,B030,S355,Team A
2025-01-30,Afternoon,PRESS_600T,Pressing,Housing,683,611,599,12,36.305,33.6,450,22,58,Tool change,Press deformation,B030,S355,Team B
2025-01-30,Afternoon,PRESS_60T,Pressing,Housing,531,532,529,3,44.526,43.2,450,14,41,Tool change,Press deformation,B030,S355,Team B
2025-01-30,Afternoon,WELD_01,Spot Welding,Housing,294,257,243,14,88.723,78.0,450,15,54,Tool change,Welding defect,B030,S355,Team B
2025-01-30,Afternoon,WELD_10HEAD,Spot Welding,Housing,425,389,358,31,62.857,54.0,450,26,16,Operator waiting,Other,B030,S355,Team B
2025-01-30,Afternoon,LATHE_01,Machining,Housing,562,580,574,6,42.077,40.8,450,11,32,Tool change,Dimensional defect,B030,S355,Team B
2025-01-30,Afternoon,INSPECT_01,Inspection,Housing,956,892,879,13,25.621,24.0,450,21,48,Machine failure,Other,B030,S355,Team B
2025-01-30,Afternoon,PACK_01,Packaging,Housing,765,735,726,9,32.861,30.0,450,21,26,Tool change,Scratch,B030,S355,Team B
2025-01-30,Night,PRESS_600T,Pressing,Bracket,819,737,722,15,30.733,28.0,450,16,56,Material shortage,Press deformation,B030,S235,Team C
2025-01-30,Night,PRESS_60T,Pressing,Bracket,637,608,594,14,40.101,36.0,450,26,17,Tool change,Press deformation,B030,S235,Team C
2025-01-30,Night,WELD_01,Spot Welding,Bracket,353,246,229,17,91.84,65.0,450,21,51,Material shortage,Other,B030,S235,Team C
2025-01-30,Night,WELD_10HEAD,Spot Welding,Bracket,510,413,394,19,57.954,45.0,450,20,31,Machine failure,Welding defect,B030,S235,Team C
2025-01-30,Night,LATHE_01,Machining,Bracket,675,549,534,15,40.515,34.0,450,31,48,Tool change,Other,B030,S235,Team C
2025-01-30,Night,INSPECT_01,Inspection,Bracket,1147,1063,1042,21,22.107,20.0,450,29,29,Material shortage,Other,B030,S235,Team C
2025-01-30,Night,PACK_01,Packaging,Bracket,918,814,785,29,29.261,25.0,450,14,39,Machine failure,Other,B030,S235,Team C
2025-01-31,Morning,PRESS_600T,Pressing,Bracket,819,712,701,11,32.35,28.0,450,20,46,Material shortage,Press deformation,B031,S235,Team A
2025-01-31,Morning,PRESS_60T,Pressing,Bracket,637,643,625,18,38.138,36.0,450,30,11,Tool change,Press deformation,B031,S235,Team A
2025-01-31,Morning,WELD_01,Spot Welding,Bracket,353,302,294,8,78.256,65.0,450,30,25,Machine failure,Welding defect,B031,S235,Team A
2025-01-31,Morning,WELD_10HEAD,Spot Welding,Bracket,510,459,437,22,51.806,45.0,450,26,27,Machine failure,Welding defect,B031,S235,Team A
2025-01-31,Morning,LATHE_01,Machining,Bracket,675,670,654,16,37.251,34.0,450,24,10,Material shortage,Dimensional defect,B031,S235,Team A
2025-01-31,Morning,INSPECT_01,Inspection,Bracket,1147,1140,1111,29,20.683,20.0,450,18,39,Tool change,Surface defect,B031,S235,Team A
2025-01-31,Morning,PACK_01,Packaging,Bracket,918,916,896,20,27.569,25.0,450,14,15,Quality issue,Scratch,B031,S235,Team A
2025-01-31,Afternoon,PRESS_600T,Pressing,Bracket,819,716,701,15,30.754,28.0,450,25,58,Tool change,Press deformation,B031,S235,Team B
2025-01-31,Afternoon,PRESS_60T,Pressing,Bracket,637,576,567,9,41.333,36.0,450,11,42,Quality issue,Press deformation,B031,S235,Team B
2025-01-31,Afternoon,WELD_01,Spot Welding,Bracket,353,286,271,15,82.782,65.0,450,25,30,Quality issue,Welding defect,B031,S235,Team B
2025-01-31,Afternoon,WELD_10HEAD,Spot Welding,Bracket,510,405,376,29,58.959,45.0,450,23,29,Machine failure,Other,B031,S235,Team B
2025-01-31,Afternoon,LATHE_01,Machining,Bracket,675,667,653,14,37.149,34.0,450,25,12,Quality issue,Dimensional defect,B031,S235,Team B
2025-01-31,Afternoon,INSPECT_01,Inspection,Bracket,1147,1066,1047,19,21.597,20.0,450,30,36,Tool change,Surface defect,B031,S235,Team B
2025-01-31,Afternoon,PACK_01,Packaging,Bracket,918,836,819,17,27.982,25.0,450,12,48,Material shortage,Scratch,B031,S235,Team B
2025-01-31,Night,PRESS_600T,Pressing,Bracket,819,754,734,20,30.225,28.0,450,19,51,Machine failure,Press deformation,B031,S235,Team C
2025-01-31,Night,PRESS_60T,Pressing,Bracket,637,572,566,6,41.695,36.0,450,22,30,Quality issue,Press deformation,B031,S235,Team C
2025-01-31,Night,WELD_01,Spot Welding,Bracket,353,287,267,20,80.881,65.0,450,23,39,Machine failure,Welding defect,B031,S235,Team C
2025-01-31,Night,WELD_10HEAD,Spot Welding,Bracket,510,473,445,28,53.657,45.0,450,21,6,Operator waiting,Welding defect,B031,S235,Team C
2025-01-31,Night,LATHE_01,Machining,Bracket,675,621,604,17,39.984,34.0,450,16,20,Operator waiting,Dimensional defect,B031,S235,Team C
2025-01-31,Night,INSPECT_01,Inspection,Bracket,1147,975,949,26,23.138,20.0,450,35,39,Operator waiting,Other,B031,S235,Team C
2025-01-31,Night,PACK_01,Packaging,Bracket,918,852,837,15,26.678,25.0,450,33,38,Material shortage,Scratch,B031,S235,Team C
2025-02-01,Morning,PRESS_600T,Pressing,Bracket,819,724,715,9,29.657,28.0,450,25,67,Quality issue,Press deformation,B032,S235,Team A
2025-02-01,Morning,PRESS_60T,Pressing,Bracket,637,646,636,10,37.753,36.0,450,33,10,Material shortage,Press deformation,B032,S235,Team A
2025-02-01,Morning,WELD_01,Spot Welding,Bracket,353,298,285,13,75.271,65.0,450,33,43,Tool change,Welding defect,B032,S235,Team A
2025-02-01,Morning,WELD_10HEAD,Spot Welding,Bracket,510,452,430,22,54.444,45.0,450,16,23,Tool change,Welding defect,B032,S235,Team A
2025-02-01,Morning,LATHE_01,Machining,Bracket,675,646,636,10,39.325,34.0,450,18,8,Tool change,Dimensional defect,B032,S235,Team A
2025-02-01,Morning,INSPECT_01,Inspection,Bracket,1147,1187,1158,29,21.012,20.0,450,22,12,Tool change,Surface defect,B032,S235,Team A
2025-02-01,Morning,PACK_01,Packaging,Bracket,918,854,843,11,28.917,25.0,450,20,18,Maintenance,Scratch,B032,S235,Team A
2025-02-01,Afternoon,PRESS_600T,Pressing,Housing,683,605,593,12,38.356,33.6,450,14,49,Maintenance,Other,B032,S355,Team B
2025-02-01,Afternoon,PRESS_60T,Pressing,Housing,531,534,525,9,47.141,43.2,450,19,11,Quality issue,Press deformation,B032,S355,Team B
2025-02-01,Afternoon,WELD_01,Spot Welding,Housing,294,224,216,8,99.843,78.0,450,22,54,Tool change,Welding defect,B032,S355,Team B
2025-02-01,Afternoon,WELD_10HEAD,Spot Welding,Housing,425,421,402,19,61.243,54.0,450,15,5,Operator waiting,Welding defect,B032,S355,Team B
2025-02-01,Afternoon,LATHE_01,Machining,Housing,562,493,484,9,46.686,40.8,450,32,34,Material shortage,Dimensional defect,B032,S355,Team B
2025-02-01,Afternoon,INSPECT_01,Inspection,Housing,956,870,848,22,27.22,24.0,450,34,21,Operator waiting,Surface defect,B032,S355,Team B
2025-02-01,Afternoon,PACK_01,Packaging,Housing,765,734,729,5,34.222,30.0,450,20,11,Machine failure,Other,B032,S355,Team B
2025-02-01,Night,PRESS_600T,Pressing,Support,910,790,771,19,28.7,25.2,450,33,39,Tool change,Other,B032,S275,Team C
2025-02-01,Night,PRESS_60T,Pressing,Support,708,626,605,21,38.664,32.4,450,34,12,Tool change,Press deformation,B032,S275,Team C
2025-02-01,Night,WELD_01,Spot Welding,Support,392,323,305,18,79.275,58.5,450,15,8,Material shortage,Welding defect,B032,S275,Team C
2025-02-01,Night,WELD_10HEAD,Spot Welding,Support,566,441,414,27,53.461,40.5,450,17,40,Tool change,Welding defect,B032,S275,Team C
2025-02-01,Night,LATHE_01,Machining,Support,749,648,631,17,36.75,30.6,450,20,33,Maintenance,Dimensional defect,B032,S275,Team C
2025-02-01,Night,INSPECT_01,Inspection,Support,1275,1118,1084,34,20.066,18.0,450,30,46,Material shortage,Surface defect,B032,S275,Team C
2025-02-01,Night,PACK_01,Packaging,Support,1020,836,814,22,28.531,22.5,450,10,42,Tool change,Scratch,B032,S275,Team C
2025-02-02,Morning,PRESS_600T,Pressing,Bracket,819,754,746,8,28.631,28.0,450,31,59,Maintenance,Press deformation,B033,S235,Team A
2025-02-02,Morning,PRESS_60T,Pressing,Bracket,637,657,646,11,39.585,36.0,450,11,5,Operator waiting,Press deformation,B033,S235,Team A
2025-02-02,Morning,WELD_01,Spot Welding,Bracket,353,308,294,14,79.555,65.0,450,13,28,Tool change,Welding defect,B033,S235,Team A
2025-02-02,Morning,WELD_10HEAD,Spot Welding,Bracket,510,394,364,30,58.432,45.0,450,32,34,Machine failure,Welding defect,B033,S235,Team A
2025-02-02,Morning,LATHE_01,Machining,Bracket,675,674,660,14,35.836,34.0,450,11,36,Operator waiting,Dimensional defect,B033,S235,Team A
2025-02-02,Morning,INSPECT_01,Inspection,Bracket,1147,1065,1050,15,21.731,20.0,450,29,35,Machine failure,Surface defect,B033,S235,Team A
2025-02-02,Morning,PACK_01,Packaging,Bracket,918,852,841,11,27.292,25.0,450,13,49,Tool change,Scratch,B033,S235,Team A
2025-02-02,Afternoon,PRESS_600T,Pressing,Bracket,819,725,717,8,32.073,28.0,450,28,34,Machine failure,Press deformation,B033,S235,Team B
2025-02-02,Afternoon,PRESS_60T,Pressing,Bracket,637,594,582,12,40.964,36.0,450,15,29,Tool change,Press deformation,B033,S235,Team B
2025-02-02,Afternoon,WELD_01,Spot Welding,Bracket,353,320,302,18,75.413,65.0,450,13,34,Material shortage,Welding defect,B033,S235,Team B
2025-02-02,Afternoon,WELD_10HEAD,Spot Welding,Bracket,510,460,439,21,52.023,45.0,450,24,27,Maintenance,Welding defect,B033,S235,Team B
2025-02-02,Afternoon,LATHE_01,Machining,Bracket,675,650,641,9,34.772,34.0,450,30,43,Material shortage,Other,B033,S235,Team B
2025-02-02,Afternoon,INSPECT_01,Inspection,Bracket,1147,1060,1048,12,22.85,20.0,450,22,24,Tool change,Surface defect,B033,S235,Team B
2025-02-02,Afternoon,PACK_01,Packaging,Bracket,918,961,940,21,26.4,25.0,450,15,12,Tool change,Scratch,B033,S235,Team B
2025-02-02,Night,PRESS_600T,Pressing,Support,910,811,794,17,28.7,25.2,450,23,39,Machine failure,Press deformation,B033,S275,Team C
2025-02-02,Night,PRESS_60T,Pressing,Support,708,686,666,20,34.886,32.4,450,17,34,Quality issue,Press deformation,B033,S275,Team C
2025-02-02,Night,WELD_01,Spot Welding,Support,392,298,284,14,79.146,58.5,450,13,43,Machine failure,Welding defect,B033,S275,Team C
2025-02-02,Night,WELD_10HEAD,Spot Welding,Support,566,423,401,22,57.713,40.5,450,24,19,Machine failure,Welding defect,B033,S275,Team C
2025-02-02,Night,LATHE_01,Machining,Support,749,707,683,24,35.004,30.6,450,18,19,Material shortage,Dimensional defect,B033,S275,Team C
2025-02-02,Night,INSPECT_01,Inspection,Support,1275,1205,1179,26,20.357,18.0,450,24,17,Machine failure,Surface defect,B033,S275,Team C
2025-02-02,Night,PACK_01,Packaging,Support,1020,911,897,14,26.926,22.5,450,18,23,Material shortage,Other,B033,S275,Team C
2025-02-03,Morning,PRESS_600T,Pressing,Bracket,819,710,699,11,32.11,28.0,450,33,37,Tool change,Press deformation,B034,S235,Team A
2025-02-03,Morning,PRESS_60T,Pressing,Bracket,637,608,597,11,39.423,36.0,450,12,38,Operator waiting,Press deformation,B034,S235,Team A
2025-02-03,Morning,WELD_01,Spot Welding,Bracket,353,275,258,17,83.075,65.0,450,32,37,Machine failure,Welding defect,B034,S235,Team A
2025-02-03,Morning,WELD_10HEAD,Spot Welding,Bracket,510,482,456,26,52.995,45.0,450,14,10,Quality issue,Other,B034,S235,Team A
2025-02-03,Morning,LATHE_01,Machining,Bracket,675,685,675,10,35.972,34.0,450,29,10,Material shortage,Other,B034,S235,Team A
2025-02-03,Morning,INSPECT_01,Inspection,Bracket,1147,1155,1134,21,20.453,20.0,450,12,44,Material shortage,Surface defect,B034,S235,Team A
2025-02-03,Morning,PACK_01,Packaging,Bracket,918,899,885,14,26.941,25.0,450,21,25,Machine failure,Scratch,B034,S235,Team A
2025-02-03,Afternoon,PRESS_600T,Pressing,Support,910,824,816,8,26.134,25.2,450,23,68,Machine failure,Press deformation,B034,S275,Team B
2025-02-03,Afternoon,PRESS_60T,Pressing,Support,708,670,663,7,34.161,32.4,450,32,36,Maintenance,Other,B034,S275,Team B
2025-02-03,Afternoon,WELD_01,Spot Welding,Support,392,329,309,20,72.047,58.5,450,29,25,Tool change,Welding defect,B034,S275,Team B
2025-02-03,Afternoon,WELD_10HEAD,Spot Welding,Support,566,478,452,26,47.929,40.5,450,29,39,Material shortage,Welding defect,B034,S275,Team B
2025-02-03,Afternoon,LATHE_01,Machining,Support,749,711,704,7,34.921,30.6,450,30,6,Tool change,Dimensional defect,B034,S275,Team B
2025-02-03,Afternoon,INSPECT_01,Inspection,Support,1275,1215,1199,16,19.604,18.0,450,27,26,Operator waiting,Surface defect,B034,S275,Team B
2025-02-03,Afternoon,PACK_01,Packaging,Support,1020,1016,1003,13,23.844,22.5,450,35,11,Tool change,Scratch,B034,S275,Team B
2025-02-03,Night,PRESS_600T,Pressing,Support,910,760,747,13,31.168,25.2,450,18,37,Material shortage,Other,B034,S275,Team C
2025-02-03,Night,PRESS_60T,Pressing,Support,708,626,613,13,38.103,32.4,450,35,17,Maintenance,Press deformation,B034,S275,Team C
2025-02-03,Night,WELD_01,Spot Welding,Support,392,310,294,16,75.558,58.5,450,26,33,Machine failure,Other,B034,S275,Team C
2025-02-03,Night,WELD_10HEAD,Spot Welding,Support,566,456,436,20,53.207,40.5,450,31,14,Material shortage,Welding defect,B034,S275,Team C
2025-02-03,Night,LATHE_01,Machining,Support,749,573,557,16,38.495,30.6,450,34,48,Operator waiting,Dimensional defect,B034,S275,Team C
2025-02-03,Night,INSPECT_01,Inspection,Support,1275,1136,1102,34,20.386,18.0,450,14,50,Operator waiting,Surface defect,B034,S275,Team C
2025-02-03,Night,PACK_01,Packaging,Support,1020,989,956,33,25.517,22.5,450,15,14,Operator waiting,Scratch,B034,S275,Team C
2025-02-04,Morning,PRESS_600T,Pressing,Housing,683,562,558,4,38.304,33.6,450,28,63,Operator waiting,Other,B035,S355,Team A
2025-02-04,Morning,PRESS_60T,Pressing,Housing,531,505,498,7,48.147,43.2,450,18,26,Machine failure,Press deformation,B035,S355,Team A
2025-02-04,Morning,WELD_01,Spot Welding,Housing,294,256,245,11,94.327,78.0,450,17,29,Operator waiting,Welding defect,B035,S355,Team A
2025-02-04,Morning,WELD_10HEAD,Spot Welding,Housing,425,364,340,24,61.66,54.0,450,24,51,Machine failure,Welding defect,B035,S355,Team A
2025-02-04,Morning,LATHE_01,Machining,Housing,562,560,552,8,43.175,40.8,450,33,14,Tool change,Dimensional defect,B035,S355,Team A
2025-02-04,Morning,INSPECT_01,Inspection,Housing,956,892,878,14,25.624,24.0,450,16,53,Tool change,Surface defect,B035,S355,Team A
2025-02-04,Morning,PACK_01,Packaging,Housing,765,787,781,6,32.59,30.0,450,11,11,Operator waiting,Other,B035,S355,Team A
2025-02-04,Afternoon,PRESS_600T,Pressing,Bracket,819,808,791,17,29.775,28.0,450,14,35,Maintenance,Press deformation,B035,S235,Team B
2025-02-04,Afternoon,PRESS_60T,Pressing,Bracket,637,636,617,19,38.82,36.0,450,27,11,Tool change,Press deformation,B035,S235,Team B
2025-02-04,Afternoon,WELD_01,Spot Welding,Bracket,353,306,289,17,81.72,65.0,450,21,12,Tool change,Welding defect,B035,S235,Team B
2025-02-04,Afternoon,WELD_10HEAD,Spot Welding,Bracket,510,429,402,27,57.698,45.0,450,12,25,Machine failure,Welding defect,B035,S235,Team B
2025-02-04,Afternoon,LATHE_01,Machining,Bracket,675,704,693,11,34.846,34.0,450,21,20,Tool change,Dimensional defect,B035,S235,Team B
2025-02-04,Afternoon,INSPECT_01,Inspection,Bracket,1147,1219,1182,37,20.617,20.0,450,20,11,Tool change,Surface defect,B035,S235,Team B
2025-02-04,Afternoon,PACK_01,Packaging,Bracket,918,807,797,10,28.989,25.0,450,18,42,Machine failure,Other,B035,S235,Team B
2025-02-04,Night,PRESS_600T,Pressing,Support,910,813,790,23,29.269,25.2,450,28,25,Material shortage,Press deformation,B035,S275,Team C
2025-02-04,Night,PRESS_60T,Pressing,Support,708,636,617,19,39.093,32.4,450,22,13,Machine failure,Press deformation,B035,S275,Team C
2025-02-04,Night,WELD_01,Spot Welding,Support,392,347,331,16,70.771,58.5,450,22,18,Machine failure,Welding defect,B035,S275,Team C
2025-02-04,Night,WELD_10HEAD,Spot Welding,Support,566,442,420,22,55.506,40.5,450,13,28,Machine failure,Welding defect,B035,S275,Team C
2025-02-04,Night,LATHE_01,Machining,Support,749,751,735,16,34.101,30.6,450,16,7,Material shortage,Dimensional defect,B035,S275,Team C
2025-02-04,Night,INSPECT_01,Inspection,Support,1275,1078,1051,27,21.307,18.0,450,23,44,Machine failure,Other,B035,S275,Team C
2025-02-04,Night,PACK_01,Packaging,Support,1020,949,920,29,26.601,22.5,450,18,11,Tool change,Scratch,B035,S275,Team C
2025-02-05,Morning,PRESS_600T,Pressing,Housing,683,639,628,11,35.257,33.6,450,17,57,Machine failure,Press deformation,B036,S355,Team A
2025-02-05,Morning,PRESS_60T,Pressing,Housing,531,550,536,14,46.744,43.2,450,15,6,Tool change,Press deformation,B036,S355,Team A
2025-02-05,Morning,WELD_01,Spot Welding,Housing,294,259,240,19,93.04,78.0,450,16,32,Material shortage,Welding defect,B036,S355,Team A
2025-02-05,Morning,WELD_10HEAD,Spot Welding,Housing,425,361,340,21,61.184,54.0,450,26,55,Material shortage,Other,B036,S355,Team A
2025-02-05,Morning,LATHE_01,Machining,Housing,562,529,521,8,44.12,40.8,450,31,30,Material shortage,Dimensional defect,B036,S355,Team A
2025-02-05,Morning,INSPECT_01,Inspection,Housing,956,866,861,5,26.644,24.0,450,24,41,Machine failure,Surface defect,B036,S355,Team A
2025-02-05,Morning,PACK_01,Packaging,Housing,765,762,755,7,32.409,30.0,450,30,8,Material shortage,Scratch,B036,S355,Team A
2025-02-05,Afternoon,PRESS_600T,Pressing,Housing,683,555,537,18,37.025,33.6,450,35,72,Machine failure,Press deformation,B036,S355,Team B
2025-02-05,Afternoon,PRESS_60T,Pressing,Housing,531,491,488,3,48.204,43.2,450,33,22,Machine failure,Other,B036,S355,Team B
2025-02-05,Afternoon,WELD_01,Spot Welding,Housing,294,270,257,13,90.191,78.0,450,13,30,Quality issue,Welding defect,B036,S355,Team B
2025-02-05,Afternoon,WELD_10HEAD,Spot Welding,Housing,425,381,364,17,62.734,54.0,450,18,33,Maintenance,Welding defect,B036,S355,Team B
2025-02-05,Afternoon,LATHE_01,Machining,Housing,562,559,549,10,45.013,40.8,450,21,9,Material shortage,Dimensional defect,B036,S355,Team B
2025-02-05,Afternoon,INSPECT_01,Inspection,Housing,956,827,821,6,27.64,24.0,450,20,49,Tool change,Surface defect,B036,S355,Team B
2025-02-05,Afternoon,PACK_01,Packaging,Housing,765,678,666,12,32.92,30.0,450,23,55,Material shortage,Scratch,B036,S355,Team B
2025-02-05,Night,PRESS_600T,Pressing,Housing,683,591,574,17,37.557,33.6,450,35,45,Quality issue,Press deformation,B036,S355,Team C
2025-02-05,Night,PRESS_60T,Pressing,Housing,531,474,461,13,52.891,43.2,450,12,20,Tool change,Press deformation,B036,S355,Team C
2025-02-05,Night,WELD_01,Spot Welding,Housing,294,245,233,12,99.581,78.0,450,31,11,Machine failure,Welding defect,B036,S355,Team C
2025-02-05,Night,WELD_10HEAD,Spot Welding,Housing,425,374,351,23,67.3,54.0,450,10,20,Tool change,Welding defect,B036,S355,Team C
2025-02-05,Night,LATHE_01,Machining,Housing,562,541,525,16,43.573,40.8,450,11,46,Material shortage,Dimensional defect,B036,S355,Team C
2025-02-05,Night,INSPECT_01,Inspection,Housing,956,836,815,21,29.21,24.0,450,24,19,Material shortage,Surface defect,B036,S355,Team C
2025-02-05,Night,PACK_01,Packaging,Housing,765,720,702,18,33.792,30.0,450,25,19,Tool change,Scratch,B036,S355,Team C
2025-02-06,Morning,PRESS_600T,Pressing,Bracket,819,710,699,11,30.733,28.0,450,25,61,Machine failure,Press deformation,B037,S235,Team A
2025-02-06,Morning,PRESS_60T,Pressing,Bracket,637,592,582,10,39.728,36.0,450,23,35,Quality issue,Other,B037,S235,Team A
2025-02-06,Morning,WELD_01,Spot Welding,Bracket,353,285,256,29,81.835,65.0,450,13,47,Tool change,Welding defect,B037,S235,Team A
2025-02-06,Morning,WELD_10HEAD,Spot Welding,Bracket,510,464,439,25,52.818,45.0,450,12,29,Tool change,Welding defect,B037,S235,Team A
2025-02-06,Morning,LATHE_01,Machining,Bracket,675,613,604,9,38.452,34.0,450,21,36,Tool change,Other,B037,S235,Team A
2025-02-06,Morning,INSPECT_01,Inspection,Bracket,1147,1104,1084,20,22.002,20.0,450,33,12,Material shortage,Surface defect,B037,S235,Team A
2025-02-06,Morning,PACK_01,Packaging,Bracket,918,833,814,19,27.13,25.0,450,28,45,Machine failure,Other,B037,S235,Team A
2025-02-06,Afternoon,PRESS_600T,Pressing,Bracket,819,708,692,16,31.178,28.0,450,19,63,Machine failure,Press deformation,B037,S235,Team B
2025-02-06,Afternoon,PRESS_60T,Pressing,Bracket,637,587,578,9,41.154,36.0,450,28,19,Tool change,Press deformation,B037,S235,Team B
2025-02-06,Afternoon,WELD_01,Spot Welding,Bracket,353,306,288,18,76.527,65.0,450,18,41,Maintenance,Welding defect,B037,S235,Team B
2025-02-06,Afternoon,WELD_10HEAD,Spot Welding,Bracket,510,453,427,26,51.784,45.0,450,22,37,Material shortage,Welding defect,B037,S235,Team B
2025-02-06,Afternoon,LATHE_01,Machining,Bracket,675,656,636,20,34.934,34.0,450,20,48,Material shortage,Other,B037,S235,Team B
2025-02-06,Afternoon,INSPECT_01,Inspection,Bracket,1147,1072,1049,23,22.593,20.0,450,11,35,Tool change,Surface defect,B037,S235,Team B
2025-02-06,Afternoon,PACK_01,Packaging,Bracket,918,844,835,9,28.932,25.0,450,26,17,Quality issue,Scratch,B037,S235,Team B
2025-02-06,Night,PRESS_600T,Pressing,Bracket,819,737,722,15,30.277,28.0,450,19,59,Machine failure,Press deformation,B037,S235,Team C
2025-02-06,Night,PRESS_60T,Pressing,Bracket,637,638,620,18,39.179,36.0,450,28,5,Tool change,Press deformation,B037,S235,Team C
2025-02-06,Night,WELD_01,Spot Welding,Bracket,353,276,263,13,84.882,65.0,450,19,40,Maintenance,Other,B037,S235,Team C
2025-02-06,Night,WELD_10HEAD,Spot Welding,Bracket,510,445,423,22,54.993,45.0,450,32,10,Machine failure,Welding defect,B037,S235,Team C
2025-02-06,Night,LATHE_01,Machining,Bracket,675,573,560,13,40.157,34.0,450,33,33,Material shortage,Dimensional defect,B037,S235,Team C
2025-02-06,Night,INSPECT_01,Inspection,Bracket,1147,1093,1069,24,21.83,20.0,450,14,38,Material shortage,Surface defect,B037,S235,Team C
2025-02-06,Night,PACK_01,Packaging,Bracket,918,810,796,14,29.184,25.0,450,25,31,Maintenance,Scratch,B037,S235,Team C
2025-02-07,Morning,PRESS_600T,Pressing,Housing,683,595,587,8,36.167,33.6,450,31,60,Tool change,Press deformation,B038,S355,Team A
2025-02-07,Morning,PRESS_60T,Pressing,Housing,531,531,522,9,45.826,43.2,450,29,15,Material shortage,Press deformation,B038,S355,Team A
2025-02-07,Morning,WELD_01,Spot Welding,Housing,294,223,209,14,100.463,78.0,450,25,51,Material shortage,Welding defect,B038,S355,Team A
2025-02-07,Morning,WELD_10HEAD,Spot Welding,Housing,425,368,356,12,63.959,54.0,450,30,27,Tool change,Other,B038,S355,Team A
2025-02-07,Morning,LATHE_01,Machining,Housing,562,580,572,8,44.614,40.8,450,11,7,Quality issue,Dimensional defect,B038,S355,Team A
2025-02-07,Morning,INSPECT_01,Inspection,Housing,956,834,826,8,27.044,24.0,450,24,50,Machine failure,Surface defect,B038,S355,Team A
2025-02-07,Morning,PACK_01,Packaging,Housing,765,712,700,12,34.795,30.0,450,20,17,Tool change,Other,B038,S355,Team A
2025-02-07,Afternoon,PRESS_600T,Pressing,Support,910,791,779,12,27.675,25.2,450,15,70,Machine failure,Press deformation,B038,S275,Team B
2025-02-07,Afternoon,PRESS_60T,Pressing,Support,708,653,648,5,35.782,32.4,450,20,40,Tool change,Press deformation,B038,S275,Team B
2025-02-07,Afternoon,WELD_01,Spot Welding,Support,392,313,295,18,76.306,58.5,450,24,27,Machine failure,Welding defect,B038,S275,Team B
2025-02-07,Afternoon,WELD_10HEAD,Spot Welding,Support,566,527,501,26,47.744,40.5,450,13,17,Material shortage,Other,B038,S275,Team B
2025-02-07,Afternoon,LATHE_01,Machining,Support,749,704,697,7,33.302,30.6,450,23,36,Material shortage,Dimensional defect,B038,S275,Team B
2025-02-07,Afternoon,INSPECT_01,Inspection,Support,1275,1264,1245,19,19.41,18.0,450,15,26,Machine failure,Surface defect,B038,S275,Team B
2025-02-07,Afternoon,PACK_01,Packaging,Support,1020,857,846,11,25.903,22.5,450,25,55,Maintenance,Scratch,B038,S275,Team B
2025-02-07,Night,PRESS_600T,Pressing,Housing,683,553,537,16,41.864,33.6,450,21,43,Maintenance,Other,B038,S355,Team C
2025-02-07,Night,PRESS_60T,Pressing,Housing,531,513,496,17,46.828,43.2,450,16,33,Machine failure,Press deformation,B038,S355,Team C
2025-02-07,Night,WELD_01,Spot Welding,Housing,294,229,216,13,104.707,78.0,450,31,19,Maintenance,Other,B038,S355,Team C
2025-02-07,Night,WELD_10HEAD,Spot Welding,Housing,425,340,325,15,75.463,54.0,450,12,10,Material shortage,Welding defect,B038,S355,Team C
2025-02-07,Night,LATHE_01,Machining,Housing,562,511,504,7,47.611,40.8,450,24,20,Machine failure,Dimensional defect,B038,S355,Team C
2025-02-07,Night,INSPECT_01,Inspection,Housing,956,760,748,12,29.104,24.0,450,30,51,Material shortage,Other,B038,S355,Team C
2025-02-07,Night,PACK_01,Packaging,Housing,765,731,712,19,31.576,30.0,450,35,30,Material shortage,Scratch,B038,S355,Team C
2025-02-08,Morning,PRESS_600T,Pressing,Housing,683,619,600,19,35.83,33.6,450,18,62,Machine failure,Other,B039,S355,Team A
2025-02-08,Morning,PRESS_60T,Pressing,Housing,531,464,459,5,48.046,43.2,450,34,44,Tool change,Press deformation,B039,S355,Team A
2025-02-08,Morning,WELD_01,Spot Welding,Housing,294,266,252,14,92.426,78.0,450,17,23,Machine failure,Other,B039,S355,Team A
2025-02-08,Morning,WELD_10HEAD,Spot Welding,Housing,425,398,376,22,61.837,54.0,450,10,29,Maintenance,Welding defect,B039,S355,Team A
2025-02-08,Morning,LATHE_01,Machining,Housing,562,561,551,10,42.325,40.8,450,34,20,Material shortage,Other,B039,S355,Team A
2025-02-08,Morning,INSPECT_01,Inspection,Housing,956,880,873,7,25.066,24.0,450,29,53,Tool change,Surface defect,B039,S355,Team A
2025-02-08,Morning,PACK_01,Packaging,Housing,765,692,689,3,33.363,30.0,450,11,54,Material shortage,Scratch,B039,S355,Team A
2025-02-08,Afternoon,PRESS_600T,Pressing,Housing,683,642,626,16,34.379,33.6,450,13,69,Material shortage,Press deformation,B039,S355,Team B
2025-02-08,Afternoon,PRESS_60T,Pressing,Housing,531,530,515,15,44.804,43.2,450,15,39,Operator waiting,Press deformation,B039,S355,Team B
2025-02-08,Afternoon,WELD_01,Spot Welding,Housing,294,249,238,11,99.112,78.0,450,16,22,Tool change,Welding defect,B039,S355,Team B
2025-02-08,Afternoon,WELD_10HEAD,Spot Welding,Housing,425,389,378,11,62.317,54.0,450,17,28,Operator waiting,Welding defect,B039,S355,Team B
2025-02-08,Afternoon,LATHE_01,Machining,Housing,562,560,547,13,44.193,40.8,450,29,8,Operator waiting,Dimensional defect,B039,S355,Team B
2025-02-08,Afternoon,INSPECT_01,Inspection,Housing,956,927,919,8,25.74,24.0,450,25,27,Tool change,Surface defect,B039,S355,Team B
2025-02-08,Afternoon,PACK_01,Packaging,Housing,765,771,762,9,31.015,30.0,450,18,33,Machine failure,Scratch,B039,S355,Team B
2025-02-08,Night,PRESS_600T,Pressing,Bracket,819,727,706,21,32.734,28.0,450,10,43,Machine failure,Press deformation,B039,S235,Team C
2025-02-08,Night,PRESS_60T,Pressing,Bracket,637,618,603,15,38.833,36.0,450,15,35,Tool change,Press deformation,B039,S235,Team C
2025-02-08,Night,WELD_01,Spot Welding,Bracket,353,306,287,19,81.091,65.0,450,26,10,Tool change,Welding defect,B039,S235,Team C
2025-02-08,Night,WELD_10HEAD,Spot Welding,Bracket,510,421,393,28,55.949,45.0,450,17,40,Maintenance,Other,B039,S235,Team C
2025-02-08,Night,LATHE_01,Machining,Bracket,675,558,546,12,39.114,34.0,450,31,55,Material shortage,Dimensional defect,B039,S235,Team C
2025-02-08,Night,INSPECT_01,Inspection,Bracket,1147,1027,999,28,21.951,20.0,450,25,49,Operator waiting,Surface defect,B039,S235,Team C
2025-02-08,Night,PACK_01,Packaging,Bracket,918,738,717,21,31.539,25.0,450,33,29,Maintenance,Scratch,B039,S235,Team C
2025-02-09,Morning,PRESS_600T,Pressing,Support,910,808,784,24,26.331,25.2,450,34,61,Machine failure,Other,B040,S275,Team A
2025-02-09,Morning,PRESS_60T,Pressing,Support,708,728,717,11,33.954,32.4,450,14,24,Material shortage,Press deformation,B040,S275,Team A
2025-02-09,Morning,WELD_01,Spot Welding,Support,392,338,316,22,69.406,58.5,450,23,36,Material shortage,Welding defect,B040,S275,Team A
2025-02-09,Morning,WELD_10HEAD,Spot Welding,Support,566,428,410,18,53.39,40.5,450,35,34,Tool change,Welding defect,B040,S275,Team A
2025-02-09,Morning,LATHE_01,Machining,Support,749,704,700,4,34.322,30.6,450,11,36,Material shortage,Other,B040,S275,Team A
2025-02-09,Morning,INSPECT_01,Inspection,Support,1275,1290,1273,17,18.824,18.0,450,25,20,Tool change,Surface defect,B040,S275,Team A
2025-02-09,Morning,PACK_01,Packaging,Support,1020,988,979,9,24.037,22.5,450,17,37,Operator waiting,Scratch,B040,S275,Team A
2025-02-09,Afternoon,PRESS_600T,Pressing,Support,910,820,808,12,27.941,25.2,450,18,50,Tool change,Press deformation,B040,S275,Team B
2025-02-09,Afternoon,PRESS_60T,Pressing,Support,708,622,613,9,37.227,32.4,450,12,52,Maintenance,Press deformation,B040,S275,Team B
2025-02-09,Afternoon,WELD_01,Spot Welding,Support,392,361,340,21,67.402,58.5,450,25,19,Material shortage,Welding defect,B040,S275,Team B
2025-02-09,Afternoon,WELD_10HEAD,Spot Welding,Support,566,524,506,18,47.605,40.5,450,16,18,Quality issue,Welding defect,B040,S275,Team B
2025-02-09,Afternoon,LATHE_01,Machining,Support,749,706,689,17,31.509,30.6,450,31,48,Material shortage,Dimensional defect,B040,S275,Team B
2025-02-09,Afternoon,INSPECT_01,Inspection,Support,1275,1196,1171,25,20.258,18.0,450,17,29,Quality issue,Other,B040,S275,Team B
2025-02-09,Afternoon,PACK_01,Packaging,Support,1020,939,921,18,24.263,22.5,450,33,37,Material shortage,Scratch,B040,S275,Team B
2025-02-09,Night,PRESS_600T,Pressing,Housing,683,541,525,16,42.745,33.6,450,32,32,Maintenance,Other,B040,S355,Team C
2025-02-09,Night,PRESS_60T,Pressing,Housing,531,493,484,9,50.976,43.2,450,10,21,Material shortage,Press deformation,B040,S355,Team C
2025-02-09,Night,WELD_01,Spot Welding,Housing,294,243,230,13,102.202,78.0,450,17,18,Material shortage,Welding defect,B040,S355,Team C
2025-02-09,Night,WELD_10HEAD,Spot Welding,Housing,425,348,333,15,69.179,54.0,450,34,14,Material shortage,Other,B040,S355,Team C
2025-02-09,Night,LATHE_01,Machining,Housing,562,487,476,11,49.437,40.8,450,15,33,Machine failure,Dimensional defect,B040,S355,Team C
2025-02-09,Night,INSPECT_01,Inspection,Housing,956,902,882,20,27.389,24.0,450,17,21,Machine failure,Surface defect,B040,S355,Team C
2025-02-09,Night,PACK_01,Packaging,Housing,765,682,672,10,35.54,30.0,450,13,33,Maintenance,Scratch,B040,S355,Team C
2025-02-10,Morning,PRESS_600T,Pressing,Bracket,819,737,722,15,29.3,28.0,450,30,60,Tool change,Other,B041,S235,Team A
2025-02-10,Morning,PRESS_60T,Pressing,Bracket,637,629,619,10,38.501,36.0,450,18,28,Maintenance,Press deformation,B041,S235,Team A
2025-02-10,Morning,WELD_01,Spot Welding,Bracket,353,284,264,20,81.198,65.0,450,13,52,Operator waiting,Welding defect,B041,S235,Team A
2025-02-10,Morning,WELD_10HEAD,Spot Welding,Bracket,510,452,428,24,54.386,45.0,450,34,6,Maintenance,Welding defect,B041,S235,Team A
2025-02-10,Morning,LATHE_01,Machining,Bracket,675,674,662,12,35.652,34.0,450,19,30,Tool change,Other,B041,S235,Team A
2025-02-10,Morning,INSPECT_01,Inspection,Bracket,1147,1084,1061,23,22.469,20.0,450,31,13,Quality issue,Surface defect,B041,S235,Team A
2025-02-10,Morning,PACK_01,Packaging,Bracket,918,835,826,9,27.06,25.0,450,31,42,Maintenance,Scratch,B041,S235,Team A
2025-02-10,Afternoon,PRESS_600T,Pressing,Housing,683,561,553,8,36.767,33.6,450,34,72,Tool change,Press deformation,B041,S355,Team B
2025-02-10,Afternoon,PRESS_60T,Pressing,Housing,531,516,509,7,44.733,43.2,450,26,39,Tool change,Other,B041,S355,Team B
2025-02-10,Afternoon,WELD_01,Spot Welding,Housing,294,262,253,9,89.566,78.0,450,13,45,Material shortage,Welding defect,B041,S355,Team B
2025-02-10,Afternoon,WELD_10HEAD,Spot Welding,Housing,425,355,340,15,62.723,54.0,450,25,53,Tool change,Welding defect,B041,S355,Team B
2025-02-10,Afternoon,LATHE_01,Machining,Housing,562,498,498,0,47.322,40.8,450,23,34,Machine failure,No scrap,B041,S355,Team B
2025-02-10,Afternoon,INSPECT_01,Inspection,Housing,956,849,834,15,27.546,24.0,450,10,50,Machine failure,Surface defect,B041,S355,Team B
2025-02-10,Afternoon,PACK_01,Packaging,Housing,765,731,723,8,33.386,30.0,450,23,20,Quality issue,Scratch,B041,S355,Team B
2025-02-10,Night,PRESS_600T,Pressing,Support,910,831,815,16,27.062,25.2,450,35,40,Tool change,Press deformation,B041,S275,Team C
2025-02-10,Night,PRESS_60T,Pressing,Support,708,685,666,19,35.995,32.4,450,17,22,Material shortage,Press deformation,B041,S275,Team C
2025-02-10,Night,WELD_01,Spot Welding,Support,392,306,281,25,74.463,58.5,450,32,38,Tool change,Welding defect,B041,S275,Team C
2025-02-10,Night,WELD_10HEAD,Spot Welding,Support,566,453,429,24,52.945,40.5,450,23,27,Material shortage,Welding defect,B041,S275,Team C
2025-02-10,Night,LATHE_01,Machining,Support,749,689,663,26,33.864,30.6,450,13,48,Machine failure,Other,B041,S275,Team C
2025-02-10,Night,INSPECT_01,Inspection,Support,1275,1039,1013,26,21.407,18.0,450,33,46,Material shortage,Surface defect,B041,S275,Team C
2025-02-10,Night,PACK_01,Packaging,Support,1020,827,805,22,27.914,22.5,450,23,42,Material shortage,Scratch,B041,S275,Team C
2025-02-11,Morning,PRESS_600T,Pressing,Bracket,819,706,692,14,30.997,28.0,450,11,74,Machine failure,Press deformation,B042,S235,Team A
2025-02-11,Morning,PRESS_60T,Pressing,Bracket,637,654,637,17,37.608,36.0,450,18,22,Machine failure,Press deformation,B042,S235,Team A
2025-02-11,Morning,WELD_01,Spot Welding,Bracket,353,315,298,17,74.741,65.0,450,18,39,Tool change,Welding defect,B042,S235,Team A
2025-02-11,Morning,WELD_10HEAD,Spot Welding,Bracket,510,415,397,18,52.624,45.0,450,34,52,Tool change,Other,B042,S235,Team A
2025-02-11,Morning,LATHE_01,Machining,Bracket,675,736,719,17,34.769,34.0,450,11,12,Machine failure,Dimensional defect,B042,S235,Team A
2025-02-11,Morning,INSPECT_01,Inspection,Bracket,1147,1030,1003,27,22.295,20.0,450,12,55,Material shortage,Surface defect,B042,S235,Team A
2025-02-11,Morning,PACK_01,Packaging,Bracket,918,865,840,25,28.009,25.0,450,25,21,Material shortage,Scratch,B042,S235,Team A
2025-02-11,Afternoon,PRESS_600T,Pressing,Housing,683,588,575,13,36.279,33.6,450,22,72,Tool change,Press deformation,B042,S355,Team B
2025-02-11,Afternoon,PRESS_60T,Pressing,Housing,531,493,485,8,49.6,43.2,450,25,17,Material shortage,Press deformation,B042,S355,Team B
2025-02-11,Afternoon,WELD_01,Spot Welding,Housing,294,236,222,14,101.358,78.0,450,26,25,Material shortage,Welding defect,B042,S355,Team B
2025-02-11,Afternoon,WELD_10HEAD,Spot Welding,Housing,425,377,363,14,65.115,54.0,450,11,29,Material shortage,Welding defect,B042,S355,Team B
2025-02-11,Afternoon,LATHE_01,Machining,Housing,562,495,489,6,45.198,40.8,450,25,52,Quality issue,Dimensional defect,B042,S355,Team B
2025-02-11,Afternoon,INSPECT_01,Inspection,Housing,956,854,840,14,25.968,24.0,450,26,54,Material shortage,Surface defect,B042,S355,Team B
2025-02-11,Afternoon,PACK_01,Packaging,Housing,765,694,685,9,33.686,30.0,450,11,49,Machine failure,Scratch,B042,S355,Team B
2025-02-11,Night,PRESS_600T,Pressing,Housing,683,625,612,13,37.21,33.6,450,28,34,Machine failure,Press deformation,B042,S355,Team C
2025-02-11,Night,PRESS_60T,Pressing,Housing,531,501,484,17,50.36,43.2,450,22,7,Machine failure,Press deformation,B042,S355,Team C
2025-02-11,Night,WELD_01,Spot Welding,Housing,294,244,233,11,98.735,78.0,450,31,16,Quality issue,Welding defect,B042,S355,Team C
2025-02-11,Night,WELD_10HEAD,Spot Welding,Housing,425,344,319,25,67.323,54.0,450,29,35,Maintenance,Welding defect,B042,S355,Team C
2025-02-11,Night,LATHE_01,Machining,Housing,562,503,494,9,44.898,40.8,450,30,43,Tool change,Dimensional defect,B042,S355,Team C
2025-02-11,Night,INSPECT_01,Inspection,Housing,956,800,775,25,29.849,24.0,450,34,18,Quality issue,Surface defect,B042,S355,Team C
2025-02-11,Night,PACK_01,Packaging,Housing,765,640,627,13,36.62,30.0,450,26,33,Maintenance,Scratch,B042,S355,Team C
2025-02-12,Morning,PRESS_600T,Pressing,Support,910,836,821,15,26.315,25.2,450,32,51,Tool change,Press deformation,B043,S275,Team A
2025-02-12,Morning,PRESS_60T,Pressing,Support,708,647,632,15,36.538,32.4,450,19,37,Tool change,Press deformation,B043,S275,Team A
2025-02-12,Morning,WELD_01,Spot Welding,Support,392,325,313,12,74.289,58.5,450,15,32,Quality issue,Other,B043,S275,Team A
2025-02-12,Morning,WELD_10HEAD,Spot Welding,Support,566,441,427,14,52.032,40.5,450,32,35,Maintenance,Welding defect,B043,S275,Team A
2025-02-12,Morning,LATHE_01,Machining,Support,749,735,724,11,35.084,30.6,450,11,9,Material shortage,Dimensional defect,B043,S275,Team A
2025-02-12,Morning,INSPECT_01,Inspection,Support,1275,1094,1078,16,20.837,18.0,450,20,50,Tool change,Other,B043,S275,Team A
2025-02-12,Morning,PACK_01,Packaging,Support,1020,1057,1042,15,23.26,22.5,450,24,16,Tool change,Scratch,B043,S275,Team A
2025-02-12,Afternoon,PRESS_600T,Pressing,Support,910,742,723,19,28.528,25.2,450,27,70,Machine failure,Other,B043,S275,Team B
2025-02-12,Afternoon,PRESS_60T,Pressing,Support,708,720,701,19,34.298,32.4,450,18,20,Quality issue,Press deformation,B043,S275,Team B
2025-02-12,Afternoon,WELD_01,Spot Welding,Support,392,309,286,23,72.689,58.5,450,22,53,Machine failure,Welding defect,B043,S275,Team B
2025-02-12,Afternoon,WELD_10HEAD,Spot Welding,Support,566,467,437,30,51.741,40.5,450,10,37,Tool change,Welding defect,B043,S275,Team B
2025-02-12,Afternoon,LATHE_01,Machining,Support,749,615,606,9,35.362,30.6,450,34,53,Machine failure,Dimensional defect,B043,S275,Team B
2025-02-12,Afternoon,INSPECT_01,Inspection,Support,1275,1256,1237,19,18.576,18.0,450,18,43,Material shortage,Surface defect,B043,S275,Team B
2025-02-12,Afternoon,PACK_01,Packaging,Support,1020,1119,1089,30,23.202,22.5,450,10,7,Operator waiting,Scratch,B043,S275,Team B
2025-02-12,Night,PRESS_600T,Pressing,Support,910,727,703,24,29.445,25.2,450,20,73,Quality issue,Press deformation,B043,S275,Team C
2025-02-12,Night,PRESS_60T,Pressing,Support,708,647,629,18,34.856,32.4,450,19,55,Material shortage,Press deformation,B043,S275,Team C
2025-02-12,Night,WELD_01,Spot Welding,Support,392,296,280,16,81.588,58.5,450,23,24,Maintenance,Other,B043,S275,Team C
2025-02-12,Night,WELD_10HEAD,Spot Welding,Support,566,393,365,28,54.996,40.5,450,35,54,Tool change,Welding defect,B043,S275,Team C
2025-02-12,Night,LATHE_01,Machining,Support,749,608,588,20,36.411,30.6,450,31,50,Machine failure,Dimensional defect,B043,S275,Team C
2025-02-12,Night,INSPECT_01,Inspection,Support,1275,1029,1001,28,21.855,18.0,450,30,45,Material shortage,Other,B043,S275,Team C
2025-02-12,Night,PACK_01,Packaging,Support,1020,887,869,18,27.165,22.5,450,25,23,Material shortage,Scratch,B043,S275,Team C
2025-02-13,Morning,PRESS_600T,Pressing,Bracket,819,726,718,8,29.737,28.0,450,25,65,Machine failure,Press deformation,B044,S235,Team A
2025-02-13,Morning,PRESS_60T,Pressing,Bracket,637,572,566,6,40.353,36.0,450,17,48,Tool change,Press deformation,B044,S235,Team A
2025-02-13,Morning,WELD_01,Spot Welding,Bracket,353,305,286,19,79.63,65.0,450,28,17,Machine failure,Welding defect,B044,S235,Team A
2025-02-13,Morning,WELD_10HEAD,Spot Welding,Bracket,510,427,402,25,55.345,45.0,450,18,38,Material shortage,Welding defect,B044,S235,Team A
2025-02-13,Morning,LATHE_01,Machining,Bracket,675,697,689,8,36.474,34.0,450,11,15,Material shortage,Dimensional defect,B044,S235,Team A
2025-02-13,Morning,INSPECT_01,Inspection,Bracket,1147,1010,1001,9,23.036,20.0,450,12,50,Maintenance,Other,B044,S235,Team A
2025-02-13,Morning,PACK_01,Packaging,Bracket,918,865,859,6,25.583,25.0,450,32,49,Quality issue,Scratch,B044,S235,Team A
2025-02-13,Afternoon,PRESS_600T,Pressing,Housing,683,642,636,6,35.46,33.6,450,23,47,Material shortage,Press deformation,B044,S355,Team B
2025-02-13,Afternoon,PRESS_60T,Pressing,Housing,531,483,470,13,46.073,43.2,450,24,55,Tool change,Press deformation,B044,S355,Team B
2025-02-13,Afternoon,WELD_01,Spot Welding,Housing,294,253,245,8,91.875,78.0,450,27,35,Tool change,Welding defect,B044,S355,Team B
2025-02-13,Afternoon,WELD_10HEAD,Spot Welding,Housing,425,377,359,18,62.385,54.0,450,26,32,Machine failure,Welding defect,B044,S355,Team B
2025-02-13,Afternoon,LATHE_01,Machining,Housing,562,503,499,4,47.098,40.8,450,25,30,Tool change,Dimensional defect,B044,S355,Team B
2025-02-13,Afternoon,INSPECT_01,Inspection,Housing,956,915,892,23,24.765,24.0,450,30,42,Material shortage,Other,B044,S355,Team B
2025-02-13,Afternoon,PACK_01,Packaging,Housing,765,687,676,11,33.864,30.0,450,31,31,Material shortage,Scratch,B044,S355,Team B
2025-02-13,Night,PRESS_600T,Pressing,Bracket,819,743,722,21,29.692,28.0,450,15,67,Quality issue,Press deformation,B044,S235,Team C
2025-02-13,Night,PRESS_60T,Pressing,Bracket,637,609,595,14,39.49,36.0,450,13,36,Material shortage,Press deformation,B044,S235,Team C
2025-02-13,Night,WELD_01,Spot Welding,Bracket,353,276,254,22,88.054,65.0,450,26,18,Machine failure,Welding defect,B044,S235,Team C
2025-02-13,Night,WELD_10HEAD,Spot Welding,Bracket,510,419,398,21,59.654,45.0,450,28,5,Quality issue,Other,B044,S235,Team C
2025-02-13,Night,LATHE_01,Machining,Bracket,675,567,557,10,39.628,34.0,450,26,49,Tool change,Dimensional defect,B044,S235,Team C
2025-02-13,Night,INSPECT_01,Inspection,Bracket,1147,1075,1041,34,22.417,20.0,450,15,33,Material shortage,Surface defect,B044,S235,Team C
2025-02-13,Night,PACK_01,Packaging,Bracket,918,845,834,11,28.968,25.0,450,30,12,Material shortage,Scratch,B044,S235,Team C
2025-02-14,Morning,PRESS_600T,Pressing,Support,910,775,768,7,27.312,25.2,450,26,71,Machine failure,Press deformation,B045,S275,Team A
2025-02-14,Morning,PRESS_60T,Pressing,Support,708,693,681,12,33.389,32.4,450,19,45,Tool change,Press deformation,B045,S275,Team A
2025-02-14,Morning,WELD_01,Spot Welding,Support,392,321,306,15,69.152,58.5,450,24,55,Maintenance,Welding defect,B045,S275,Team A
2025-02-14,Morning,WELD_10HEAD,Spot Welding,Support,566,469,453,16,51.834,40.5,450,22,22,Material shortage,Other,B045,S275,Team A
2025-02-14,Morning,LATHE_01,Machining,Support,749,764,749,15,32.159,30.6,450,26,14,Tool change,Dimensional defect,B045,S275,Team A
2025-02-14,Morning,INSPECT_01,Inspection,Support,1275,1107,1084,23,19.719,18.0,450,35,51,Material shortage,Surface defect,B045,S275,Team A
2025-02-14,Morning,PACK_01,Packaging,Support,1020,976,953,23,24.141,22.5,450,23,34,Tool change,Scratch,B045,S275,Team A
2025-02-14,Afternoon,PRESS_600T,Pressing,Bracket,819,651,640,11,32.119,28.0,450,27,74,Material shortage,Other,B045,S235,Team B
2025-02-14,Afternoon,PRESS_60T,Pressing,Bracket,637,574,568,6,40.847,36.0,450,11,48,Material shortage,Press deformation,B045,S235,Team B
2025-02-14,Afternoon,WELD_01,Spot Welding,Bracket,353,317,295,22,79.283,65.0,450,23,8,Maintenance,Other,B045,S235,Team B
2025-02-14,Afternoon,WELD_10HEAD,Spot Welding,Bracket,510,409,389,20,56.729,45.0,450,20,43,Tool change,Welding defect,B045,S235,Team B
2025-02-14,Afternoon,LATHE_01,Machining,Bracket,675,626,607,19,38.599,34.0,450,35,12,Operator waiting,Other,B045,S235,Team B
2025-02-14,Afternoon,INSPECT_01,Inspection,Bracket,1147,1076,1046,30,22.859,20.0,450,29,11,Tool change,Surface defect,B045,S235,Team B
2025-02-14,Afternoon,PACK_01,Packaging,Bracket,918,859,846,13,26.108,25.0,450,24,52,Tool change,Scratch,B045,S235,Team B
2025-02-14,Night,PRESS_600T,Pressing,Support,910,736,722,14,30.287,25.2,450,35,43,Machine failure,Press deformation,B045,S275,Team C
2025-02-14,Night,PRESS_60T,Pressing,Support,708,558,546,12,40.272,32.4,450,32,43,Tool change,Press deformation,B045,S275,Team C
2025-02-14,Night,WELD_01,Spot Welding,Support,392,312,295,17,75.569,58.5,450,30,27,Tool change,Welding defect,B045,S275,Team C
2025-02-14,Night,WELD_10HEAD,Spot Welding,Support,566,411,383,28,54.719,40.5,450,23,52,Machine failure,Welding defect,B045,S275,Team C
2025-02-14,Night,LATHE_01,Machining,Support,749,633,621,12,36.443,30.6,450,13,52,Machine failure,Dimensional defect,B045,S275,Team C
2025-02-14,Night,INSPECT_01,Inspection,Support,1275,1296,1266,30,18.875,18.0,450,20,22,Material shortage,Surface defect,B045,S275,Team C
2025-02-14,Night,PACK_01,Packaging,Support,1020,877,867,10,25.928,22.5,450,33,38,Material shortage,Scratch,B045,S275,Team C
2025-02-15,Morning,PRESS_600T,Pressing,Housing,683,610,602,8,38.037,33.6,450,34,29,Machine failure,Press deformation,B046,S355,Team A
2025-02-15,Morning,PRESS_60T,Pressing,Housing,531,556,545,11,44.768,43.2,450,27,8,Operator waiting,Press deformation,B046,S355,Team A
2025-02-15,Morning,WELD_01,Spot Welding,Housing,294,263,253,10,95.746,78.0,450,21,8,Material shortage,Welding defect,B046,S355,Team A
2025-02-15,Morning,WELD_10HEAD,Spot Welding,Housing,425,326,302,24,69.5,54.0,450,24,48,Operator waiting,Welding defect,B046,S355,Team A
2025-02-15,Morning,LATHE_01,Machining,Housing,562,554,549,5,45.045,40.8,450,11,23,Tool change,Other,B046,S355,Team A
2025-02-15,Morning,INSPECT_01,Inspection,Housing,956,889,879,10,27.043,24.0,450,24,25,Quality issue,Surface defect,B046,S355,Team A
2025-02-15,Morning,PACK_01,Packaging,Housing,765,799,785,14,32.13,30.0,450,15,7,Tool change,Scratch,B046,S355,Team A
2025-02-15,Afternoon,PRESS_600T,Pressing,Housing,683,587,582,5,36.788,33.6,450,16,74,Material shortage,Press deformation,B046,S355,Team B
2025-02-15,Afternoon,PRESS_60T,Pressing,Housing,531,548,536,12,46.055,43.2,450,10,19,Tool change,Press deformation,B046,S355,Team B
2025-02-15,Afternoon,WELD_01,Spot Welding,Housing,294,279,270,9,90.313,78.0,450,16,13,Material shortage,Welding defect,B046,S355,Team B
2025-02-15,Afternoon,WELD_10HEAD,Spot Welding,Housing,425,339,316,23,68.832,54.0,450,21,40,Maintenance,Other,B046,S355,Team B
2025-02-15,Afternoon,LATHE_01,Machining,Housing,562,556,549,7,43.663,40.8,450,26,19,Tool change,Dimensional defect,B046,S355,Team B
2025-02-15,Afternoon,INSPECT_01,Inspection,Housing,956,957,932,25,24.493,24.0,450,28,31,Material shortage,Surface defect,B046,S355,Team B
2025-02-15,Afternoon,PACK_01,Packaging,Housing,765,740,725,15,34.345,30.0,450,11,15,Material shortage,Scratch,B046,S355,Team B
2025-02-15,Night,PRESS_600T,Pressing,Housing,683,552,540,12,41.271,33.6,450,10,60,Machine failure,Other,B046,S355,Team C
2025-02-15,Night,PRESS_60T,Pressing,Housing,531,472,466,6,49.026,43.2,450,23,41,Material shortage,Other,B046,S355,Team C
2025-02-15,Night,WELD_01,Spot Welding,Housing,294,234,222,12,98.83,78.0,450,26,38,Material shortage,Welding defect,B046,S355,Team C
2025-02-15,Night,WELD_10HEAD,Spot Welding,Housing,425,365,351,14,64.292,54.0,450,11,47,Machine failure,Welding defect,B046,S355,Team C
2025-02-15,Night,LATHE_01,Machining,Housing,562,496,484,12,49.905,40.8,450,25,12,Material shortage,Dimensional defect,B046,S355,Team C
2025-02-15,Night,INSPECT_01,Inspection,Housing,956,890,879,11,28.376,24.0,450,17,12,Quality issue,Surface defect,B046,S355,Team C
2025-02-15,Night,PACK_01,Packaging,Housing,765,660,650,10,34.96,30.0,450,22,43,Material shortage,Scratch,B046,S355,Team C
2025-02-16,Morning,PRESS_600T,Pressing,Housing,683,631,622,9,36.364,33.6,450,15,52,Tool change,Press deformation,B047,S355,Team A
2025-02-16,Morning,PRESS_60T,Pressing,Housing,531,499,492,7,47.001,43.2,450,21,38,Machine failure,Other,B047,S355,Team A
2025-02-16,Morning,WELD_01,Spot Welding,Housing,294,230,220,10,100.129,78.0,450,12,53,Tool change,Welding defect,B047,S355,Team A
2025-02-16,Morning,WELD_10HEAD,Spot Welding,Housing,425,328,309,19,69.532,54.0,450,22,47,Tool change,Welding defect,B047,S355,Team A
2025-02-16,Morning,LATHE_01,Machining,Housing,562,577,566,11,42.57,40.8,450,27,13,Operator waiting,Dimensional defect,B047,S355,Team A
2025-02-16,Morning,INSPECT_01,Inspection,Housing,956,886,875,11,27.28,24.0,450,30,17,Machine failure,Other,B047,S355,Team A
2025-02-16,Morning,PACK_01,Packaging,Housing,765,714,706,8,33.334,30.0,450,19,34,Tool change,Other,B047,S355,Team A
2025-02-16,Afternoon,PRESS_600T,Pressing,Support,910,919,901,18,25.896,25.2,450,21,32,Maintenance,Press deformation,B047,S275,Team B
2025-02-16,Afternoon,PRESS_60T,Pressing,Support,708,706,699,7,33.217,32.4,450,14,45,Tool change,Press deformation,B047,S275,Team B
2025-02-16,Afternoon,WELD_01,Spot Welding,Support,392,375,358,17,65.934,58.5,450,31,6,Material shortage,Welding defect,B047,S275,Team B
2025-02-16,Afternoon,WELD_10HEAD,Spot Welding,Support,566,490,467,23,51.595,40.5,450,20,8,Tool change,Other,B047,S275,Team B
2025-02-16,Afternoon,LATHE_01,Machining,Support,749,722,706,16,33.374,30.6,450,15,33,Quality issue,Dimensional defect,B047,S275,Team B
2025-02-16,Afternoon,INSPECT_01,Inspection,Support,1275,1060,1039,21,20.648,18.0,450,33,52,Maintenance,Other,B047,S275,Team B
2025-02-16,Afternoon,PACK_01,Packaging,Support,1020,954,935,19,23.828,22.5,450,34,37,Material shortage,Scratch,B047,S275,Team B
2025-02-16,Night,PRESS_600T,Pressing,Housing,683,619,602,17,38.157,33.6,450,14,42,Material shortage,Press deformation,B047,S355,Team C
2025-02-16,Night,PRESS_60T,Pressing,Housing,531,467,454,13,51.477,43.2,450,28,21,Material shortage,Press deformation,B047,S355,Team C
2025-02-16,Night,WELD_01,Spot Welding,Housing,294,221,204,17,100.446,78.0,450,31,49,Tool change,Welding defect,B047,S355,Team C
2025-02-16,Night,WELD_10HEAD,Spot Welding,Housing,425,325,309,16,74.455,54.0,450,22,24,Machine failure,Other,B047,S355,Team C
2025-02-16,Night,LATHE_01,Machining,Housing,562,514,503,11,48.767,40.8,450,14,18,Machine failure,Dimensional defect,B047,S355,Team C
2025-02-16,Night,INSPECT_01,Inspection,Housing,956,773,750,23,30.501,24.0,450,23,34,Machine failure,Surface defect,B047,S355,Team C
2025-02-16,Night,PACK_01,Packaging,Housing,765,612,592,20,36.035,30.0,450,28,54,Operator waiting,Scratch,B047,S355,Team C
2025-02-17,Morning,PRESS_600T,Pressing,Support,910,861,848,13,26.669,25.2,450,20,47,Operator waiting,Press deformation,B048,S275,Team A
2025-02-17,Morning,PRESS_60T,Pressing,Support,708,675,662,13,34.627,32.4,450,31,29,Tool change,Other,B048,S275,Team A
2025-02-17,Morning,WELD_01,Spot Welding,Support,392,334,318,16,70.581,58.5,450,33,23,Material shortage,Other,B048,S275,Team A
2025-02-17,Morning,WELD_10HEAD,Spot Welding,Support,566,480,456,24,53.244,40.5,450,17,7,Tool change,Welding defect,B048,S275,Team A
2025-02-17,Morning,LATHE_01,Machining,Support,749,691,678,13,32.46,30.6,450,27,49,Quality issue,Dimensional defect,B048,S275,Team A
2025-02-17,Morning,INSPECT_01,Inspection,Support,1275,1232,1207,25,18.797,18.0,450,21,43,Tool change,Other,B048,S275,Team A
2025-02-17,Morning,PACK_01,Packaging,Support,1020,1064,1046,18,23.38,22.5,450,20,15,Tool change,Scratch,B048,S275,Team A
2025-02-17,Afternoon,PRESS_600T,Pressing,Bracket,819,767,750,17,29.17,28.0,450,29,48,Tool change,Press deformation,B048,S235,Team B
2025-02-17,Afternoon,PRESS_60T,Pressing,Bracket,637,624,614,10,39.364,36.0,450,30,10,Operator waiting,Press deformation,B048,S235,Team B
2025-02-17,Afternoon,WELD_01,Spot Welding,Bracket,353,327,310,17,75.554,65.0,450,10,28,Machine failure,Other,B048,S235,Team B
2025-02-17,Afternoon,WELD_10HEAD,Spot Welding,Bracket,510,455,435,20,51.817,45.0,450,26,31,Quality issue,Welding defect,B048,S235,Team B
2025-02-17,Afternoon,LATHE_01,Machining,Bracket,675,671,655,16,37.192,34.0,450,23,11,Tool change,Dimensional defect,B048,S235,Team B
2025-02-17,Afternoon,INSPECT_01,Inspection,Bracket,1147,1152,1137,15,21.506,20.0,450,18,19,Machine failure,Surface defect,B048,S235,Team B
2025-02-17,Afternoon,PACK_01,Packaging,Bracket,918,871,856,15,28.708,25.0,450,12,21,Material shortage,Scratch,B048,S235,Team B
2025-02-17,Night,PRESS_600T,Pressing,Bracket,819,635,611,24,33.037,28.0,450,32,68,Maintenance,Press deformation,B048,S235,Team C
2025-02-17,Night,PRESS_60T,Pressing,Bracket,637,598,579,19,42.943,36.0,450,10,12,Machine failure,Press deformation,B048,S235,Team C
2025-02-17,Night,WELD_01,Spot Welding,Bracket,353,279,262,17,82.861,65.0,450,34,30,Material shortage,Welding defect,B048,S235,Team C
2025-02-17,Night,WELD_10HEAD,Spot Welding,Bracket,510,415,392,23,57.314,45.0,450,12,41,Material shortage,Other,B048,S235,Team C
2025-02-17,Night,LATHE_01,Machining,Bracket,675,580,564,16,42.755,34.0,450,19,17,Material shortage,Other,B048,S235,Team C
2025-02-17,Night,INSPECT_01,Inspection,Bracket,1147,1102,1076,26,21.231,20.0,450,27,33,Machine failure,Surface defect,B048,S235,Team C
2025-02-17,Night,PACK_01,Packaging,Bracket,918,787,756,31,31.245,25.0,450,12,28,Tool change,Scratch,B048,S235,Team C
2025-02-18,Morning,PRESS_600T,Pressing,Housing,683,679,662,17,35.5,33.6,450,10,38,Tool change,Other,B049,S355,Team A
2025-02-18,Morning,PRESS_60T,Pressing,Housing,531,521,513,8,46.737,43.2,450,35,9,Material shortage,Other,B049,S355,Team A
2025-02-18,Morning,WELD_01,Spot Welding,Housing,294,268,250,18,96.396,78.0,450,10,8,Tool change,Other,B049,S355,Team A
2025-02-18,Morning,WELD_10HEAD,Spot Welding,Housing,425,372,349,23,66.839,54.0,450,18,17,Tool change,Welding defect,B049,S355,Team A
2025-02-18,Morning,LATHE_01,Machining,Housing,562,599,587,12,42.47,40.8,450,11,15,Material shortage,Dimensional defect,B049,S355,Team A
2025-02-18,Morning,INSPECT_01,Inspection,Housing,956,863,855,8,27.736,24.0,450,29,22,Tool change,Surface defect,B049,S355,Team A
2025-02-18,Morning,PACK_01,Packaging,Housing,765,792,784,8,31.871,30.0,450,17,12,Tool change,Scratch,B049,S355,Team A
2025-02-18,Afternoon,PRESS_600T,Pressing,Support,910,753,745,8,28.19,25.2,450,21,75,Tool change,Press deformation,B049,S275,Team B
2025-02-18,Afternoon,PRESS_60T,Pressing,Support,708,648,630,18,35.342,32.4,450,34,34,Tool change,Other,B049,S275,Team B
2025-02-18,Afternoon,WELD_01,Spot Welding,Support,392,342,330,12,68.548,58.5,450,28,31,Material shortage,Welding defect,B049,S275,Team B
2025-02-18,Afternoon,WELD_10HEAD,Spot Welding,Support,566,454,427,27,52.354,40.5,450,34,19,Tool change,Welding defect,B049,S275,Team B
2025-02-18,Afternoon,LATHE_01,Machining,Support,749,710,698,12,34.871,30.6,450,13,24,Tool change,Dimensional defect,B049,S275,Team B
2025-02-18,Afternoon,INSPECT_01,Inspection,Support,1275,1305,1269,36,18.658,18.0,450,22,22,Material shortage,Surface defect,B049,S275,Team B
2025-02-18,Afternoon,PACK_01,Packaging,Support,1020,972,953,19,24.918,22.5,450,19,27,Operator waiting,Other,B049,S275,Team B
2025-02-18,Night,PRESS_600T,Pressing,Housing,683,529,519,10,39.187,33.6,450,31,73,Tool change,Other,B049,S355,Team C
2025-02-18,Night,PRESS_60T,Pressing,Housing,531,458,446,12,49.352,43.2,450,25,48,Maintenance,Other,B049,S355,Team C
2025-02-18,Night,WELD_01,Spot Welding,Housing,294,235,224,11,95.235,78.0,450,32,44,Tool change,Welding defect,B049,S355,Team C
2025-02-18,Night,WELD_10HEAD,Spot Welding,Housing,425,331,309,22,68.031,54.0,450,19,55,Tool change,Welding defect,B049,S355,Team C
2025-02-18,Night,LATHE_01,Machining,Housing,562,518,509,9,47.774,40.8,450,17,20,Operator waiting,Dimensional defect,B049,S355,Team C
2025-02-18,Night,INSPECT_01,Inspection,Housing,956,883,861,22,28.527,24.0,450,10,20,Machine failure,Surface defect,B049,S355,Team C
2025-02-18,Night,PACK_01,Packaging,Housing,765,738,718,20,34.528,30.0,450,20,5,Tool change,Scratch,B049,S355,Team C
2025-02-19,Morning,PRESS_600T,Pressing,Housing,683,632,617,15,34.556,33.6,450,27,59,Maintenance,Press deformation,B050,S355,Team A
2025-02-19,Morning,PRESS_60T,Pressing,Housing,531,517,507,10,48.312,43.2,450,22,11,Tool change,Other,B050,S355,Team A
2025-02-19,Morning,WELD_01,Spot Welding,Housing,294,265,255,10,92.649,78.0,450,25,15,Tool change,Welding defect,B050,S355,Team A
2025-02-19,Morning,WELD_10HEAD,Spot Welding,Housing,425,343,314,29,63.843,54.0,450,34,51,Material shortage,Welding defect,B050,S355,Team A
2025-02-19,Morning,LATHE_01,Machining,Housing,562,551,535,16,43.769,40.8,450,17,31,Maintenance,Dimensional defect,B050,S355,Team A
2025-02-19,Morning,INSPECT_01,Inspection,Housing,956,894,880,14,27.449,24.0,450,20,21,Tool change,Surface defect,B050,S355,Team A
2025-02-19,Morning,PACK_01,Packaging,Housing,765,688,676,12,32.603,30.0,450,30,46,Machine failure,Scratch,B050,S355,Team A
2025-02-19,Afternoon,PRESS_600T,Pressing,Housing,683,605,598,7,37.485,33.6,450,23,49,Quality issue,Press deformation,B050,S355,Team B
2025-02-19,Afternoon,PRESS_60T,Pressing,Housing,531,523,510,13,48.059,43.2,450,21,10,Quality issue,Press deformation,B050,S355,Team B
2025-02-19,Afternoon,WELD_01,Spot Welding,Housing,294,239,225,14,102.057,78.0,450,21,21,Material shortage,Welding defect,B050,S355,Team B
2025-02-19,Afternoon,WELD_10HEAD,Spot Welding,Housing,425,331,313,18,70.118,54.0,450,19,44,Machine failure,Welding defect,B050,S355,Team B
2025-02-19,Afternoon,LATHE_01,Machining,Housing,562,537,529,8,45.739,40.8,450,11,29,Material shortage,Other,B050,S355,Team B
2025-02-19,Afternoon,INSPECT_01,Inspection,Housing,956,989,976,13,26.021,24.0,450,13,8,Material shortage,Surface defect,B050,S355,Team B
2025-02-19,Afternoon,PACK_01,Packaging,Housing,765,789,773,16,31.25,30.0,450,13,26,Material shortage,Scratch,B050,S355,Team B
2025-02-19,Night,PRESS_600T,Pressing,Bracket,819,626,610,16,34.845,28.0,450,19,67,Machine failure,Press deformation,B050,S235,Team C
2025-02-19,Night,PRESS_60T,Pressing,Bracket,637,607,599,8,39.923,36.0,450,20,26,Machine failure,Press deformation,B050,S235,Team C
2025-02-19,Night,WELD_01,Spot Welding,Bracket,353,273,252,21,88.813,65.0,450,11,34,Tool change,Other,B050,S235,Team C
2025-02-19,Night,WELD_10HEAD,Spot Welding,Bracket,510,425,400,25,60.951,45.0,450,13,5,Machine failure,Welding defect,B050,S235,Team C
2025-02-19,Night,LATHE_01,Machining,Bracket,675,689,671,18,36.213,34.0,450,29,5,Material shortage,Dimensional defect,B050,S235,Team C
2025-02-19,Night,INSPECT_01,Inspection,Bracket,1147,1103,1076,27,23.424,20.0,450,14,5,Maintenance,Other,B050,S235,Team C
2025-02-19,Night,PACK_01,Packaging,Bracket,918,904,874,30,26.984,25.0,450,17,26,Material shortage,Scratch,B050,S235,Team C
2025-02-20,Morning,PRESS_600T,Pressing,Support,910,872,854,18,27.383,25.2,450,26,26,Machine failure,Press deformation,B051,S275,Team A
2025-02-20,Morning,PRESS_60T,Pressing,Support,708,590,581,9,37.48,32.4,450,31,50,Machine failure,Press deformation,B051,S275,Team A
2025-02-20,Morning,WELD_01,Spot Welding,Support,392,334,318,16,73.978,58.5,450,22,15,Material shortage,Welding defect,B051,S275,Team A
2025-02-20,Morning,WELD_10HEAD,Spot Welding,Support,566,481,453,28,49.45,40.5,450,19,34,Maintenance,Other,B051,S275,Team A
2025-02-20,Morning,LATHE_01,Machining,Support,749,737,721,16,32.613,30.6,450,27,22,Material shortage,Dimensional defect,B051,S275,Team A
2025-02-20,Morning,INSPECT_01,Inspection,Support,1275,1277,1258,19,18.839,18.0,450,19,30,Machine failure,Surface defect,B051,S275,Team A
2025-02-20,Morning,PACK_01,Packaging,Support,1020,993,966,27,24.146,22.5,450,30,20,Material shortage,Other,B051,S275,Team A
2025-02-20,Afternoon,PRESS_600T,Pressing,Housing,683,595,589,6,37.979,33.6,450,27,46,Machine failure,Press deformation,B051,S355,Team B
2025-02-20,Afternoon,PRESS_60T,Pressing,Housing,531,520,513,7,45.227,43.2,450,28,30,Tool change,Other,B051,S355,Team B
2025-02-20,Afternoon,WELD_01,Spot Welding,Housing,294,231,225,6,101.969,78.0,450,19,38,Material shortage,Welding defect,B051,S355,Team B
2025-02-20,Afternoon,WELD_10HEAD,Spot Welding,Housing,425,357,335,22,69.781,54.0,450,29,5,Material shortage,Welding defect,B051,S355,Team B
2025-02-20,Afternoon,LATHE_01,Machining,Housing,562,532,526,6,47.178,40.8,450,13,18,Tool change,Dimensional defect,B051,S355,Team B
2025-02-20,Afternoon,INSPECT_01,Inspection,Housing,956,820,793,27,27.49,24.0,450,19,55,Material shortage,Surface defect,B051,S355,Team B
2025-02-20,Afternoon,PACK_01,Packaging,Housing,765,773,764,9,30.935,30.0,450,16,35,Tool change,Other,B051,S355,Team B
2025-02-20,Night,PRESS_600T,Pressing,Housing,683,522,513,9,39.924,33.6,450,35,67,Machine failure,Press deformation,B051,S355,Team C
2025-02-20,Night,PRESS_60T,Pressing,Housing,531,508,498,10,46.735,43.2,450,19,35,Machine failure,Press deformation,B051,S355,Team C
2025-02-20,Night,WELD_01,Spot Welding,Housing,294,255,239,16,97.401,78.0,450,15,20,Material shortage,Welding defect,B051,S355,Team C
2025-02-20,Night,WELD_10HEAD,Spot Welding,Housing,425,368,354,14,66.809,54.0,450,19,21,Machine failure,Welding defect,B051,S355,Team C
2025-02-20,Night,LATHE_01,Machining,Housing,562,489,475,14,45.984,40.8,450,21,54,Operator waiting,Other,B051,S355,Team C
2025-02-20,Night,INSPECT_01,Inspection,Housing,956,843,819,24,27.601,24.0,450,12,50,Machine failure,Surface defect,B051,S355,Team C
2025-02-20,Night,PACK_01,Packaging,Housing,765,717,704,13,32.295,30.0,450,21,43,Material shortage,Other,B051,S355,Team C
2025-02-21,Morning,PRESS_600T,Pressing,Bracket,819,758,744,14,30.626,28.0,450,20,43,Machine failure,Other,B052,S235,Team A
2025-02-21,Morning,PRESS_60T,Pressing,Bracket,637,575,562,13,40.795,36.0,450,16,43,Maintenance,Press deformation,B052,S235,Team A
2025-02-21,Morning,WELD_01,Spot Welding,Bracket,353,282,261,21,82.418,65.0,450,24,38,Machine failure,Welding defect,B052,S235,Team A
2025-02-21,Morning,WELD_10HEAD,Spot Welding,Bracket,510,450,421,29,55.751,45.0,450,12,19,Machine failure,Welding defect,B052,S235,Team A
2025-02-21,Morning,LATHE_01,Machining,Bracket,675,683,669,14,35.485,34.0,450,24,22,Machine failure,Other,B052,S235,Team A
2025-02-21,Morning,INSPECT_01,Inspection,Bracket,1147,1083,1061,22,22.425,20.0,450,28,17,Material shortage,Surface defect,B052,S235,Team A
2025-02-21,Morning,PACK_01,Packaging,Bracket,918,849,842,7,27.472,25.0,450,10,51,Material shortage,Scratch,B052,S235,Team A
2025-02-21,Afternoon,PRESS_600T,Pressing,Housing,683,643,627,16,36.072,33.6,450,24,39,Material shortage,Press deformation,B052,S355,Team B
2025-02-21,Afternoon,PRESS_60T,Pressing,Housing,531,475,467,8,47.665,43.2,450,25,47,Material shortage,Press deformation,B052,S355,Team B
2025-02-21,Afternoon,WELD_01,Spot Welding,Housing,294,268,255,13,91.856,78.0,450,33,6,Operator waiting,Welding defect,B052,S355,Team B
2025-02-21,Afternoon,WELD_10HEAD,Spot Welding,Housing,425,365,352,13,66.705,54.0,450,22,22,Material shortage,Welding defect,B052,S355,Team B
2025-02-21,Afternoon,LATHE_01,Machining,Housing,562,516,504,12,45.03,40.8,450,14,48,Machine failure,Dimensional defect,B052,S355,Team B
2025-02-21,Afternoon,INSPECT_01,Inspection,Housing,956,882,870,12,26.366,24.0,450,14,48,Tool change,Surface defect,B052,S355,Team B
2025-02-21,Afternoon,PACK_01,Packaging,Housing,765,711,696,15,34.669,30.0,450,34,5,Maintenance,Scratch,B052,S355,Team B
2025-02-21,Night,PRESS_600T,Pressing,Support,910,754,746,8,28.482,25.2,450,35,57,Tool change,Press deformation,B052,S275,Team C
2025-02-21,Night,PRESS_60T,Pressing,Support,708,567,548,19,39.147,32.4,450,29,51,Machine failure,Other,B052,S275,Team C
2025-02-21,Night,WELD_01,Spot Welding,Support,392,282,265,17,81.714,58.5,450,23,42,Quality issue,Welding defect,B052,S275,Team C
2025-02-21,Night,WELD_10HEAD,Spot Welding,Support,566,480,459,21,46.612,40.5,450,31,46,Operator waiting,Welding defect,B052,S275,Team C
2025-02-21,Night,LATHE_01,Machining,Support,749,640,632,8,36.42,30.6,450,20,41,Tool change,Dimensional defect,B052,S275,Team C
2025-02-21,Night,INSPECT_01,Inspection,Support,1275,1018,999,19,21.918,18.0,450,23,55,Material shortage,Surface defect,B052,S275,Team C
2025-02-21,Night,PACK_01,Packaging,Support,1020,910,897,13,27.757,22.5,450,12,17,Tool change,Scratch,B052,S275,Team C
2025-02-22,Morning,PRESS_600T,Pressing,Housing,683,666,647,19,34.755,33.6,450,14,50,Operator waiting,Press deformation,B053,S355,Team A
2025-02-22,Morning,PRESS_60T,Pressing,Housing,531,563,550,13,44.58,43.2,450,26,5,Operator waiting,Press deformation,B053,S355,Team A
2025-02-22,Morning,WELD_01,Spot Welding,Housing,294,260,240,20,95.316,78.0,450,15,21,Tool change,Welding defect,B053,S355,Team A
2025-02-22,Morning,WELD_10HEAD,Spot Welding,Housing,425,365,342,23,61.831,54.0,450,18,55,Tool change,Welding defect,B053,S355,Team A
2025-02-22,Morning,LATHE_01,Machining,Housing,562,576,572,4,42.59,40.8,450,21,20,Tool change,Dimensional defect,B053,S355,Team A
2025-02-22,Morning,INSPECT_01,Inspection,Housing,956,934,912,22,26.898,24.0,450,20,11,Material shortage,Surface defect,B053,S355,Team A
2025-02-22,Morning,PACK_01,Packaging,Housing,765,705,689,16,31.875,30.0,450,31,44,Material shortage,Scratch,B053,S355,Team A
2025-02-22,Afternoon,PRESS_600T,Pressing,Bracket,819,732,711,21,29.013,28.0,450,21,75,Maintenance,Press deformation,B053,S235,Team B
2025-02-22,Afternoon,PRESS_60T,Pressing,Bracket,637,605,590,15,39.908,36.0,450,32,15,Tool change,Press deformation,B053,S235,Team B
2025-02-22,Afternoon,WELD_01,Spot Welding,Bracket,353,299,279,20,79.038,65.0,450,35,21,Maintenance,Welding defect,B053,S235,Team B
2025-02-22,Afternoon,WELD_10HEAD,Spot Welding,Bracket,510,462,442,20,54.71,45.0,450,10,18,Tool change,Welding defect,B053,S235,Team B
2025-02-22,Afternoon,LATHE_01,Machining,Bracket,675,643,638,5,37.402,34.0,450,31,18,Tool change,Dimensional defect,B053,S235,Team B
2025-02-22,Afternoon,INSPECT_01,Inspection,Bracket,1147,1073,1053,20,21.345,20.0,450,35,33,Material shortage,Surface defect,B053,S235,Team B
2025-02-22,Afternoon,PACK_01,Packaging,Bracket,918,862,843,19,28.323,25.0,450,11,32,Material shortage,Scratch,B053,S235,Team B
2025-02-22,Night,PRESS_600T,Pressing,Bracket,819,669,651,18,32.357,28.0,450,26,63,Operator waiting,Press deformation,B053,S235,Team C
2025-02-22,Night,PRESS_60T,Pressing,Bracket,637,536,522,14,43.046,36.0,450,20,45,Tool change,Press deformation,B053,S235,Team C
2025-02-22,Night,WELD_01,Spot Welding,Bracket,353,302,283,19,83.959,65.0,450,21,6,Tool change,Welding defect,B053,S235,Team C
2025-02-22,Night,WELD_10HEAD,Spot Welding,Bracket,510,419,389,30,58.702,45.0,450,18,22,Machine failure,Welding defect,B053,S235,Team C
2025-02-22,Night,LATHE_01,Machining,Bracket,675,592,561,31,40.499,34.0,450,28,22,Material shortage,Other,B053,S235,Team C
2025-02-22,Night,INSPECT_01,Inspection,Bracket,1147,965,950,15,25.487,20.0,450,28,12,Material shortage,Surface defect,B053,S235,Team C
2025-02-22,Night,PACK_01,Packaging,Bracket,918,774,754,20,31.588,25.0,450,29,13,Tool change,Scratch,B053,S235,Team C
2025-02-23,Morning,PRESS_600T,Pressing,Housing,683,658,644,14,36.642,33.6,450,22,26,Material shortage,Press deformation,B054,S355,Team A
2025-02-23,Morning,PRESS_60T,Pressing,Housing,531,579,559,20,44.762,43.2,450,13,5,Machine failure,Press deformation,B054,S355,Team A
2025-02-23,Morning,WELD_01,Spot Welding,Housing,294,239,232,7,98.123,78.0,450,31,27,Machine failure,Welding defect,B054,S355,Team A
2025-02-23,Morning,WELD_10HEAD,Spot Welding,Housing,425,388,367,21,62.24,54.0,450,26,21,Tool change,Welding defect,B054,S355,Team A
2025-02-23,Morning,LATHE_01,Machining,Housing,562,531,522,9,46.163,40.8,450,11,30,Quality issue,Dimensional defect,B054,S355,Team A
2025-02-23,Morning,INSPECT_01,Inspection,Housing,956,885,880,5,25.738,24.0,450,30,40,Operator waiting,Surface defect,B054,S355,Team A
2025-02-23,Morning,PACK_01,Packaging,Housing,765,711,706,5,32.884,30.0,450,35,25,Material shortage,Scratch,B054,S355,Team A
2025-02-23,Afternoon,PRESS_600T,Pressing,Support,910,748,737,11,27.826,25.2,450,30,73,Material shortage,Press deformation,B054,S275,Team B
2025-02-23,Afternoon,PRESS_60T,Pressing,Support,708,655,649,6,33.935,32.4,450,27,52,Material shortage,Press deformation,B054,S275,Team B
2025-02-23,Afternoon,WELD_01,Spot Welding,Support,392,361,347,14,66.749,58.5,450,17,31,Tool change,Other,B054,S275,Team B
2025-02-23,Afternoon,WELD_10HEAD,Spot Welding,Support,566,470,449,21,47.159,40.5,450,27,53,Material shortage,Welding defect,B054,S275,Team B
2025-02-23,Afternoon,LATHE_01,Machining,Support,749,672,657,15,33.894,30.6,450,17,53,Material shortage,Dimensional defect,B054,S275,Team B
2025-02-23,Afternoon,INSPECT_01,Inspection,Support,1275,1183,1152,31,20.427,18.0,450,19,28,Quality issue,Surface defect,B054,S275,Team B
2025-02-23,Afternoon,PACK_01,Packaging,Support,1020,903,887,16,24.843,22.5,450,28,48,Quality issue,Scratch,B054,S275,Team B
2025-02-23,Night,PRESS_600T,Pressing,Support,910,802,775,27,27.736,25.2,450,27,52,Tool change,Other,B054,S275,Team C
2025-02-23,Night,PRESS_60T,Pressing,Support,708,630,620,10,36.263,32.4,450,22,47,Machine failure,Press deformation,B054,S275,Team C
2025-02-23,Night,WELD_01,Spot Welding,Support,392,296,285,11,76.914,58.5,450,19,51,Tool change,Welding defect,B054,S275,Team C
2025-02-23,Night,WELD_10HEAD,Spot Welding,Support,566,446,416,30,52.54,40.5,450,16,43,Material shortage,Welding defect,B054,S275,Team C
2025-02-23,Night,LATHE_01,Machining,Support,749,685,660,25,35.817,30.6,450,28,13,Tool change,Dimensional defect,B054,S275,Team C
2025-02-23,Night,INSPECT_01,Inspection,Support,1275,1198,1165,33,20.225,18.0,450,32,14,Operator waiting,Surface defect,B054,S275,Team C
2025-02-23,Night,PACK_01,Packaging,Support,1020,923,899,24,27.996,22.5,450,10,9,Quality issue,Scratch,B054,S275,Team C
2025-02-24,Morning,PRESS_600T,Pressing,Housing,683,627,617,10,34.613,33.6,450,23,65,Machine failure,Press deformation,B055,S355,Team A
2025-02-24,Morning,PRESS_60T,Pressing,Housing,531,510,502,8,46.498,43.2,450,21,33,Tool change,Other,B055,S355,Team A
2025-02-24,Morning,WELD_01,Spot Welding,Housing,294,271,263,8,94.514,78.0,450,17,6,Tool change,Welding defect,B055,S355,Team A
2025-02-24,Morning,WELD_10HEAD,Spot Welding,Housing,425,316,293,23,68.372,54.0,450,35,54,Machine failure,Welding defect,B055,S355,Team A
2025-02-24,Morning,LATHE_01,Machining,Housing,562,531,520,11,42.824,40.8,450,34,37,Material shortage,Dimensional defect,B055,S355,Team A
2025-02-24,Morning,INSPECT_01,Inspection,Housing,956,849,838,11,26.638,24.0,450,21,52,Quality issue,Surface defect,B055,S355,Team A
2025-02-24,Morning,PACK_01,Packaging,Housing,765,677,671,6,34.287,30.0,450,33,30,Material shortage,Scratch,B055,S355,Team A
2025-02-24,Afternoon,PRESS_600T,Pressing,Bracket,819,754,750,4,29.596,28.0,450,29,49,Tool change,Other,B055,S235,Team B
2025-02-24,Afternoon,PRESS_60T,Pressing,Bracket,637,594,583,11,39.184,36.0,450,28,34,Tool change,Press deformation,B055,S235,Team B
2025-02-24,Afternoon,WELD_01,Spot Welding,Bracket,353,299,277,22,79.028,65.0,450,18,38,Quality issue,Welding defect,B055,S235,Team B
2025-02-24,Afternoon,WELD_10HEAD,Spot Welding,Bracket,510,494,459,35,51.925,45.0,450,13,9,Operator waiting,Welding defect,B055,S235,Team B
2025-02-24,Afternoon,LATHE_01,Machining,Bracket,675,631,617,14,37.232,34.0,450,11,47,Tool change,Dimensional defect,B055,S235,Team B
2025-02-24,Afternoon,INSPECT_01,Inspection,Bracket,1147,1008,994,14,21.592,20.0,450,34,53,Machine failure,Other,B055,S235,Team B
2025-02-24,Afternoon,PACK_01,Packaging,Bracket,918,988,966,22,25.917,25.0,450,15,8,Tool change,Scratch,B055,S235,Team B
2025-02-24,Night,PRESS_600T,Pressing,Housing,683,608,587,21,35.882,33.6,450,15,71,Quality issue,Press deformation,B055,S355,Team C
2025-02-24,Night,PRESS_60T,Pressing,Housing,531,432,423,9,54.963,43.2,450,16,38,Machine failure,Press deformation,B055,S355,Team C
2025-02-24,Night,WELD_01,Spot Welding,Housing,294,254,238,16,98.113,78.0,450,18,16,Tool change,Welding defect,B055,S355,Team C
2025-02-24,Night,WELD_10HEAD,Spot Welding,Housing,425,366,339,27,66.443,54.0,450,24,20,Tool change,Other,B055,S355,Team C
2025-02-24,Night,LATHE_01,Machining,Housing,562,524,515,9,43.5,40.8,450,29,41,Material shortage,Dimensional defect,B055,S355,Team C
2025-02-24,Night,INSPECT_01,Inspection,Housing,956,834,805,29,28.76,24.0,450,21,29,Quality issue,Surface defect,B055,S355,Team C
2025-02-24,Night,PACK_01,Packaging,Housing,765,743,731,12,31.798,30.0,450,14,42,Machine failure,Scratch,B055,S355,Team C
2025-02-25,Morning,PRESS_600T,Pressing,Support,910,747,728,19,28.809,25.2,450,20,71,Tool change,Press deformation,B056,S275,Team A
2025-02-25,Morning,PRESS_60T,Pressing,Support,708,639,629,10,35.961,32.4,450,29,38,Material shortage,Press deformation,B056,S275,Team A
2025-02-25,Morning,WELD_01,Spot Welding,Support,392,343,317,26,70.415,58.5,450,26,21,Material shortage,Welding defect,B056,S275,Team A
2025-02-25,Morning,WELD_10HEAD,Spot Welding,Support,566,490,464,26,46.279,40.5,450,26,46,Material shortage,Welding defect,B056,S275,Team A
2025-02-25,Morning,LATHE_01,Machining,Support,749,635,631,4,35.294,30.6,450,25,51,Tool change,Dimensional defect,B056,S275,Team A
2025-02-25,Morning,INSPECT_01,Inspection,Support,1275,1269,1243,26,18.807,18.0,450,17,35,Material shortage,Surface defect,B056,S275,Team A
2025-02-25,Morning,PACK_01,Packaging,Support,1020,976,963,13,24.462,22.5,450,21,31,Quality issue,Scratch,B056,S275,Team A
2025-02-25,Afternoon,PRESS_600T,Pressing,Bracket,819,743,730,13,31.574,28.0,450,33,26,Machine failure,Press deformation,B056,S235,Team B
2025-02-25,Afternoon,PRESS_60T,Pressing,Bracket,637,648,614,34,36.829,36.0,450,24,28,Maintenance,Press deformation,B056,S235,Team B
2025-02-25,Afternoon,WELD_01,Spot Welding,Bracket,353,313,297,16,82.469,65.0,450,14,5,Material shortage,Welding defect,B056,S235,Team B
2025-02-25,Afternoon,WELD_10HEAD,Spot Welding,Bracket,510,430,410,20,56.992,45.0,450,33,8,Material shortage,Welding defect,B056,S235,Team B
2025-02-25,Afternoon,LATHE_01,Machining,Bracket,675,626,613,13,38.718,34.0,450,23,23,Material shortage,Dimensional defect,B056,S235,Team B
2025-02-25,Afternoon,INSPECT_01,Inspection,Bracket,1147,1060,1038,22,22.355,20.0,450,35,20,Quality issue,Surface defect,B056,S235,Team B
2025-02-25,Afternoon,PACK_01,Packaging,Bracket,918,910,901,9,25.569,25.0,450,11,51,Material shortage,Scratch,B056,S235,Team B
2025-02-25,Night,PRESS_600T,Pressing,Housing,683,611,595,16,39.174,33.6,450,17,34,Tool change,Press deformation,B056,S355,Team C
2025-02-25,Night,PRESS_60T,Pressing,Housing,531,520,502,18,47.531,43.2,450,29,9,Material shortage,Other,B056,S355,Team C
2025-02-25,Night,WELD_01,Spot Welding,Housing,294,251,235,16,101.962,78.0,450,12,11,Operator waiting,Welding defect,B056,S355,Team C
2025-02-25,Night,WELD_10HEAD,Spot Welding,Housing,425,352,343,9,67.659,54.0,450,33,20,Quality issue,Welding defect,B056,S355,Team C
2025-02-25,Night,LATHE_01,Machining,Housing,562,514,500,14,47.04,40.8,450,27,20,Machine failure,Other,B056,S355,Team C
2025-02-25,Night,INSPECT_01,Inspection,Housing,956,797,783,14,28.875,24.0,450,16,50,Machine failure,Other,B056,S355,Team C
2025-02-25,Night,PACK_01,Packaging,Housing,765,662,639,23,37.125,30.0,450,34,6,Operator waiting,Scratch,B056,S355,Team C
2025-02-26,Morning,PRESS_600T,Pressing,Bracket,819,751,741,10,32.406,28.0,450,19,25,Tool change,Press deformation,B057,S235,Team A
2025-02-26,Morning,PRESS_60T,Pressing,Bracket,637,626,616,10,40.989,36.0,450,10,12,Material shortage,Press deformation,B057,S235,Team A
2025-02-26,Morning,WELD_01,Spot Welding,Bracket,353,299,284,15,85.77,65.0,450,16,6,Machine failure,Other,B057,S235,Team A
2025-02-26,Morning,WELD_10HEAD,Spot Welding,Bracket,510,400,373,27,57.701,45.0,450,13,52,Machine failure,Welding defect,B057,S235,Team A
2025-02-26,Morning,LATHE_01,Machining,Bracket,675,620,596,24,37.536,34.0,450,31,31,Material shortage,Dimensional defect,B057,S235,Team A
2025-02-26,Morning,INSPECT_01,Inspection,Bracket,1147,1044,1028,16,23.16,20.0,450,20,27,Machine failure,Other,B057,S235,Team A
2025-02-26,Morning,PACK_01,Packaging,Bracket,918,834,818,16,28.098,25.0,450,33,26,Machine failure,Other,B057,S235,Team A
2025-02-26,Afternoon,PRESS_600T,Pressing,Support,910,838,816,22,28.12,25.2,450,18,39,Machine failure,Press deformation,B057,S275,Team B
2025-02-26,Afternoon,PRESS_60T,Pressing,Support,708,746,739,7,33.674,32.4,450,21,10,Operator waiting,Other,B057,S275,Team B
2025-02-26,Afternoon,WELD_01,Spot Welding,Support,392,325,306,19,75.328,58.5,450,34,7,Quality issue,Welding defect,B057,S275,Team B
2025-02-26,Afternoon,WELD_10HEAD,Spot Welding,Support,566,556,518,38,45.381,40.5,450,19,10,Material shortage,Welding defect,B057,S275,Team B
2025-02-26,Afternoon,LATHE_01,Machining,Support,749,737,724,13,35.132,30.6,450,12,6,Material shortage,Dimensional defect,B057,S275,Team B
2025-02-26,Afternoon,INSPECT_01,Inspection,Support,1275,1303,1282,21,19.33,18.0,450,22,8,Quality issue,Surface defect,B057,S275,Team B
2025-02-26,Afternoon,PACK_01,Packaging,Support,1020,1037,1021,16,23.078,22.5,450,20,31,Maintenance,Scratch,B057,S275,Team B
2025-02-26,Night,PRESS_600T,Pressing,Bracket,819,686,661,25,34.108,28.0,450,13,47,Tool change,Press deformation,B057,S235,Team C
2025-02-26,Night,PRESS_60T,Pressing,Bracket,637,543,520,23,42.026,36.0,450,24,45,Tool change,Other,B057,S235,Team C
2025-02-26,Night,WELD_01,Spot Welding,Bracket,353,273,251,22,84.307,65.0,450,30,36,Operator waiting,Other,B057,S235,Team C
2025-02-26,Night,WELD_10HEAD,Spot Welding,Bracket,510,407,390,17,59.767,45.0,450,20,24,Quality issue,Welding defect,B057,S235,Team C
2025-02-26,Night,LATHE_01,Machining,Bracket,675,610,600,10,38.644,34.0,450,35,22,Machine failure,Dimensional defect,B057,S235,Team C
2025-02-26,Night,INSPECT_01,Inspection,Bracket,1147,1029,1001,28,23.198,20.0,450,27,25,Tool change,Surface defect,B057,S235,Team C
2025-02-26,Night,PACK_01,Packaging,Bracket,918,770,755,15,29.53,25.0,450,16,55,Material shortage,Scratch,B057,S235,Team C
2025-02-27,Morning,PRESS_600T,Pressing,Housing,683,617,604,13,36.317,33.6,450,18,58,Machine failure,Press deformation,B058,S355,Team A
2025-02-27,Morning,PRESS_60T,Pressing,Housing,531,524,510,14,47.329,43.2,450,29,7,Machine failure,Press deformation,B058,S355,Team A
2025-02-27,Morning,WELD_01,Spot Welding,Housing,294,256,239,17,88.246,78.0,450,24,49,Machine failure,Welding defect,B058,S355,Team A
2025-02-27,Morning,WELD_10HEAD,Spot Welding,Housing,425,370,351,19,66.96,54.0,450,19,18,Machine failure,Welding defect,B058,S355,Team A
2025-02-27,Morning,LATHE_01,Machining,Housing,562,527,517,10,46.319,40.8,450,26,17,Machine failure,Dimensional defect,B058,S355,Team A
2025-02-27,Morning,INSPECT_01,Inspection,Housing,956,946,927,19,26.186,24.0,450,10,27,Operator waiting,Surface defect,B058,S355,Team A
2025-02-27,Morning,PACK_01,Packaging,Housing,765,708,696,12,32.874,30.0,450,28,34,Maintenance,Other,B058,S355,Team A
2025-02-27,Afternoon,PRESS_600T,Pressing,Support,910,836,817,19,28.698,25.2,450,16,34,Tool change,Press deformation,B058,S275,Team B
2025-02-27,Afternoon,PRESS_60T,Pressing,Support,708,670,655,15,35.613,32.4,450,33,19,Tool change,Press deformation,B058,S275,Team B
2025-02-27,Afternoon,WELD_01,Spot Welding,Support,392,367,348,19,65.565,58.5,450,19,29,Operator waiting,Welding defect,B058,S275,Team B
2025-02-27,Afternoon,WELD_10HEAD,Spot Welding,Support,566,516,484,32,46.11,40.5,450,26,27,Material shortage,Welding defect,B058,S275,Team B
2025-02-27,Afternoon,LATHE_01,Machining,Support,749,707,696,11,34.955,30.6,450,11,27,Maintenance,Dimensional defect,B058,S275,Team B
2025-02-27,Afternoon,INSPECT_01,Inspection,Support,1275,1296,1267,29,18.922,18.0,450,15,26,Material shortage,Other,B058,S275,Team B
2025-02-27,Afternoon,PACK_01,Packaging,Support,1020,982,962,20,23.703,22.5,450,23,39,Tool change,Scratch,B058,S275,Team B
2025-02-27,Night,PRESS_600T,Pressing,Housing,683,549,534,15,39.384,33.6,450,32,57,Machine failure,Press deformation,B058,S355,Team C
2025-02-27,Night,PRESS_60T,Pressing,Housing,531,457,446,11,49.576,43.2,450,26,46,Maintenance,Press deformation,B058,S355,Team C
2025-02-27,Night,WELD_01,Spot Welding,Housing,294,251,234,17,90.642,78.0,450,17,53,Tool change,Welding defect,B058,S355,Team C
2025-02-27,Night,WELD_10HEAD,Spot Welding,Housing,425,338,316,22,71.817,54.0,450,24,21,Material shortage,Welding defect,B058,S355,Team C
2025-02-27,Night,LATHE_01,Machining,Housing,562,486,474,12,48.714,40.8,450,34,21,Tool change,Other,B058,S355,Team C
2025-02-27,Night,INSPECT_01,Inspection,Housing,956,816,799,17,30.185,24.0,450,25,14,Material shortage,Surface defect,B058,S355,Team C
2025-02-27,Night,PACK_01,Packaging,Housing,765,676,657,19,36.888,30.0,450,16,18,Tool change,Scratch,B058,S355,Team C
2025-02-28,Morning,PRESS_600T,Pressing,Housing,683,617,608,9,35.573,33.6,450,25,59,Tool change,Press deformation,B059,S355,Team A
2025-02-28,Morning,PRESS_60T,Pressing,Housing,531,512,503,9,49.143,43.2,450,12,18,Tool change,Press deformation,B059,S355,Team A
2025-02-28,Morning,WELD_01,Spot Welding,Housing,294,266,248,18,91.139,78.0,450,24,21,Material shortage,Welding defect,B059,S355,Team A
2025-02-28,Morning,WELD_10HEAD,Spot Welding,Housing,425,359,339,20,65.88,54.0,450,15,40,Tool change,Welding defect,B059,S355,Team A
2025-02-28,Morning,LATHE_01,Machining,Housing,562,513,511,2,45.581,40.8,450,13,47,Tool change,Dimensional defect,B059,S355,Team A
2025-02-28,Morning,INSPECT_01,Inspection,Housing,956,956,934,22,24.896,24.0,450,25,28,Operator waiting,Other,B059,S355,Team A
2025-02-28,Morning,PACK_01,Packaging,Housing,765,810,796,14,30.724,30.0,450,24,11,Tool change,Scratch,B059,S355,Team A
2025-02-28,Afternoon,PRESS_600T,Pressing,Bracket,819,774,757,17,29.42,28.0,450,30,40,Machine failure,Other,B059,S235,Team B
2025-02-28,Afternoon,PRESS_60T,Pressing,Bracket,637,670,658,12,37.474,36.0,450,21,10,Material shortage,Press deformation,B059,S235,Team B
2025-02-28,Afternoon,WELD_01,Spot Welding,Bracket,353,287,272,15,76.766,65.0,450,29,53,Operator waiting,Welding defect,B059,S235,Team B
2025-02-28,Afternoon,WELD_10HEAD,Spot Welding,Bracket,510,430,402,28,52.088,45.0,450,23,53,Material shortage,Welding defect,B059,S235,Team B
2025-02-28,Afternoon,LATHE_01,Machining,Bracket,675,612,599,13,35.351,34.0,450,34,55,Quality issue,Other,B059,S235,Team B
2025-02-28,Afternoon,INSPECT_01,Inspection,Bracket,1147,1086,1061,25,20.543,20.0,450,28,50,Material shortage,Surface defect,B059,S235,Team B
2025-02-28,Afternoon,PACK_01,Packaging,Bracket,918,811,796,15,27.516,25.0,450,32,46,Tool change,Scratch,B059,S235,Team B
2025-02-28,Night,PRESS_600T,Pressing,Bracket,819,753,743,10,32.153,28.0,450,10,36,Material shortage,Press deformation,B059,S235,Team C
2025-02-28,Night,PRESS_60T,Pressing,Bracket,637,622,609,13,39.521,36.0,450,28,12,Machine failure,Press deformation,B059,S235,Team C
2025-02-28,Night,WELD_01,Spot Welding,Bracket,353,300,281,19,83.822,65.0,450,15,15,Machine failure,Other,B059,S235,Team C
2025-02-28,Night,WELD_10HEAD,Spot Welding,Bracket,510,363,340,23,61.614,45.0,450,23,54,Material shortage,Welding defect,B059,S235,Team C
2025-02-28,Night,LATHE_01,Machining,Bracket,675,600,591,9,39.698,34.0,450,27,26,Material shortage,Dimensional defect,B059,S235,Team C
2025-02-28,Night,INSPECT_01,Inspection,Bracket,1147,999,976,23,24.304,20.0,450,16,29,Tool change,Surface defect,B059,S235,Team C
2025-02-28,Night,PACK_01,Packaging,Bracket,918,906,873,33,27.88,25.0,450,14,15,Quality issue,Other,B059,S235,Team C
2025-03-01,Morning,PRESS_600T,Pressing,Bracket,819,710,694,16,30.301,28.0,450,20,71,Operator waiting,Other,B060,S235,Team A
2025-03-01,Morning,PRESS_60T,Pressing,Bracket,637,605,584,21,37.738,36.0,450,25,44,Material shortage,Other,B060,S235,Team A
2025-03-01,Morning,WELD_01,Spot Welding,Bracket,353,284,267,17,85.074,65.0,450,14,33,Tool change,Welding defect,B060,S235,Team A
2025-03-01,Morning,WELD_10HEAD,Spot Welding,Bracket,510,461,431,30,54.712,45.0,450,18,11,Material shortage,Other,B060,S235,Team A
2025-03-01,Morning,LATHE_01,Machining,Bracket,675,684,667,17,34.804,34.0,450,34,19,Material shortage,Other,B060,S235,Team A
2025-03-01,Morning,INSPECT_01,Inspection,Bracket,1147,1042,1014,28,22.046,20.0,450,20,47,Material shortage,Surface defect,B060,S235,Team A
2025-03-01,Morning,PACK_01,Packaging,Bracket,918,979,956,23,26.343,25.0,450,15,5,Machine failure,Scratch,B060,S235,Team A
2025-03-01,Afternoon,PRESS_600T,Pressing,Housing,683,590,583,7,38.729,33.6,450,15,54,Machine failure,Press deformation,B060,S355,Team B
2025-03-01,Afternoon,PRESS_60T,Pressing,Housing,531,461,452,9,49.883,43.2,450,16,50,Machine failure,Press deformation,B060,S355,Team B
2025-03-01,Afternoon,WELD_01,Spot Welding,Housing,294,258,244,14,87.377,78.0,450,28,45,Material shortage,Welding defect,B060,S355,Team B
2025-03-01,Afternoon,WELD_10HEAD,Spot Welding,Housing,425,401,376,25,62.32,54.0,450,18,15,Material shortage,Other,B060,S355,Team B
2025-03-01,Afternoon,LATHE_01,Machining,Housing,562,492,480,12,45.701,40.8,450,31,44,Material shortage,Dimensional defect,B060,S355,Team B
2025-03-01,Afternoon,INSPECT_01,Inspection,Housing,956,895,870,25,27.534,24.0,450,15,24,Material shortage,Surface defect,B060,S355,Team B
2025-03-01,Afternoon,PACK_01,Packaging,Housing,765,707,689,18,33.58,30.0,450,29,25,Tool change,Scratch,B060,S355,Team B
2025-03-01,Night,PRESS_600T,Pressing,Bracket,819,649,638,11,33.328,28.0,450,26,63,Tool change,Other,B060,S235,Team C
2025-03-01,Night,PRESS_60T,Pressing,Bracket,637,604,581,23,41.11,36.0,450,10,26,Material shortage,Press deformation,B060,S235,Team C
2025-03-01,Night,WELD_01,Spot Welding,Bracket,353,255,240,15,94.535,65.0,450,30,17,Tool change,Welding defect,B060,S235,Team C
2025-03-01,Night,WELD_10HEAD,Spot Welding,Bracket,510,384,364,20,63.742,45.0,450,30,11,Tool change,Welding defect,B060,S235,Team C
2025-03-01,Night,LATHE_01,Machining,Bracket,675,609,595,14,40.659,34.0,450,29,8,Tool change,Dimensional defect,B060,S235,Team C
2025-03-01,Night,INSPECT_01,Inspection,Bracket,1147,1012,989,23,23.886,20.0,450,19,28,Material shortage,Surface defect,B060,S235,Team C
2025-03-01,Night,PACK_01,Packaging,Bracket,918,860,837,23,29.43,25.0,450,22,6,Machine failure,Scratch,B060,S235,Team C
2025-03-02,Morning,PRESS_600T,Pressing,Support,910,878,856,22,26.152,25.2,450,34,33,Machine failure,Press deformation,B061,S275,Team A
2025-03-02,Morning,PRESS_60T,Pressing,Support,708,690,675,15,34.755,32.4,450,28,22,Tool change,Other,B061,S275,Team A
2025-03-02,Morning,WELD_01,Spot Welding,Support,392,353,332,21,70.427,58.5,450,28,7,Machine failure,Welding defect,B061,S275,Team A
2025-03-02,Morning,WELD_10HEAD,Spot Welding,Support,566,438,416,22,51.842,40.5,450,19,52,Machine failure,Welding defect,B061,S275,Team A
2025-03-02,Morning,LATHE_01,Machining,Support,749,709,700,9,34.51,30.6,450,33,9,Tool change,Dimensional defect,B061,S275,Team A
2025-03-02,Morning,INSPECT_01,Inspection,Support,1275,1206,1187,19,19.884,18.0,450,11,39,Tool change,Other,B061,S275,Team A
2025-03-02,Morning,PACK_01,Packaging,Support,1020,933,916,17,24.565,22.5,450,18,50,Quality issue,Scratch,B061,S275,Team A
2025-03-02,Afternoon,PRESS_600T,Pressing,Bracket,819,671,664,7,31.976,28.0,450,18,74,Machine failure,Press deformation,B061,S235,Team B
2025-03-02,Afternoon,PRESS_60T,Pressing,Bracket,637,622,615,7,37.892,36.0,450,24,33,Material shortage,Press deformation,B061,S235,Team B
2025-03-02,Afternoon,WELD_01,Spot Welding,Bracket,353,295,273,22,75.431,65.0,450,24,54,Material shortage,Welding defect,B061,S235,Team B
2025-03-02,Afternoon,WELD_10HEAD,Spot Welding,Bracket,510,474,445,29,51.08,45.0,450,14,32,Material shortage,Welding defect,B061,S235,Team B
2025-03-02,Afternoon,LATHE_01,Machining,Bracket,675,683,669,14,35.892,34.0,450,17,24,Tool change,Dimensional defect,B061,S235,Team B
2025-03-02,Afternoon,INSPECT_01,Inspection,Bracket,1147,1079,1060,19,21.447,20.0,450,12,52,Maintenance,Surface defect,B061,S235,Team B
2025-03-02,Afternoon,PACK_01,Packaging,Bracket,918,850,824,26,25.899,25.0,450,35,48,Material shortage,Scratch,B061,S235,Team B
2025-03-02,Night,PRESS_600T,Pressing,Support,910,860,836,24,26.99,25.2,450,15,48,Material shortage,Press deformation,B061,S275,Team C
2025-03-02,Night,PRESS_60T,Pressing,Support,708,609,586,23,36.803,32.4,450,21,55,Machine failure,Other,B061,S275,Team C
2025-03-02,Night,WELD_01,Spot Welding,Support,392,308,288,20,75.458,58.5,450,19,43,Material shortage,Welding defect,B061,S275,Team C
2025-03-02,Night,WELD_10HEAD,Spot Welding,Support,566,432,400,32,52.494,40.5,450,27,45,Tool change,Welding defect,B061,S275,Team C
2025-03-02,Night,LATHE_01,Machining,Support,749,621,607,14,36.008,30.6,450,31,46,Tool change,Other,B061,S275,Team C
2025-03-02,Night,INSPECT_01,Inspection,Support,1275,1137,1094,43,21.21,18.0,450,28,20,Operator waiting,Other,B061,S275,Team C
2025-03-02,Night,PACK_01,Packaging,Support,1020,908,896,12,26.826,22.5,450,25,19,Machine failure,Scratch,B061,S275,Team C
2025-03-03,Morning,PRESS_600T,Pressing,Housing,683,656,639,17,34.923,33.6,450,23,45,Material shortage,Press deformation,B062,S355,Team A
2025-03-03,Morning,PRESS_60T,Pressing,Housing,531,504,493,11,45.573,43.2,450,23,44,Machine failure,Press deformation,B062,S355,Team A
2025-03-03,Morning,WELD_01,Spot Welding,Housing,294,219,201,18,102.019,78.0,450,29,47,Operator waiting,Welding defect,B062,S355,Team A
2025-03-03,Morning,WELD_10HEAD,Spot Welding,Housing,425,355,341,14,64.252,54.0,450,27,42,Operator waiting,Welding defect,B062,S355,Team A
2025-03-03,Morning,LATHE_01,Machining,Housing,562,547,536,11,43.738,40.8,450,33,18,Operator waiting,Dimensional defect,B062,S355,Team A
2025-03-03,Morning,INSPECT_01,Inspection,Housing,956,902,888,14,26.473,24.0,450,23,29,Tool change,Surface defect,B062,S355,Team A
2025-03-03,Morning,PACK_01,Packaging,Housing,765,717,708,9,34.443,30.0,450,13,25,Maintenance,Other,B062,S355,Team A
2025-03-03,Afternoon,PRESS_600T,Pressing,Bracket,819,704,691,13,31.258,28.0,450,21,62,Machine failure,Press deformation,B062,S235,Team B
2025-03-03,Afternoon,PRESS_60T,Pressing,Bracket,637,640,632,8,40.272,36.0,450,10,10,Material shortage,Press deformation,B062,S235,Team B
2025-03-03,Afternoon,WELD_01,Spot Welding,Bracket,353,282,268,14,81.793,65.0,450,18,47,Operator waiting,Other,B062,S235,Team B
2025-03-03,Afternoon,WELD_10HEAD,Spot Welding,Bracket,510,493,473,20,50.68,45.0,450,13,20,Material shortage,Other,B062,S235,Team B
2025-03-03,Afternoon,LATHE_01,Machining,Bracket,675,702,696,6,36.136,34.0,450,18,9,Material shortage,Dimensional defect,B062,S235,Team B
2025-03-03,Afternoon,INSPECT_01,Inspection,Bracket,1147,983,968,15,22.827,20.0,450,32,44,Material shortage,Other,B062,S235,Team B
2025-03-03,Afternoon,PACK_01,Packaging,Bracket,918,852,841,11,26.171,25.0,450,34,44,Material shortage,Scratch,B062,S235,Team B
2025-03-03,Night,PRESS_600T,Pressing,Housing,683,571,556,15,39.281,33.6,450,17,59,Tool change,Press deformation,B062,S355,Team C
2025-03-03,Night,PRESS_60T,Pressing,Housing,531,458,446,12,51.387,43.2,450,18,39,Tool change,Press deformation,B062,S355,Team C
2025-03-03,Night,WELD_01,Spot Welding,Housing,294,233,221,12,111.283,78.0,450,10,7,Material shortage,Welding defect,B062,S355,Team C
2025-03-03,Night,WELD_10HEAD,Spot Welding,Housing,425,348,333,15,68.611,54.0,450,12,39,Quality issue,Welding defect,B062,S355,Team C
2025-03-03,Night,LATHE_01,Machining,Housing,562,482,471,11,50.399,40.8,450,21,24,Machine failure,Dimensional defect,B062,S355,Team C
2025-03-03,Night,INSPECT_01,Inspection,Housing,956,889,867,22,27.397,24.0,450,18,26,Material shortage,Surface defect,B062,S355,Team C
2025-03-03,Night,PACK_01,Packaging,Housing,765,677,660,17,34.441,30.0,450,14,47,Tool change,Scratch,B062,S355,Team C
2025-03-04,Morning,PRESS_600T,Pressing,Housing,683,608,597,11,38.851,33.6,450,14,42,Material shortage,Press deformation,B063,S355,Team A
2025-03-04,Morning,PRESS_60T,Pressing,Housing,531,538,532,6,46.772,43.2,450,20,10,Material shortage,Press deformation,B063,S355,Team A
2025-03-04,Morning,WELD_01,Spot Welding,Housing,294,226,213,13,102.689,78.0,450,21,41,Tool change,Welding defect,B063,S355,Team A
2025-03-04,Morning,WELD_10HEAD,Spot Welding,Housing,425,331,316,15,70.55,54.0,450,29,31,Material shortage,Other,B063,S355,Team A
2025-03-04,Morning,LATHE_01,Machining,Housing,562,500,490,10,45.533,40.8,450,31,39,Machine failure,Dimensional defect,B063,S355,Team A
2025-03-04,Morning,INSPECT_01,Inspection,Housing,956,876,858,18,27.649,24.0,450,27,19,Tool change,Surface defect,B063,S355,Team A
2025-03-04,Morning,PACK_01,Packaging,Housing,765,744,728,16,33.354,30.0,450,31,5,Material shortage,Scratch,B063,S355,Team A
2025-03-04,Afternoon,PRESS_600T,Pressing,Support,910,803,796,7,29.105,25.2,450,24,36,Tool change,Other,B063,S275,Team B
2025-03-04,Afternoon,PRESS_60T,Pressing,Support,708,644,631,13,36.509,32.4,450,21,37,Maintenance,Other,B063,S275,Team B
2025-03-04,Afternoon,WELD_01,Spot Welding,Support,392,340,325,15,74.46,58.5,450,14,13,Machine failure,Other,B063,S275,Team B
2025-03-04,Afternoon,WELD_10HEAD,Spot Welding,Support,566,508,486,22,48.875,40.5,450,30,6,Maintenance,Other,B063,S275,Team B
2025-03-04,Afternoon,LATHE_01,Machining,Support,749,783,767,16,31.867,30.6,450,25,9,Tool change,Other,B063,S275,Team B
2025-03-04,Afternoon,INSPECT_01,Inspection,Support,1275,1148,1121,27,20.012,18.0,450,17,50,Material shortage,Surface defect,B063,S275,Team B
2025-03-04,Afternoon,PACK_01,Packaging,Support,1020,918,903,15,25.008,22.5,450,19,48,Material shortage,Scratch,B063,S275,Team B
2025-03-04,Night,PRESS_600T,Pressing,Support,910,774,763,11,30.297,25.2,450,19,40,Machine failure,Press deformation,B063,S275,Team C
2025-03-04,Night,PRESS_60T,Pressing,Support,708,631,623,8,38.12,32.4,450,21,28,Quality issue,Press deformation,B063,S275,Team C
2025-03-04,Night,WELD_01,Spot Welding,Support,392,292,273,19,83.109,58.5,450,21,24,Material shortage,Welding defect,B063,S275,Team C
2025-03-04,Night,WELD_10HEAD,Spot Welding,Support,566,433,406,27,53.758,40.5,450,30,32,Tool change,Other,B063,S275,Team C
2025-03-04,Night,LATHE_01,Machining,Support,749,768,751,17,31.917,30.6,450,34,7,Material shortage,Dimensional defect,B063,S275,Team C
2025-03-04,Night,INSPECT_01,Inspection,Support,1275,1172,1137,35,20.674,18.0,450,24,22,Tool change,Surface defect,B063,S275,Team C
2025-03-04,Night,PACK_01,Packaging,Support,1020,905,884,21,27.57,22.5,450,17,17,Quality issue,Scratch,B063,S275,Team C
2025-03-05,Morning,PRESS_600T,Pressing,Housing,683,596,590,6,35.517,33.6,450,34,63,Tool change,Other,B064,S355,Team A
2025-03-05,Morning,PRESS_60T,Pressing,Housing,531,525,515,10,45.459,43.2,450,10,42,Tool change,Press deformation,B064,S355,Team A
2025-03-05,Morning,WELD_01,Spot Welding,Housing,294,291,269,22,87.476,78.0,450,11,14,Machine failure,Welding defect,B064,S355,Team A
2025-03-05,Morning,WELD_10HEAD,Spot Welding,Housing,425,338,317,21,66.432,54.0,450,32,43,Material shortage,Welding defect,B064,S355,Team A
2025-03-05,Morning,LATHE_01,Machining,Housing,562,511,503,8,45.673,40.8,450,16,45,Material shortage,Dimensional defect,B064,S355,Team A
2025-03-05,Morning,INSPECT_01,Inspection,Housing,956,892,882,10,27.419,24.0,450,22,20,Quality issue,Surface defect,B064,S355,Team A
2025-03-05,Morning,PACK_01,Packaging,Housing,765,746,729,17,32.145,30.0,450,24,26,Material shortage,Scratch,B064,S355,Team A
2025-03-05,Afternoon,PRESS_600T,Pressing,Housing,683,572,558,14,38.047,33.6,450,26,61,Machine failure,Press deformation,B064,S355,Team B
2025-03-05,Afternoon,PRESS_60T,Pressing,Housing,531,475,469,6,47.824,43.2,450,34,37,Machine failure,Press deformation,B064,S355,Team B
2025-03-05,Afternoon,WELD_01,Spot Welding,Housing,294,246,237,9,100.595,78.0,450,16,20,Machine failure,Welding defect,B064,S355,Team B
2025-03-05,Afternoon,WELD_10HEAD,Spot Welding,Housing,425,350,330,20,66.145,54.0,450,10,54,Material shortage,Welding defect,B064,S355,Team B
2025-03-05,Afternoon,LATHE_01,Machining,Housing,562,532,522,10,45.387,40.8,450,26,21,Machine failure,Dimensional defect,B064,S355,Team B
2025-03-05,Afternoon,INSPECT_01,Inspection,Housing,956,887,863,24,25.484,24.0,450,30,43,Machine failure,Surface defect,B064,S355,Team B
2025-03-05,Afternoon,PACK_01,Packaging,Housing,765,819,812,7,31.693,30.0,450,11,6,Maintenance,Scratch,B064,S355,Team B
2025-03-05,Night,PRESS_600T,Pressing,Support,910,820,797,23,28.531,25.2,450,32,28,Tool change,Press deformation,B064,S275,Team C
2025-03-05,Night,PRESS_60T,Pressing,Support,708,622,607,15,37.185,32.4,450,12,52,Tool change,Press deformation,B064,S275,Team C
2025-03-05,Night,WELD_01,Spot Welding,Support,392,288,271,17,77.57,58.5,450,26,51,Tool change,Welding defect,B064,S275,Team C
2025-03-05,Night,WELD_10HEAD,Spot Welding,Support,566,488,459,29,51.313,40.5,450,22,10,Tool change,Welding defect,B064,S275,Team C
2025-03-05,Night,LATHE_01,Machining,Support,749,671,658,13,33.243,30.6,450,23,55,Material shortage,Dimensional defect,B064,S275,Team C
2025-03-05,Night,INSPECT_01,Inspection,Support,1275,1146,1105,41,21.041,18.0,450,20,28,Tool change,Surface defect,B064,S275,Team C
2025-03-05,Night,PACK_01,Packaging,Support,1020,958,926,32,25.477,22.5,450,10,33,Operator waiting,Scratch,B064,S275,Team C
2025-03-06,Morning,PRESS_600T,Pressing,Housing,683,603,587,16,37.512,33.6,450,27,46,Tool change,Press deformation,B065,S355,Team A
2025-03-06,Morning,PRESS_60T,Pressing,Housing,531,523,515,8,45.166,43.2,450,21,35,Maintenance,Press deformation,B065,S355,Team A
2025-03-06,Morning,WELD_01,Spot Welding,Housing,294,225,214,11,98.182,78.0,450,35,46,Maintenance,Other,B065,S355,Team A
2025-03-06,Morning,WELD_10HEAD,Spot Welding,Housing,425,381,362,19,61.856,54.0,450,30,27,Tool change,Other,B065,S355,Team A
2025-03-06,Morning,LATHE_01,Machining,Housing,562,538,536,2,43.482,40.8,450,16,44,Maintenance,Dimensional defect,B065,S355,Team A
2025-03-06,Morning,INSPECT_01,Inspection,Housing,956,960,952,8,25.685,24.0,450,23,16,Machine failure,Surface defect,B065,S355,Team A
2025-03-06,Morning,PACK_01,Packaging,Housing,765,762,750,12,32.043,30.0,450,13,30,Tool change,Scratch,B065,S355,Team A
2025-03-06,Afternoon,PRESS_600T,Pressing,Bracket,819,799,787,12,29.933,28.0,450,25,26,Maintenance,Press deformation,B065,S235,Team B
2025-03-06,Afternoon,PRESS_60T,Pressing,Bracket,637,691,687,4,36.855,36.0,450,20,5,Material shortage,Press deformation,B065,S235,Team B
2025-03-06,Afternoon,WELD_01,Spot Welding,Bracket,353,290,271,19,79.209,65.0,450,21,45,Material shortage,Other,B065,S235,Team B
2025-03-06,Afternoon,WELD_10HEAD,Spot Welding,Bracket,510,406,389,17,53.633,45.0,450,32,55,Tool change,Welding defect,B065,S235,Team B
2025-03-06,Afternoon,LATHE_01,Machining,Bracket,675,650,638,12,36.967,34.0,450,25,24,Material shortage,Dimensional defect,B065,S235,Team B
2025-03-06,Afternoon,INSPECT_01,Inspection,Bracket,1147,1068,1056,12,22.191,20.0,450,10,45,Tool change,Surface defect,B065,S235,Team B
2025-03-06,Afternoon,PACK_01,Packaging,Bracket,918,858,836,22,26.905,25.0,450,32,33,Maintenance,Scratch,B065,S235,Team B
2025-03-06,Night,PRESS_600T,Pressing,Housing,683,534,526,8,41.998,33.6,450,28,48,Machine failure,Press deformation,B065,S355,Team C
2025-03-06,Night,PRESS_60T,Pressing,Housing,531,508,501,7,49.183,43.2,450,20,13,Material shortage,Press deformation,B065,S355,Team C
2025-03-06,Night,WELD_01,Spot Welding,Housing,294,210,202,8,110.583,78.0,450,20,42,Tool change,Other,B065,S355,Team C
2025-03-06,Night,WELD_10HEAD,Spot Welding,Housing,425,321,304,17,74.066,54.0,450,20,33,Maintenance,Other,B065,S355,Team C
2025-03-06,Night,LATHE_01,Machining,Housing,562,538,524,14,46.605,40.8,450,27,5,Material shortage,Dimensional defect,B065,S355,Team C
2025-03-06,Night,INSPECT_01,Inspection,Housing,956,891,859,32,28.121,24.0,450,16,16,Quality issue,Surface defect,B065,S355,Team C
2025-03-06,Night,PACK_01,Packaging,Housing,765,657,640,17,35.683,30.0,450,26,33,Tool change,Scratch,B065,S355,Team C
2025-03-07,Morning,PRESS_600T,Pressing,Support,910,903,895,8,26.692,25.2,450,14,34,Maintenance,Press deformation,B066,S275,Team A
2025-03-07,Morning,PRESS_60T,Pressing,Support,708,678,657,21,36.625,32.4,450,30,6,Quality issue,Other,B066,S275,Team A
2025-03-07,Morning,WELD_01,Spot Welding,Support,392,311,295,16,76.782,58.5,450,18,34,Quality issue,Welding defect,B066,S275,Team A
2025-03-07,Morning,WELD_10HEAD,Spot Welding,Support,566,445,424,21,52.62,40.5,450,15,44,Material shortage,Welding defect,B066,S275,Team A
2025-03-07,Morning,LATHE_01,Machining,Support,749,628,609,19,34.964,30.6,450,35,49,Tool change,Other,B066,S275,Team A
2025-03-07,Morning,INSPECT_01,Inspection,Support,1275,1311,1296,15,19.76,18.0,450,10,8,Machine failure,Surface defect,B066,S275,Team A
2025-03-07,Morning,PACK_01,Packaging,Support,1020,921,908,13,25.253,22.5,450,24,38,Tool change,Scratch,B066,S275,Team A
2025-03-07,Afternoon,PRESS_600T,Pressing,Housing,683,580,566,14,37.935,33.6,450,13,70,Material shortage,Press deformation,B066,S355,Team B
2025-03-07,Afternoon,PRESS_60T,Pressing,Housing,531,532,528,4,46.429,43.2,450,25,13,Material shortage,Press deformation,B066,S355,Team B
2025-03-07,Afternoon,WELD_01,Spot Welding,Housing,294,225,214,11,101.121,78.0,450,35,35,Tool change,Welding defect,B066,S355,Team B
2025-03-07,Afternoon,WELD_10HEAD,Spot Welding,Housing,425,336,324,12,69.695,54.0,450,14,45,Material shortage,Welding defect,B066,S355,Team B
2025-03-07,Afternoon,LATHE_01,Machining,Housing,562,523,512,11,43.921,40.8,450,20,47,Quality issue,Dimensional defect,B066,S355,Team B
2025-03-07,Afternoon,INSPECT_01,Inspection,Housing,956,1035,1015,20,24.556,24.0,450,20,6,Material shortage,Surface defect,B066,S355,Team B
2025-03-07,Afternoon,PACK_01,Packaging,Housing,765,710,692,18,33.632,30.0,450,30,22,Tool change,Scratch,B066,S355,Team B
2025-03-07,Night,PRESS_600T,Pressing,Housing,683,619,608,11,37.582,33.6,450,30,32,Maintenance,Press deformation,B066,S355,Team C
2025-03-07,Night,PRESS_60T,Pressing,Housing,531,469,462,7,48.449,43.2,450,28,43,Machine failure,Press deformation,B066,S355,Team C
2025-03-07,Night,WELD_01,Spot Welding,Housing,294,242,228,14,100.302,78.0,450,32,13,Operator waiting,Welding defect,B066,S355,Team C
2025-03-07,Night,WELD_10HEAD,Spot Welding,Housing,425,321,305,16,73.216,54.0,450,33,25,Material shortage,Welding defect,B066,S355,Team C
2025-03-07,Night,LATHE_01,Machining,Housing,562,514,504,10,46.188,40.8,450,29,25,Quality issue,Dimensional defect,B066,S355,Team C
2025-03-07,Night,INSPECT_01,Inspection,Housing,956,879,860,19,27.491,24.0,450,22,25,Material shortage,Surface defect,B066,S355,Team C
2025-03-07,Night,PACK_01,Packaging,Housing,765,648,634,14,34.058,30.0,450,28,54,Tool change,Other,B066,S355,Team C
2025-03-08,Morning,PRESS_600T,Pressing,Housing,683,630,624,6,35.297,33.6,450,31,48,Operator waiting,Press deformation,B067,S355,Team A
2025-03-08,Morning,PRESS_60T,Pressing,Housing,531,544,530,14,44.481,43.2,450,34,12,Material shortage,Press deformation,B067,S355,Team A
2025-03-08,Morning,WELD_01,Spot Welding,Housing,294,245,235,10,94.359,78.0,450,13,51,Material shortage,Welding defect,B067,S355,Team A
2025-03-08,Morning,WELD_10HEAD,Spot Welding,Housing,425,374,353,21,65.607,54.0,450,28,13,Material shortage,Welding defect,B067,S355,Team A
2025-03-08,Morning,LATHE_01,Machining,Housing,562,527,517,10,43.008,40.8,450,35,37,Material shortage,Dimensional defect,B067,S355,Team A
2025-03-08,Morning,INSPECT_01,Inspection,Housing,956,944,925,19,26.178,24.0,450,26,12,Material shortage,Other,B067,S355,Team A
2025-03-08,Morning,PACK_01,Packaging,Housing,765,683,677,6,34.075,30.0,450,14,48,Tool change,Scratch,B067,S355,Team A
2025-03-08,Afternoon,PRESS_600T,Pressing,Housing,683,581,570,11,37.644,33.6,450,14,71,Material shortage,Press deformation,B067,S355,Team B
2025-03-08,Afternoon,PRESS_60T,Pressing,Housing,531,464,456,8,47.674,43.2,450,34,47,Operator waiting,Press deformation,B067,S355,Team B
2025-03-08,Afternoon,WELD_01,Spot Welding,Housing,294,245,237,8,101.12,78.0,450,12,24,Machine failure,Welding defect,B067,S355,Team B
2025-03-08,Afternoon,WELD_10HEAD,Spot Welding,Housing,425,316,292,24,69.51,54.0,450,31,52,Material shortage,Other,B067,S355,Team B
2025-03-08,Afternoon,LATHE_01,Machining,Housing,562,567,566,1,44.409,40.8,450,13,17,Material shortage,Dimensional defect,B067,S355,Team B
2025-03-08,Afternoon,INSPECT_01,Inspection,Housing,956,863,854,9,26.819,24.0,450,32,32,Material shortage,Other,B067,S355,Team B
2025-03-08,Afternoon,PACK_01,Packaging,Housing,765,724,706,18,34.692,30.0,450,11,20,Machine failure,Scratch,B067,S355,Team B
2025-03-08,Night,PRESS_600T,Pressing,Support,910,680,661,19,32.458,25.2,450,31,51,Machine failure,Press deformation,B067,S275,Team C
2025-03-08,Night,PRESS_60T,Pressing,Support,708,751,729,22,34.109,32.4,450,17,6,Machine failure,Other,B067,S275,Team C
2025-03-08,Night,WELD_01,Spot Welding,Support,392,312,295,17,76.392,58.5,450,31,21,Tool change,Welding defect,B067,S275,Team C
2025-03-08,Night,WELD_10HEAD,Spot Welding,Support,566,475,456,19,52.077,40.5,450,22,15,Tool change,Welding defect,B067,S275,Team C
2025-03-08,Night,LATHE_01,Machining,Support,749,725,700,25,33.835,30.6,450,13,28,Maintenance,Other,B067,S275,Team C
2025-03-08,Night,INSPECT_01,Inspection,Support,1275,1046,1024,22,22.473,18.0,450,35,23,Quality issue,Other,B067,S275,Team C
2025-03-08,Night,PACK_01,Packaging,Support,1020,877,856,21,26.408,22.5,450,34,30,Material shortage,Scratch,B067,S275,Team C
2025-03-09,Morning,PRESS_600T,Pressing,Housing,683,671,660,11,35.289,33.6,450,13,42,Material shortage,Press deformation,B068,S355,Team A
2025-03-09,Morning,PRESS_60T,Pressing,Housing,531,508,503,5,49.014,43.2,450,24,11,Machine failure,Press deformation,B068,S355,Team A
2025-03-09,Morning,WELD_01,Spot Welding,Housing,294,270,263,7,89.192,78.0,450,25,23,Tool change,Welding defect,B068,S355,Team A
2025-03-09,Morning,WELD_10HEAD,Spot Welding,Housing,425,343,324,19,66.168,54.0,450,25,46,Material shortage,Welding defect,B068,S355,Team A
2025-03-09,Morning,LATHE_01,Machining,Housing,562,559,549,10,42.887,40.8,450,34,16,Machine failure,Dimensional defect,B068,S355,Team A
2025-03-09,Morning,INSPECT_01,Inspection,Housing,956,890,875,15,25.536,24.0,450,17,54,Material shortage,Surface defect,B068,S355,Team A
2025-03-09,Morning,PACK_01,Packaging,Housing,765,713,698,15,31.446,30.0,450,34,42,Machine failure,Other,B068,S355,Team A
2025-03-09,Afternoon,PRESS_600T,Pressing,Bracket,819,727,712,15,30.42,28.0,450,19,62,Tool change,Press deformation,B068,S235,Team B
2025-03-09,Afternoon,PRESS_60T,Pressing,Bracket,637,545,529,16,41.01,36.0,450,22,55,Quality issue,Press deformation,B068,S235,Team B
2025-03-09,Afternoon,WELD_01,Spot Welding,Bracket,353,289,274,15,85.26,65.0,450,26,12,Machine failure,Welding defect,B068,S235,Team B
2025-03-09,Afternoon,WELD_10HEAD,Spot Welding,Bracket,510,433,410,23,57.008,45.0,450,32,6,Tool change,Welding defect,B068,S235,Team B
2025-03-09,Afternoon,LATHE_01,Machining,Bracket,675,681,674,7,37.656,34.0,450,12,10,Machine failure,Other,B068,S235,Team B
2025-03-09,Afternoon,INSPECT_01,Inspection,Bracket,1147,1044,1031,13,22.292,20.0,450,22,40,Tool change,Surface defect,B068,S235,Team B
2025-03-09,Afternoon,PACK_01,Packaging,Bracket,918,991,978,13,25.895,25.0,450,15,7,Material shortage,Other,B068,S235,Team B
2025-03-09,Night,PRESS_600T,Pressing,Housing,683,545,537,8,41.106,33.6,450,28,48,Machine failure,Press deformation,B068,S355,Team C
2025-03-09,Night,PRESS_60T,Pressing,Housing,531,425,416,9,52.03,43.2,450,32,49,Material shortage,Press deformation,B068,S355,Team C
2025-03-09,Night,WELD_01,Spot Welding,Housing,294,254,245,9,95.251,78.0,450,33,13,Tool change,Other,B068,S355,Team C
2025-03-09,Night,WELD_10HEAD,Spot Welding,Housing,425,308,296,12,70.036,54.0,450,35,55,Machine failure,Welding defect,B068,S355,Team C
2025-03-09,Night,LATHE_01,Machining,Housing,562,463,446,17,51.741,40.8,450,25,25,Material shortage,Dimensional defect,B068,S355,Team C
2025-03-09,Night,INSPECT_01,Inspection,Housing,956,855,837,18,27.362,24.0,450,22,38,Material shortage,Surface defect,B068,S355,Team C
2025-03-09,Night,PACK_01,Packaging,Housing,765,715,702,13,33.287,30.0,450,20,33,Operator waiting,Scratch,B068,S355,Team C
2025-03-10,Morning,PRESS_600T,Pressing,Bracket,819,762,748,14,31.866,28.0,450,19,26,Machine failure,Press deformation,B069,S235,Team A
2025-03-10,Morning,PRESS_60T,Pressing,Bracket,637,675,670,5,38.639,36.0,450,10,5,Tool change,Press deformation,B069,S235,Team A
2025-03-10,Morning,WELD_01,Spot Welding,Bracket,353,256,245,11,85.707,65.0,450,34,50,Operator waiting,Welding defect,B069,S235,Team A
2025-03-10,Morning,WELD_10HEAD,Spot Welding,Bracket,510,431,407,24,56.586,45.0,450,35,8,Operator waiting,Welding defect,B069,S235,Team A
2025-03-10,Morning,LATHE_01,Machining,Bracket,675,635,626,9,36.538,34.0,450,18,45,Material shortage,Other,B069,S235,Team A
2025-03-10,Morning,INSPECT_01,Inspection,Bracket,1147,1061,1043,18,21.254,20.0,450,30,44,Maintenance,Other,B069,S235,Team A
2025-03-10,Morning,PACK_01,Packaging,Bracket,918,951,943,8,27.228,25.0,450,13,5,Machine failure,Scratch,B069,S235,Team A
2025-03-10,Afternoon,PRESS_600T,Pressing,Bracket,819,758,740,18,29.989,28.0,450,22,49,Machine failure,Press deformation,B069,S235,Team B
2025-03-10,Afternoon,PRESS_60T,Pressing,Bracket,637,568,558,10,40.641,36.0,450,25,40,Material shortage,Other,B069,S235,Team B
2025-03-10,Afternoon,WELD_01,Spot Welding,Bracket,353,313,299,14,78.388,65.0,450,17,24,Material shortage,Other,B069,S235,Team B
2025-03-10,Afternoon,WELD_10HEAD,Spot Welding,Bracket,510,441,413,28,56.83,45.0,450,20,12,Quality issue,Other,B069,S235,Team B
2025-03-10,Afternoon,LATHE_01,Machining,Bracket,675,667,650,17,38.283,34.0,450,16,8,Material shortage,Dimensional defect,B069,S235,Team B
2025-03-10,Afternoon,INSPECT_01,Inspection,Bracket,1147,1095,1073,22,20.53,20.0,450,27,48,Operator waiting,Other,B069,S235,Team B
2025-03-10,Afternoon,PACK_01,Packaging,Bracket,918,918,907,11,26.121,25.0,450,21,29,Quality issue,Scratch,B069,S235,Team B
2025-03-10,Night,PRESS_600T,Pressing,Support,910,785,770,15,30.257,25.2,450,20,34,Tool change,Press deformation,B069,S275,Team C
2025-03-10,Night,PRESS_60T,Pressing,Support,708,584,571,13,40.469,32.4,450,12,44,Machine failure,Press deformation,B069,S275,Team C
2025-03-10,Night,WELD_01,Spot Welding,Support,392,333,305,28,70.114,58.5,450,12,48,Machine failure,Welding defect,B069,S275,Team C
2025-03-10,Night,WELD_10HEAD,Spot Welding,Support,566,442,420,22,51.942,40.5,450,24,43,Operator waiting,Other,B069,S275,Team C
2025-03-10,Night,LATHE_01,Machining,Support,749,657,641,16,35.502,30.6,450,15,46,Tool change,Dimensional defect,B069,S275,Team C
2025-03-10,Night,INSPECT_01,Inspection,Support,1275,1070,1058,12,21.18,18.0,450,18,54,Material shortage,Surface defect,B069,S275,Team C
2025-03-10,Night,PACK_01,Packaging,Support,1020,916,887,29,26.247,22.5,450,22,27,Machine failure,Scratch,B069,S275,Team C
2025-03-11,Morning,PRESS_600T,Pressing,Bracket,819,777,775,2,29.783,28.0,450,10,54,Maintenance,Press deformation,B070,S235,Team A
2025-03-11,Morning,PRESS_60T,Pressing,Bracket,637,582,570,12,39.628,36.0,450,28,37,Material shortage,Press deformation,B070,S235,Team A
2025-03-11,Morning,WELD_01,Spot Welding,Bracket,353,298,281,17,79.391,65.0,450,11,44,Material shortage,Welding defect,B070,S235,Team A
2025-03-11,Morning,WELD_10HEAD,Spot Welding,Bracket,510,389,374,15,56.238,45.0,450,30,55,Machine failure,Welding defect,B070,S235,Team A
2025-03-11,Morning,LATHE_01,Machining,Bracket,675,651,639,12,37.121,34.0,450,10,37,Material shortage,Other,B070,S235,Team A
2025-03-11,Morning,INSPECT_01,Inspection,Bracket,1147,989,972,17,22.558,20.0,450,34,44,Material shortage,Other,B070,S235,Team A
2025-03-11,Morning,PACK_01,Packaging,Bracket,918,895,877,18,26.261,25.0,450,24,34,Machine failure,Scratch,B070,S235,Team A
2025-03-11,Afternoon,PRESS_600T,Pressing,Support,910,841,821,20,27.437,25.2,450,22,43,Machine failure,Other,B070,S275,Team B
2025-03-11,Afternoon,PRESS_60T,Pressing,Support,708,717,709,8,34.135,32.4,450,20,22,Quality issue,Press deformation,B070,S275,Team B
2025-03-11,Afternoon,WELD_01,Spot Welding,Support,392,329,310,19,74.194,58.5,450,31,11,Quality issue,Welding defect,B070,S275,Team B
2025-03-11,Afternoon,WELD_10HEAD,Spot Welding,Support,566,451,426,25,50.745,40.5,450,15,53,Material shortage,Welding defect,B070,S275,Team B
2025-03-11,Afternoon,LATHE_01,Machining,Support,749,725,715,10,33.311,30.6,450,27,20,Material shortage,Dimensional defect,B070,S275,Team B
2025-03-11,Afternoon,INSPECT_01,Inspection,Support,1275,1216,1180,36,18.982,18.0,450,25,40,Material shortage,Surface defect,B070,S275,Team B
2025-03-11,Afternoon,PACK_01,Packaging,Support,1020,984,967,17,24.612,22.5,450,19,27,Tool change,Scratch,B070,S275,Team B
2025-03-11,Night,PRESS_600T,Pressing,Support,910,771,757,14,30.703,25.2,450,20,35,Material shortage,Other,B070,S275,Team C
2025-03-11,Night,PRESS_60T,Pressing,Support,708,656,638,18,36.909,32.4,450,16,30,Material shortage,Press deformation,B070,S275,Team C
2025-03-11,Night,WELD_01,Spot Welding,Support,392,311,285,26,73.994,58.5,450,23,43,Material shortage,Welding defect,B070,S275,Team C
2025-03-11,Night,WELD_10HEAD,Spot Welding,Support,566,454,430,24,51.097,40.5,450,22,41,Machine failure,Other,B070,S275,Team C
2025-03-11,Night,LATHE_01,Machining,Support,749,660,648,12,37.706,30.6,450,18,17,Tool change,Dimensional defect,B070,S275,Team C
2025-03-11,Night,INSPECT_01,Inspection,Support,1275,1003,988,15,23.068,18.0,450,30,34,Tool change,Other,B070,S275,Team C
2025-03-11,Night,PACK_01,Packaging,Support,1020,975,954,21,25.71,22.5,450,15,17,Material shortage,Scratch,B070,S275,Team C
2025-03-12,Morning,PRESS_600T,Pressing,Bracket,819,750,731,19,29.99,28.0,450,10,65,Material shortage,Press deformation,B071,S235,Team A
2025-03-12,Morning,PRESS_60T,Pressing,Bracket,637,552,533,19,41.59,36.0,450,12,55,Material shortage,Press deformation,B071,S235,Team A
2025-03-12,Morning,WELD_01,Spot Welding,Bracket,353,272,251,21,81.16,65.0,450,28,54,Quality issue,Welding defect,B071,S235,Team A
2025-03-12,Morning,WELD_10HEAD,Spot Welding,Bracket,510,419,403,16,58.363,45.0,450,16,26,Tool change,Welding defect,B071,S235,Team A
2025-03-12,Morning,LATHE_01,Machining,Bracket,675,579,570,9,39.33,34.0,450,34,36,Material shortage,Dimensional defect,B071,S235,Team A
2025-03-12,Morning,INSPECT_01,Inspection,Bracket,1147,1149,1126,23,22.022,20.0,450,12,16,Tool change,Surface defect,B071,S235,Team A
2025-03-12,Morning,PACK_01,Packaging,Bracket,918,927,914,13,27.569,25.0,450,15,9,Maintenance,Scratch,B071,S235,Team A
2025-03-12,Afternoon,PRESS_600T,Pressing,Bracket,819,665,656,9,32.027,28.0,450,23,72,Tool change,Other,B071,S235,Team B
2025-03-12,Afternoon,PRESS_60T,Pressing,Bracket,637,621,614,7,36.88,36.0,450,31,37,Material shortage,Press deformation,B071,S235,Team B
2025-03-12,Afternoon,WELD_01,Spot Welding,Bracket,353,310,295,15,83.406,65.0,450,10,9,Material shortage,Other,B071,S235,Team B
2025-03-12,Afternoon,WELD_10HEAD,Spot Welding,Bracket,510,412,387,25,58.656,45.0,450,17,30,Tool change,Welding defect,B071,S235,Team B
2025-03-12,Afternoon,LATHE_01,Machining,Bracket,675,649,634,15,39.374,34.0,450,15,9,Material shortage,Dimensional defect,B071,S235,Team B
2025-03-12,Afternoon,INSPECT_01,Inspection,Bracket,1147,1130,1107,23,22.289,20.0,450,11,19,Tool change,Other,B071,S235,Team B
2025-03-12,Afternoon,PACK_01,Packaging,Bracket,918,918,911,7,27.702,25.0,450,16,10,Tool change,Scratch,B071,S235,Team B
2025-03-12,Night,PRESS_600T,Pressing,Bracket,819,689,681,8,34.032,28.0,450,26,33,Material shortage,Press deformation,B071,S235,Team C
2025-03-12,Night,PRESS_60T,Pressing,Bracket,637,529,519,10,42.181,36.0,450,23,55,Tool change,Press deformation,B071,S235,Team C
2025-03-12,Night,WELD_01,Spot Welding,Bracket,353,286,273,13,83.842,65.0,450,24,25,Material shortage,Welding defect,B071,S235,Team C
2025-03-12,Night,WELD_10HEAD,Spot Welding,Bracket,510,407,380,27,58.061,45.0,450,20,36,Maintenance,Other,B071,S235,Team C
2025-03-12,Night,LATHE_01,Machining,Bracket,675,634,620,14,41.029,34.0,450,11,5,Tool change,Other,B071,S235,Team C
2025-03-12,Night,INSPECT_01,Inspection,Bracket,1147,1058,1039,19,23.345,20.0,450,18,20,Material shortage,Surface defect,B071,S235,Team C
2025-03-12,Night,PACK_01,Packaging,Bracket,918,855,839,16,28.754,25.0,450,26,14,Operator waiting,Scratch,B071,S235,Team C
2025-03-13,Morning,PRESS_600T,Pressing,Housing,683,594,580,14,38.888,33.6,450,14,51,Material shortage,Press deformation,B072,S355,Team A
2025-03-13,Morning,PRESS_60T,Pressing,Housing,531,558,555,3,44.377,43.2,450,21,16,Tool change,Press deformation,B072,S355,Team A
2025-03-13,Morning,WELD_01,Spot Welding,Housing,294,250,230,20,89.98,78.0,450,33,41,Maintenance,Welding defect,B072,S355,Team A
2025-03-13,Morning,WELD_10HEAD,Spot Welding,Housing,425,378,352,26,62.907,54.0,450,13,40,Material shortage,Welding defect,B072,S355,Team A
2025-03-13,Morning,LATHE_01,Machining,Housing,562,512,504,8,42.938,40.8,450,29,54,Tool change,Dimensional defect,B072,S355,Team A
2025-03-13,Morning,INSPECT_01,Inspection,Housing,956,852,838,14,26.531,24.0,450,27,46,Tool change,Other,B072,S355,Team A
2025-03-13,Morning,PACK_01,Packaging,Housing,765,709,697,12,34.227,30.0,450,35,10,Material shortage,Scratch,B072,S355,Team A
2025-03-13,Afternoon,PRESS_600T,Pressing,Bracket,819,760,749,11,31.7,28.0,450,21,27,Quality issue,Other,B072,S235,Team B
2025-03-13,Afternoon,PRESS_60T,Pressing,Bracket,637,665,650,15,36.962,36.0,450,32,8,Machine failure,Press deformation,B072,S235,Team B
2025-03-13,Afternoon,WELD_01,Spot Welding,Bracket,353,282,267,15,83.652,65.0,450,21,35,Operator waiting,Other,B072,S235,Team B
2025-03-13,Afternoon,WELD_10HEAD,Spot Welding,Bracket,510,422,393,29,58.237,45.0,450,16,24,Operator waiting,Welding defect,B072,S235,Team B
2025-03-13,Afternoon,LATHE_01,Machining,Bracket,675,695,680,15,35.2,34.0,450,34,8,Machine failure,Dimensional defect,B072,S235,Team B
2025-03-13,Afternoon,INSPECT_01,Inspection,Bracket,1147,1166,1141,25,20.478,20.0,450,20,32,Tool change,Surface defect,B072,S235,Team B
2025-03-13,Afternoon,PACK_01,Packaging,Bracket,918,835,829,6,28.521,25.0,450,24,29,Machine failure,Scratch,B072,S235,Team B
2025-03-13,Night,PRESS_600T,Pressing,Support,910,786,769,17,28.075,25.2,450,20,62,Machine failure,Press deformation,B072,S275,Team C
2025-03-13,Night,PRESS_60T,Pressing,Support,708,724,704,20,34.438,32.4,450,18,16,Machine failure,Press deformation,B072,S275,Team C
2025-03-13,Night,WELD_01,Spot Welding,Support,392,278,257,21,83.047,58.5,450,21,43,Machine failure,Other,B072,S275,Team C
2025-03-13,Night,WELD_10HEAD,Spot Welding,Support,566,474,454,20,48.555,40.5,450,21,45,Quality issue,Welding defect,B072,S275,Team C
2025-03-13,Night,LATHE_01,Machining,Support,749,629,614,15,37.827,30.6,450,11,42,Maintenance,Dimensional defect,B072,S275,Team C
2025-03-13,Night,INSPECT_01,Inspection,Support,1275,1120,1098,22,22.28,18.0,450,17,17,Operator waiting,Surface defect,B072,S275,Team C
2025-03-13,Night,PACK_01,Packaging,Support,1020,1023,1002,21,25.323,22.5,450,10,8,Material shortage,Scratch,B072,S275,Team C
2025-03-14,Morning,PRESS_600T,Pressing,Housing,683,643,626,17,37.298,33.6,450,19,31,Material shortage,Other,B073,S355,Team A
2025-03-14,Morning,PRESS_60T,Pressing,Housing,531,534,517,17,44.87,43.2,450,24,26,Machine failure,Press deformation,B073,S355,Team A
2025-03-14,Morning,WELD_01,Spot Welding,Housing,294,235,222,13,94.199,78.0,450,31,50,Tool change,Welding defect,B073,S355,Team A
2025-03-14,Morning,WELD_10HEAD,Spot Welding,Housing,425,389,370,19,60.887,54.0,450,25,30,Machine failure,Welding defect,B073,S355,Team A
2025-03-14,Morning,LATHE_01,Machining,Housing,562,481,475,6,45.34,40.8,450,32,54,Machine failure,Dimensional defect,B073,S355,Team A
2025-03-14,Morning,INSPECT_01,Inspection,Housing,956,969,954,15,26.31,24.0,450,16,9,Tool change,Surface defect,B073,S355,Team A
2025-03-14,Morning,PACK_01,Packaging,Housing,765,663,655,8,34.021,30.0,450,28,46,Material shortage,Scratch,B073,S355,Team A
2025-03-14,Afternoon,PRESS_600T,Pressing,Support,910,828,818,10,27.956,25.2,450,13,51,Tool change,Other,B073,S275,Team B
2025-03-14,Afternoon,PRESS_60T,Pressing,Support,708,726,723,3,33.596,32.4,450,26,17,Tool change,Press deformation,B073,S275,Team B
2025-03-14,Afternoon,WELD_01,Spot Welding,Support,392,361,346,15,68.875,58.5,450,30,5,Tool change,Welding defect,B073,S275,Team B
2025-03-14,Afternoon,WELD_10HEAD,Spot Welding,Support,566,463,435,28,51.284,40.5,450,14,40,Material shortage,Welding defect,B073,S275,Team B
2025-03-14,Afternoon,LATHE_01,Machining,Support,749,718,709,9,34.501,30.6,450,10,27,Material shortage,Dimensional defect,B073,S275,Team B
2025-03-14,Afternoon,INSPECT_01,Inspection,Support,1275,1206,1201,5,18.8,18.0,450,18,54,Machine failure,Other,B073,S275,Team B
2025-03-14,Afternoon,PACK_01,Packaging,Support,1020,871,856,15,25.823,22.5,450,29,46,Machine failure,Scratch,B073,S275,Team B
2025-03-14,Night,PRESS_600T,Pressing,Support,910,757,739,18,29.371,25.2,450,33,46,Material shortage,Press deformation,B073,S275,Team C
2025-03-14,Night,PRESS_60T,Pressing,Support,708,736,714,22,34.398,32.4,450,22,6,Operator waiting,Press deformation,B073,S275,Team C
2025-03-14,Night,WELD_01,Spot Welding,Support,392,304,287,17,73.339,58.5,450,32,46,Quality issue,Welding defect,B073,S275,Team C
2025-03-14,Night,WELD_10HEAD,Spot Welding,Support,566,517,479,38,47.698,40.5,450,15,24,Tool change,Welding defect,B073,S275,Team C
2025-03-14,Night,LATHE_01,Machining,Support,749,623,612,11,36.352,30.6,450,19,53,Material shortage,Dimensional defect,B073,S275,Team C
2025-03-14,Night,INSPECT_01,Inspection,Support,1275,1204,1180,24,19.781,18.0,450,27,26,Tool change,Other,B073,S275,Team C
2025-03-14,Night,PACK_01,Packaging,Support,1020,799,786,13,27.758,22.5,450,34,46,Machine failure,Other,B073,S275,Team C
2025-03-15,Morning,PRESS_600T,Pressing,Bracket,819,728,719,9,29.247,28.0,450,27,68,Tool change,Press deformation,B074,S235,Team A
2025-03-15,Morning,PRESS_60T,Pressing,Bracket,637,645,628,17,37.856,36.0,450,21,22,Maintenance,Press deformation,B074,S235,Team A
2025-03-15,Morning,WELD_01,Spot Welding,Bracket,353,290,283,7,80.272,65.0,450,10,51,Quality issue,Welding defect,B074,S235,Team A
2025-03-15,Morning,WELD_10HEAD,Spot Welding,Bracket,510,393,368,25,56.3,45.0,450,34,47,Operator waiting,Welding defect,B074,S235,Team A
2025-03-15,Morning,LATHE_01,Machining,Bracket,675,657,645,12,38.072,34.0,450,18,15,Material shortage,Dimensional defect,B074,S235,Team A
2025-03-15,Morning,INSPECT_01,Inspection,Bracket,1147,1042,1024,18,21.293,20.0,450,35,45,Material shortage,Other,B074,S235,Team A
2025-03-15,Morning,PACK_01,Packaging,Bracket,918,941,927,14,26.644,25.0,450,15,17,Machine failure,Scratch,B074,S235,Team A
2025-03-15,Afternoon,PRESS_600T,Pressing,Support,910,798,789,9,27.588,25.2,450,33,50,Tool change,Other,B074,S275,Team B
2025-03-15,Afternoon,PRESS_60T,Pressing,Support,708,710,695,15,33.2,32.4,450,15,42,Tool change,Press deformation,B074,S275,Team B
2025-03-15,Afternoon,WELD_01,Spot Welding,Support,392,351,333,18,67.918,58.5,450,27,25,Machine failure,Welding defect,B074,S275,Team B
2025-03-15,Afternoon,WELD_10HEAD,Spot Welding,Support,566,454,431,23,51.08,40.5,450,22,41,Maintenance,Welding defect,B074,S275,Team B
2025-03-15,Afternoon,LATHE_01,Machining,Support,749,757,743,14,31.364,30.6,450,29,25,Material shortage,Dimensional defect,B074,S275,Team B
2025-03-15,Afternoon,INSPECT_01,Inspection,Support,1275,1086,1062,24,20.866,18.0,450,18,54,Material shortage,Surface defect,B074,S275,Team B
2025-03-15,Afternoon,PACK_01,Packaging,Support,1020,1093,1077,16,23.373,22.5,450,10,14,Material shortage,Scratch,B074,S275,Team B
2025-03-15,Night,PRESS_600T,Pressing,Support,910,795,783,12,29.7,25.2,450,24,32,Material shortage,Press deformation,B074,S275,Team C
2025-03-15,Night,PRESS_60T,Pressing,Support,708,649,630,19,37.34,32.4,450,14,32,Material shortage,Press deformation,B074,S275,Team C
2025-03-15,Night,WELD_01,Spot Welding,Support,392,299,285,14,77.262,58.5,450,23,41,Tool change,Other,B074,S275,Team C
2025-03-15,Night,WELD_10HEAD,Spot Welding,Support,566,426,394,32,55.752,40.5,450,19,35,Machine failure,Welding defect,B074,S275,Team C
2025-03-15,Night,LATHE_01,Machining,Support,749,711,699,12,34.666,30.6,450,20,19,Machine failure,Dimensional defect,B074,S275,Team C
2025-03-15,Night,INSPECT_01,Inspection,Support,1275,1185,1147,38,20.7,18.0,450,28,13,Tool change,Surface defect,B074,S275,Team C
2025-03-15,Night,PACK_01,Packaging,Support,1020,918,902,16,27.291,22.5,450,19,13,Material shortage,Scratch,B074,S275,Team C
2025-03-16,Morning,PRESS_600T,Pressing,Bracket,819,763,753,10,32.226,28.0,450,11,29,Maintenance,Press deformation,B075,S235,Team A
2025-03-16,Morning,PRESS_60T,Pressing,Bracket,637,645,637,8,37.576,36.0,450,14,32,Operator waiting,Press deformation,B075,S235,Team A
2025-03-16,Morning,WELD_01,Spot Welding,Bracket,353,294,276,18,84.834,65.0,450,28,5,Material shortage,Welding defect,B075,S235,Team A
2025-03-16,Morning,WELD_10HEAD,Spot Welding,Bracket,510,439,403,36,56.934,45.0,450,13,20,Operator waiting,Other,B075,S235,Team A
2025-03-16,Morning,LATHE_01,Machining,Bracket,675,595,591,4,37.168,34.0,450,29,52,Material shortage,Dimensional defect,B075,S235,Team A
2025-03-16,Morning,INSPECT_01,Inspection,Bracket,1147,1127,1106,21,21.33,20.0,450,26,23,Machine failure,Other,B075,S235,Team A
2025-03-16,Morning,PACK_01,Packaging,Bracket,918,981,969,12,25.504,25.0,450,27,6,Machine failure,Other,B075,S235,Team A
2025-03-16,Afternoon,PRESS_600T,Pressing,Support,910,922,905,17,25.753,25.2,450,21,33,Operator waiting,Other,B075,S275,Team B
2025-03-16,Afternoon,PRESS_60T,Pressing,Support,708,668,660,8,36.735,32.4,450,12,29,Operator waiting,Press deformation,B075,S275,Team B
2025-03-16,Afternoon,WELD_01,Spot Welding,Support,392,334,318,16,68.102,58.5,450,17,53,Quality issue,Welding defect,B075,S275,Team B
2025-03-16,Afternoon,WELD_10HEAD,Spot Welding,Support,566,495,467,28,46.73,40.5,450,19,45,Tool change,Welding defect,B075,S275,Team B
2025-03-16,Afternoon,LATHE_01,Machining,Support,749,687,681,6,33.42,30.6,450,26,41,Operator waiting,Dimensional defect,B075,S275,Team B
2025-03-16,Afternoon,INSPECT_01,Inspection,Support,1275,1136,1115,21,20.116,18.0,450,23,46,Material shortage,Surface defect,B075,S275,Team B
2025-03-16,Afternoon,PACK_01,Packaging,Support,1020,1050,1024,26,23.422,22.5,450,30,10,Material shortage,Scratch,B075,S275,Team B
2025-03-16,Night,PRESS_600T,Pressing,Support,910,684,658,26,29.977,25.2,450,35,73,Maintenance,Press deformation,B075,S275,Team C
2025-03-16,Night,PRESS_60T,Pressing,Support,708,660,642,18,38.862,32.4,450,13,9,Machine failure,Press deformation,B075,S275,Team C
2025-03-16,Night,WELD_01,Spot Welding,Support,392,302,278,24,76.834,58.5,450,17,46,Material shortage,Welding defect,B075,S275,Team C
2025-03-16,Night,WELD_10HEAD,Spot Welding,Support,566,507,486,21,47.86,40.5,450,18,27,Tool change,Welding defect,B075,S275,Team C
2025-03-16,Night,LATHE_01,Machining,Support,749,681,661,20,36.349,30.6,450,18,19,Tool change,Dimensional defect,B075,S275,Team C
2025-03-16,Night,INSPECT_01,Inspection,Support,1275,1175,1139,36,20.578,18.0,450,10,37,Tool change,Surface defect,B075,S275,Team C
2025-03-16,Night,PACK_01,Packaging,Support,1020,956,925,31,24.785,22.5,450,31,24,Tool change,Scratch,B075,S275,Team C
2025-03-17,Morning,PRESS_600T,Pressing,Support,910,820,801,19,28.089,25.2,450,20,46,Tool change,Press deformation,B076,S275,Team A
2025-03-17,Morning,PRESS_60T,Pressing,Support,708,705,690,15,34.591,32.4,450,21,22,Machine failure,Press deformation,B076,S275,Team A
2025-03-17,Morning,WELD_01,Spot Welding,Support,392,353,335,18,72.08,58.5,450,13,12,Tool change,Other,B076,S275,Team A
2025-03-17,Morning,WELD_10HEAD,Spot Welding,Support,566,424,404,20,52.054,40.5,450,31,51,Material shortage,Welding defect,B076,S275,Team A
2025-03-17,Morning,LATHE_01,Machining,Support,749,691,680,11,32.024,30.6,450,31,50,Tool change,Dimensional defect,B076,S275,Team A
2025-03-17,Morning,INSPECT_01,Inspection,Support,1275,1228,1198,30,20.026,18.0,450,22,18,Tool change,Surface defect,B076,S275,Team A
2025-03-17,Morning,PACK_01,Packaging,Support,1020,1095,1076,19,23.23,22.5,450,19,7,Tool change,Scratch,B076,S275,Team A
2025-03-17,Afternoon,PRESS_600T,Pressing,Bracket,819,719,716,3,29.755,28.0,450,34,59,Quality issue,Press deformation,B076,S235,Team B
2025-03-17,Afternoon,PRESS_60T,Pressing,Bracket,637,618,603,15,39.889,36.0,450,13,26,Maintenance,Press deformation,B076,S235,Team B
2025-03-17,Afternoon,WELD_01,Spot Welding,Bracket,353,287,272,15,81.922,65.0,450,27,30,Tool change,Welding defect,B076,S235,Team B
2025-03-17,Afternoon,WELD_10HEAD,Spot Welding,Bracket,510,500,487,13,50.484,45.0,450,22,7,Material shortage,Welding defect,B076,S235,Team B
2025-03-17,Afternoon,LATHE_01,Machining,Bracket,675,650,647,3,37.981,34.0,450,19,19,Material shortage,Other,B076,S235,Team B
2025-03-17,Afternoon,INSPECT_01,Inspection,Bracket,1147,1099,1073,26,22.256,20.0,450,24,18,Material shortage,Surface defect,B076,S235,Team B
2025-03-17,Afternoon,PACK_01,Packaging,Bracket,918,902,888,14,25.721,25.0,450,28,35,Maintenance,Scratch,B076,S235,Team B
2025-03-17,Night,PRESS_600T,Pressing,Bracket,819,695,679,16,33.021,28.0,450,28,39,Machine failure,Press deformation,B076,S235,Team C
2025-03-17,Night,PRESS_60T,Pressing,Bracket,637,615,603,12,38.474,36.0,450,35,20,Maintenance,Press deformation,B076,S235,Team C
2025-03-17,Night,WELD_01,Spot Welding,Bracket,353,289,261,28,81.847,65.0,450,31,24,Operator waiting,Welding defect,B076,S235,Team C
2025-03-17,Night,WELD_10HEAD,Spot Welding,Bracket,510,397,376,21,58.855,45.0,450,20,40,Operator waiting,Other,B076,S235,Team C
2025-03-17,Night,LATHE_01,Machining,Bracket,675,628,615,13,36.669,34.0,450,12,54,Material shortage,Dimensional defect,B076,S235,Team C
2025-03-17,Night,INSPECT_01,Inspection,Bracket,1147,992,961,31,23.097,20.0,450,23,45,Machine failure,Surface defect,B076,S235,Team C
2025-03-17,Night,PACK_01,Packaging,Bracket,918,843,819,24,30.012,25.0,450,17,11,Material shortage,Other,B076,S235,Team C
2025-03-18,Morning,PRESS_600T,Pressing,Support,910,838,823,15,26.408,25.2,450,21,60,Quality issue,Press deformation,B077,S275,Team A
2025-03-18,Morning,PRESS_60T,Pressing,Support,708,670,652,18,34.432,32.4,450,34,31,Machine failure,Press deformation,B077,S275,Team A
2025-03-18,Morning,WELD_01,Spot Welding,Support,392,332,314,18,74.172,58.5,450,13,26,Operator waiting,Welding defect,B077,S275,Team A
2025-03-18,Morning,WELD_10HEAD,Spot Welding,Support,566,486,455,31,50.309,40.5,450,27,15,Material shortage,Welding defect,B077,S275,Team A
2025-03-18,Morning,LATHE_01,Machining,Support,749,701,698,3,34.225,30.6,450,24,26,Material shortage,Dimensional defect,B077,S275,Team A
2025-03-18,Morning,INSPECT_01,Inspection,Support,1275,1205,1180,25,20.155,18.0,450,13,32,Material shortage,Other,B077,S275,Team A
2025-03-18,Morning,PACK_01,Packaging,Support,1020,943,929,14,25.493,22.5,450,35,14,Material shortage,Scratch,B077,S275,Team A
2025-03-18,Afternoon,PRESS_600T,Pressing,Housing,683,681,673,8,35.382,33.6,450,23,25,Quality issue,Press deformation,B077,S355,Team B
2025-03-18,Afternoon,PRESS_60T,Pressing,Housing,531,494,491,3,47.424,43.2,450,11,48,Operator waiting,Press deformation,B077,S355,Team B
2025-03-18,Afternoon,WELD_01,Spot Welding,Housing,294,241,225,16,92.198,78.0,450,27,52,Operator waiting,Welding defect,B077,S355,Team B
2025-03-18,Afternoon,WELD_10HEAD,Spot Welding,Housing,425,335,315,20,64.709,54.0,450,35,53,Material shortage,Welding defect,B077,S355,Team B
2025-03-18,Afternoon,LATHE_01,Machining,Housing,562,537,527,10,43.124,40.8,450,17,47,Maintenance,Dimensional defect,B077,S355,Team B
2025-03-18,Afternoon,INSPECT_01,Inspection,Housing,956,889,870,19,26.111,24.0,450,24,39,Material shortage,Other,B077,S355,Team B
2025-03-18,Afternoon,PACK_01,Packaging,Housing,765,754,744,10,31.412,30.0,450,23,32,Tool change,Scratch,B077,S355,Team B
2025-03-18,Night,PRESS_600T,Pressing,Housing,683,596,589,7,40.537,33.6,450,21,26,Machine failure,Press deformation,B077,S355,Team C
2025-03-18,Night,PRESS_60T,Pressing,Housing,531,456,451,5,49.67,43.2,450,22,50,Material shortage,Press deformation,B077,S355,Team C
2025-03-18,Night,WELD_01,Spot Welding,Housing,294,206,193,13,108.811,78.0,450,30,46,Material shortage,Welding defect,B077,S355,Team C
2025-03-18,Night,WELD_10HEAD,Spot Welding,Housing,425,310,291,19,74.988,54.0,450,10,52,Material shortage,Welding defect,B077,S355,Team C
2025-03-18,Night,LATHE_01,Machining,Housing,562,514,493,21,49.104,40.8,450,15,14,Tool change,Dimensional defect,B077,S355,Team C
2025-03-18,Night,INSPECT_01,Inspection,Housing,956,880,853,27,26.244,24.0,450,11,54,Material shortage,Surface defect,B077,S355,Team C
2025-03-18,Night,PACK_01,Packaging,Housing,765,721,705,16,31.765,30.0,450,25,43,Operator waiting,Scratch,B077,S355,Team C
2025-03-19,Morning,PRESS_600T,Pressing,Housing,683,688,677,11,34.356,33.6,450,27,29,Tool change,Press deformation,B078,S355,Team A
2025-03-19,Morning,PRESS_60T,Pressing,Housing,531,512,507,5,47.793,43.2,450,24,18,Maintenance,Press deformation,B078,S355,Team A
2025-03-19,Morning,WELD_01,Spot Welding,Housing,294,261,249,12,87.422,78.0,450,33,36,Material shortage,Welding defect,B078,S355,Team A
2025-03-19,Morning,WELD_10HEAD,Spot Welding,Housing,425,354,327,27,62.973,54.0,450,23,55,Machine failure,Welding defect,B078,S355,Team A
2025-03-19,Morning,LATHE_01,Machining,Housing,562,510,500,10,47.267,40.8,450,24,24,Tool change,Other,B078,S355,Team A
2025-03-19,Morning,INSPECT_01,Inspection,Housing,956,993,979,14,24.638,24.0,450,33,9,Quality issue,Surface defect,B078,S355,Team A
2025-03-19,Morning,PACK_01,Packaging,Housing,765,779,762,17,32.163,30.0,450,17,15,Tool change,Scratch,B078,S355,Team A
2025-03-19,Afternoon,PRESS_600T,Pressing,Support,910,753,744,9,28.039,25.2,450,26,72,Machine failure,Other,B078,S275,Team B
2025-03-19,Afternoon,PRESS_60T,Pressing,Support,708,717,707,10,33.953,32.4,450,35,9,Tool change,Press deformation,B078,S275,Team B
2025-03-19,Afternoon,WELD_01,Spot Welding,Support,392,339,328,11,75.289,58.5,450,19,5,Material shortage,Welding defect,B078,S275,Team B
2025-03-19,Afternoon,WELD_10HEAD,Spot Welding,Support,566,431,413,18,52.619,40.5,450,29,43,Maintenance,Welding defect,B078,S275,Team B
2025-03-19,Afternoon,LATHE_01,Machining,Support,749,687,683,4,33.933,30.6,450,15,46,Operator waiting,Dimensional defect,B078,S275,Team B
2025-03-19,Afternoon,INSPECT_01,Inspection,Support,1275,1169,1142,27,19.494,18.0,450,16,54,Quality issue,Other,B078,S275,Team B
2025-03-19,Afternoon,PACK_01,Packaging,Support,1020,985,962,23,25.142,22.5,450,16,21,Machine failure,Scratch,B078,S275,Team B
2025-03-19,Night,PRESS_600T,Pressing,Housing,683,562,545,17,40.969,33.6,450,33,33,Tool change,Press deformation,B078,S355,Team C
2025-03-19,Night,PRESS_60T,Pressing,Housing,531,439,431,8,52.308,43.2,450,23,44,Operator waiting,Press deformation,B078,S355,Team C
2025-03-19,Night,WELD_01,Spot Welding,Housing,294,237,216,21,104.679,78.0,450,28,8,Maintenance,Welding defect,B078,S355,Team C
2025-03-19,Night,WELD_10HEAD,Spot Welding,Housing,425,318,295,23,74.048,54.0,450,28,29,Tool change,Welding defect,B078,S355,Team C
2025-03-19,Night,LATHE_01,Machining,Housing,562,535,524,11,44.493,40.8,450,13,40,Machine failure,Dimensional defect,B078,S355,Team C
2025-03-19,Night,INSPECT_01,Inspection,Housing,956,796,772,24,29.458,24.0,450,15,44,Tool change,Surface defect,B078,S355,Team C
2025-03-19,Night,PACK_01,Packaging,Housing,765,660,644,16,36.854,30.0,450,27,17,Material shortage,Other,B078,S355,Team C
2025-03-20,Morning,PRESS_600T,Pressing,Bracket,819,836,812,24,28.683,28.0,450,15,35,Machine failure,Press deformation,B079,S235,Team A
2025-03-20,Morning,PRESS_60T,Pressing,Bracket,637,534,526,8,40.968,36.0,450,34,51,Maintenance,Press deformation,B079,S235,Team A
2025-03-20,Morning,WELD_01,Spot Welding,Bracket,353,291,274,17,78.398,65.0,450,30,39,Machine failure,Other,B079,S235,Team A
2025-03-20,Morning,WELD_10HEAD,Spot Welding,Bracket,510,431,410,21,55.031,45.0,450,26,28,Maintenance,Welding defect,B079,S235,Team A
2025-03-20,Morning,LATHE_01,Machining,Bracket,675,654,649,5,36.684,34.0,450,24,26,Maintenance,Dimensional defect,B079,S235,Team A
2025-03-20,Morning,INSPECT_01,Inspection,Bracket,1147,1091,1071,20,21.714,20.0,450,30,25,Material shortage,Other,B079,S235,Team A
2025-03-20,Morning,PACK_01,Packaging,Bracket,918,850,838,12,27.507,25.0,450,23,37,Material shortage,Scratch,B079,S235,Team A
2025-03-20,Afternoon,PRESS_600T,Pressing,Bracket,819,723,714,9,30.344,28.0,450,19,65,Tool change,Other,B079,S235,Team B
2025-03-20,Afternoon,PRESS_60T,Pressing,Bracket,637,581,565,16,40.552,36.0,450,15,42,Machine failure,Press deformation,B079,S235,Team B
2025-03-20,Afternoon,WELD_01,Spot Welding,Bracket,353,285,265,20,84.943,65.0,450,22,24,Tool change,Welding defect,B079,S235,Team B
2025-03-20,Afternoon,WELD_10HEAD,Spot Welding,Bracket,510,449,426,23,51.677,45.0,450,14,49,Machine failure,Welding defect,B079,S235,Team B
2025-03-20,Afternoon,LATHE_01,Machining,Bracket,675,586,576,10,38.382,34.0,450,22,53,Quality issue,Dimensional defect,B079,S235,Team B
2025-03-20,Afternoon,INSPECT_01,Inspection,Bracket,1147,1035,1026,9,22.312,20.0,450,35,30,Quality issue,Surface defect,B079,S235,Team B
2025-03-20,Afternoon,PACK_01,Packaging,Bracket,918,929,904,25,26.543,25.0,450,26,13,Material shortage,Scratch,B079,S235,Team B
2025-03-20,Night,PRESS_600T,Pressing,Support,910,796,770,26,29.076,25.2,450,35,29,Maintenance,Other,B079,S275,Team C
2025-03-20,Night,PRESS_60T,Pressing,Support,708,621,606,15,37.089,32.4,450,33,33,Tool change,Press deformation,B079,S275,Team C
2025-03-20,Night,WELD_01,Spot Welding,Support,392,312,297,15,77.253,58.5,450,26,21,Material shortage,Welding defect,B079,S275,Team C
2025-03-20,Night,WELD_10HEAD,Spot Welding,Support,566,459,417,42,50.684,40.5,450,21,41,Maintenance,Welding defect,B079,S275,Team C
2025-03-20,Night,LATHE_01,Machining,Support,749,679,670,9,33.198,30.6,450,21,53,Tool change,Dimensional defect,B079,S275,Team C
2025-03-20,Night,INSPECT_01,Inspection,Support,1275,992,967,25,22.677,18.0,450,26,49,Maintenance,Surface defect,B079,S275,Team C
2025-03-20,Night,PACK_01,Packaging,Support,1020,888,857,31,27.215,22.5,450,17,30,Material shortage,Scratch,B079,S275,Team C
2025-03-21,Morning,PRESS_600T,Pressing,Housing,683,575,558,17,38.38,33.6,450,15,67,Quality issue,Press deformation,B080,S355,Team A
2025-03-21,Morning,PRESS_60T,Pressing,Housing,531,570,562,8,45.422,43.2,450,10,8,Material shortage,Press deformation,B080,S355,Team A
2025-03-21,Morning,WELD_01,Spot Welding,Housing,294,227,215,12,100.575,78.0,450,20,49,Tool change,Welding defect,B080,S355,Team A
2025-03-21,Morning,WELD_10HEAD,Spot Welding,Housing,425,367,345,22,66.542,54.0,450,28,14,Material shortage,Welding defect,B080,S355,Team A
2025-03-21,Morning,LATHE_01,Machining,Housing,562,527,521,6,44.101,40.8,450,15,47,Material shortage,Dimensional defect,B080,S355,Team A
2025-03-21,Morning,INSPECT_01,Inspection,Housing,956,902,892,10,27.056,24.0,450,13,30,Tool change,Surface defect,B080,S355,Team A
2025-03-21,Morning,PACK_01,Packaging,Housing,765,797,763,34,31.312,30.0,450,28,6,Material shortage,Scratch,B080,S355,Team A
2025-03-21,Afternoon,PRESS_600T,Pressing,Bracket,819,762,753,9,30.596,28.0,450,30,31,Operator waiting,Press deformation,B080,S235,Team B
2025-03-21,Afternoon,PRESS_60T,Pressing,Bracket,637,604,593,11,38.541,36.0,450,33,29,Machine failure,Other,B080,S235,Team B
2025-03-21,Afternoon,WELD_01,Spot Welding,Bracket,353,308,287,21,73.159,65.0,450,22,52,Material shortage,Welding defect,B080,S235,Team B
2025-03-21,Afternoon,WELD_10HEAD,Spot Welding,Bracket,510,441,422,19,54.223,45.0,450,30,21,Tool change,Welding defect,B080,S235,Team B
2025-03-21,Afternoon,LATHE_01,Machining,Bracket,675,613,599,14,37.749,34.0,450,31,33,Material shortage,Other,B080,S235,Team B
2025-03-21,Afternoon,INSPECT_01,Inspection,Bracket,1147,1190,1170,20,20.919,20.0,450,14,21,Quality issue,Surface defect,B080,S235,Team B
2025-03-21,Afternoon,PACK_01,Packaging,Bracket,918,925,907,18,26.372,25.0,450,33,10,Maintenance,Scratch,B080,S235,Team B
2025-03-21,Night,PRESS_600T,Pressing,Bracket,819,712,700,12,32.745,28.0,450,21,40,Quality issue,Press deformation,B080,S235,Team C
2025-03-21,Night,PRESS_60T,Pressing,Bracket,637,555,543,12,41.892,36.0,450,20,42,Tool change,Other,B080,S235,Team C
2025-03-21,Night,WELD_01,Spot Welding,Bracket,353,267,256,11,84.761,65.0,450,23,49,Operator waiting,Other,B080,S235,Team C
2025-03-21,Night,WELD_10HEAD,Spot Welding,Bracket,510,379,360,19,60.811,45.0,450,34,31,Machine failure,Other,B080,S235,Team C
2025-03-21,Night,LATHE_01,Machining,Bracket,675,620,610,10,36.863,34.0,450,20,49,Material shortage,Dimensional defect,B080,S235,Team C
2025-03-21,Night,INSPECT_01,Inspection,Bracket,1147,1139,1112,27,22.171,20.0,450,10,19,Machine failure,Surface defect,B080,S235,Team C
2025-03-21,Night,PACK_01,Packaging,Bracket,918,869,848,21,28.484,25.0,450,27,10,Machine failure,Other,B080,S235,Team C
2025-03-22,Morning,PRESS_600T,Pressing,Support,910,892,878,14,27.221,25.2,450,12,33,Material shortage,Press deformation,B081,S275,Team A
2025-03-22,Morning,PRESS_60T,Pressing,Support,708,658,650,8,35.014,32.4,450,14,52,Machine failure,Press deformation,B081,S275,Team A
2025-03-22,Morning,WELD_01,Spot Welding,Support,392,351,331,20,66.439,58.5,450,25,36,Tool change,Welding defect,B081,S275,Team A
2025-03-22,Morning,WELD_10HEAD,Spot Welding,Support,566,493,465,28,50.506,40.5,450,18,17,Tool change,Other,B081,S275,Team A
2025-03-22,Morning,LATHE_01,Machining,Support,749,726,710,16,31.446,30.6,450,30,39,Machine failure,Dimensional defect,B081,S275,Team A
2025-03-22,Morning,INSPECT_01,Inspection,Support,1275,1221,1196,25,20.186,18.0,450,28,11,Material shortage,Surface defect,B081,S275,Team A
2025-03-22,Morning,PACK_01,Packaging,Support,1020,928,911,17,24.503,22.5,450,25,46,Machine failure,Scratch,B081,S275,Team A
2025-03-22,Afternoon,PRESS_600T,Pressing,Support,910,851,847,4,26.648,25.2,450,20,52,Material shortage,Other,B081,S275,Team B
2025-03-22,Afternoon,PRESS_60T,Pressing,Support,708,708,695,13,33.715,32.4,450,24,28,Operator waiting,Press deformation,B081,S275,Team B
2025-03-22,Afternoon,WELD_01,Spot Welding,Support,392,355,334,21,71.323,58.5,450,11,16,Tool change,Other,B081,S275,Team B
2025-03-22,Afternoon,WELD_10HEAD,Spot Welding,Support,566,428,407,21,52.337,40.5,450,32,44,Material shortage,Other,B081,S275,Team B
2025-03-22,Afternoon,LATHE_01,Machining,Support,749,787,778,9,31.471,30.6,450,13,24,Quality issue,Dimensional defect,B081,S275,Team B
2025-03-22,Afternoon,INSPECT_01,Inspection,Support,1275,1143,1124,19,20.785,18.0,450,15,39,Tool change,Surface defect,B081,S275,Team B
2025-03-22,Afternoon,PACK_01,Packaging,Support,1020,1010,994,16,23.934,22.5,450,34,13,Tool change,Scratch,B081,S275,Team B
2025-03-22,Night,PRESS_600T,Pressing,Support,910,690,670,20,31.874,25.2,450,27,56,Material shortage,Press deformation,B081,S275,Team C
2025-03-22,Night,PRESS_60T,Pressing,Support,708,587,568,19,39.729,32.4,450,10,51,Tool change,Press deformation,B081,S275,Team C
2025-03-22,Night,WELD_01,Spot Welding,Support,392,284,272,12,77.67,58.5,450,34,48,Material shortage,Other,B081,S275,Team C
2025-03-22,Night,WELD_10HEAD,Spot Welding,Support,566,482,446,36,50.339,40.5,450,26,19,Machine failure,Welding defect,B081,S275,Team C
2025-03-22,Night,LATHE_01,Machining,Support,749,607,587,20,35.853,30.6,450,33,54,Operator waiting,Dimensional defect,B081,S275,Team C
2025-03-22,Night,INSPECT_01,Inspection,Support,1275,1005,984,21,23.155,18.0,450,30,32,Tool change,Surface defect,B081,S275,Team C
2025-03-22,Night,PACK_01,Packaging,Support,1020,843,807,36,26.588,22.5,450,21,55,Operator waiting,Scratch,B081,S275,Team C
2025-03-23,Morning,PRESS_600T,Pressing,Support,910,793,785,8,29.188,25.2,450,14,50,Operator waiting,Press deformation,B082,S275,Team A
2025-03-23,Morning,PRESS_60T,Pressing,Support,708,691,673,18,33.647,32.4,450,30,32,Material shortage,Press deformation,B082,S275,Team A
2025-03-23,Morning,WELD_01,Spot Welding,Support,392,321,303,18,75.888,58.5,450,10,33,Material shortage,Welding defect,B082,S275,Team A
2025-03-23,Morning,WELD_10HEAD,Spot Welding,Support,566,501,474,27,47.141,40.5,450,28,28,Machine failure,Welding defect,B082,S275,Team A
2025-03-23,Morning,LATHE_01,Machining,Support,749,792,779,13,31.81,30.6,450,18,12,Tool change,Other,B082,S275,Team A
2025-03-23,Morning,INSPECT_01,Inspection,Support,1275,1207,1181,26,20.618,18.0,450,17,18,Material shortage,Surface defect,B082,S275,Team A
2025-03-23,Morning,PACK_01,Packaging,Support,1020,896,880,16,25.558,22.5,450,20,48,Material shortage,Other,B082,S275,Team A
2025-03-23,Afternoon,PRESS_600T,Pressing,Bracket,819,686,667,19,32.007,28.0,450,30,54,Tool change,Other,B082,S235,Team B
2025-03-23,Afternoon,PRESS_60T,Pressing,Bracket,637,632,617,15,38.428,36.0,450,11,34,Quality issue,Press deformation,B082,S235,Team B
2025-03-23,Afternoon,WELD_01,Spot Welding,Bracket,353,266,252,14,85.475,65.0,450,26,44,Machine failure,Welding defect,B082,S235,Team B
2025-03-23,Afternoon,WELD_10HEAD,Spot Welding,Bracket,510,425,391,34,54.277,45.0,450,17,48,Maintenance,Welding defect,B082,S235,Team B
2025-03-23,Afternoon,LATHE_01,Machining,Bracket,675,664,649,15,34.777,34.0,450,27,38,Operator waiting,Dimensional defect,B082,S235,Team B
2025-03-23,Afternoon,INSPECT_01,Inspection,Bracket,1147,1024,1001,23,23.186,20.0,450,28,26,Operator waiting,Surface defect,B082,S235,Team B
2025-03-23,Afternoon,PACK_01,Packaging,Bracket,918,890,861,29,27.435,25.0,450,16,27,Machine failure,Scratch,B082,S235,Team B
2025-03-23,Night,PRESS_600T,Pressing,Housing,683,584,567,17,41.063,33.6,450,11,39,Machine failure,Press deformation,B082,S355,Team C
2025-03-23,Night,PRESS_60T,Pressing,Housing,531,478,469,9,51.655,43.2,450,27,11,Maintenance,Press deformation,B082,S355,Team C
2025-03-23,Night,WELD_01,Spot Welding,Housing,294,241,226,15,104.284,78.0,450,12,18,Tool change,Welding defect,B082,S355,Team C
2025-03-23,Night,WELD_10HEAD,Spot Welding,Housing,425,350,331,19,71.11,54.0,450,19,16,Machine failure,Other,B082,S355,Team C
2025-03-23,Night,LATHE_01,Machining,Housing,562,514,500,14,49.014,40.8,450,20,10,Tool change,Dimensional defect,B082,S355,Team C
2025-03-23,Night,INSPECT_01,Inspection,Housing,956,865,846,19,29.383,24.0,450,10,16,Material shortage,Surface defect,B082,S355,Team C
2025-03-23,Night,PACK_01,Packaging,Housing,765,598,579,19,36.399,30.0,450,32,55,Material shortage,Scratch,B082,S355,Team C
2025-03-24,Morning,PRESS_600T,Pressing,Support,910,812,800,12,25.856,25.2,450,27,73,Material shortage,Press deformation,B083,S275,Team A
2025-03-24,Morning,PRESS_60T,Pressing,Support,708,617,609,8,36.945,32.4,450,19,51,Material shortage,Other,B083,S275,Team A
2025-03-24,Morning,WELD_01,Spot Welding,Support,392,331,315,16,74.878,58.5,450,21,15,Machine failure,Welding defect,B083,S275,Team A
2025-03-24,Morning,WELD_10HEAD,Spot Welding,Support,566,511,483,28,46.225,40.5,450,14,42,Material shortage,Welding defect,B083,S275,Team A
2025-03-24,Morning,LATHE_01,Machining,Support,749,677,659,18,33.11,30.6,450,23,53,Material shortage,Dimensional defect,B083,S275,Team A
2025-03-24,Morning,INSPECT_01,Inspection,Support,1275,1106,1091,15,20.765,18.0,450,19,48,Tool change,Surface defect,B083,S275,Team A
2025-03-24,Morning,PACK_01,Packaging,Support,1020,971,961,10,23.708,22.5,450,12,54,Operator waiting,Scratch,B083,S275,Team A
2025-03-24,Afternoon,PRESS_600T,Pressing,Support,910,757,740,17,28.744,25.2,450,15,72,Tool change,Press deformation,B083,S275,Team B
2025-03-24,Afternoon,PRESS_60T,Pressing,Support,708,692,688,4,36.301,32.4,450,12,19,Material shortage,Press deformation,B083,S275,Team B
2025-03-24,Afternoon,WELD_01,Spot Welding,Support,392,372,356,16,66.798,58.5,450,28,7,Tool change,Welding defect,B083,S275,Team B
2025-03-24,Afternoon,WELD_10HEAD,Spot Welding,Support,566,482,454,28,46.983,40.5,450,29,43,Quality issue,Welding defect,B083,S275,Team B
2025-03-24,Afternoon,LATHE_01,Machining,Support,749,775,762,13,32.02,30.6,450,18,18,Operator waiting,Other,B083,S275,Team B
2025-03-24,Afternoon,INSPECT_01,Inspection,Support,1275,1253,1221,32,18.383,18.0,450,31,35,Maintenance,Surface defect,B083,S275,Team B
2025-03-24,Afternoon,PACK_01,Packaging,Support,1020,920,897,23,25.484,22.5,450,18,41,Material shortage,Scratch,B083,S275,Team B
2025-03-24,Night,PRESS_600T,Pressing,Support,910,800,785,15,29.011,25.2,450,28,35,Quality issue,Press deformation,B083,S275,Team C
2025-03-24,Night,PRESS_60T,Pressing,Support,708,595,584,11,39.911,32.4,450,33,21,Machine failure,Press deformation,B083,S275,Team C
2025-03-24,Night,WELD_01,Spot Welding,Support,392,296,286,10,78.165,58.5,450,20,44,Tool change,Welding defect,B083,S275,Team C
2025-03-24,Night,WELD_10HEAD,Spot Welding,Support,566,462,438,24,52.711,40.5,450,27,17,Tool change,Welding defect,B083,S275,Team C
2025-03-24,Night,LATHE_01,Machining,Support,749,691,677,14,37.571,30.6,450,12,5,Maintenance,Dimensional defect,B083,S275,Team C
2025-03-24,Night,INSPECT_01,Inspection,Support,1275,1255,1213,42,19.311,18.0,450,23,23,Maintenance,Surface defect,B083,S275,Team C
2025-03-24,Night,PACK_01,Packaging,Support,1020,998,983,15,24.94,22.5,450,12,23,Machine failure,Scratch,B083,S275,Team C
2025-03-25,Morning,PRESS_600T,Pressing,Housing,683,597,583,14,37.786,33.6,450,15,59,Tool change,Other,B084,S355,Team A
2025-03-25,Morning,PRESS_60T,Pressing,Housing,531,483,473,10,47.643,43.2,450,24,42,Maintenance,Press deformation,B084,S355,Team A
2025-03-25,Morning,WELD_01,Spot Welding,Housing,294,266,251,15,88.585,78.0,450,12,45,Quality issue,Welding defect,B084,S355,Team A
2025-03-25,Morning,WELD_10HEAD,Spot Welding,Housing,425,363,345,18,65.779,54.0,450,34,17,Material shortage,Welding defect,B084,S355,Team A
2025-03-25,Morning,LATHE_01,Machining,Housing,562,582,577,5,42.758,40.8,450,18,17,Tool change,Dimensional defect,B084,S355,Team A
2025-03-25,Morning,INSPECT_01,Inspection,Housing,956,971,948,23,25.385,24.0,450,10,29,Material shortage,Surface defect,B084,S355,Team A
2025-03-25,Morning,PACK_01,Packaging,Housing,765,796,780,16,31.174,30.0,450,28,8,Tool change,Scratch,B084,S355,Team A
2025-03-25,Afternoon,PRESS_600T,Pressing,Bracket,819,683,678,5,32.317,28.0,450,18,64,Machine failure,Press deformation,B084,S235,Team B
2025-03-25,Afternoon,PRESS_60T,Pressing,Bracket,637,620,615,5,38.774,36.0,450,18,31,Material shortage,Press deformation,B084,S235,Team B
2025-03-25,Afternoon,WELD_01,Spot Welding,Bracket,353,284,263,21,84.016,65.0,450,13,39,Operator waiting,Welding defect,B084,S235,Team B
2025-03-25,Afternoon,WELD_10HEAD,Spot Welding,Bracket,510,442,424,18,57.914,45.0,450,12,11,Material shortage,Welding defect,B084,S235,Team B
2025-03-25,Afternoon,LATHE_01,Machining,Bracket,675,635,618,17,38.151,34.0,450,15,31,Material shortage,Dimensional defect,B084,S235,Team B
2025-03-25,Afternoon,INSPECT_01,Inspection,Bracket,1147,1016,989,27,23.086,20.0,450,32,27,Material shortage,Surface defect,B084,S235,Team B
2025-03-25,Afternoon,PACK_01,Packaging,Bracket,918,845,835,10,25.538,25.0,450,35,55,Material shortage,Scratch,B084,S235,Team B
2025-03-25,Night,PRESS_600T,Pressing,Support,910,871,861,10,27.25,25.2,450,21,33,Material shortage,Press deformation,B084,S275,Team C
2025-03-25,Night,PRESS_60T,Pressing,Support,708,648,633,15,37.205,32.4,450,26,22,Machine failure,Press deformation,B084,S275,Team C
2025-03-25,Night,WELD_01,Spot Welding,Support,392,303,277,26,83.153,58.5,450,22,7,Machine failure,Welding defect,B084,S275,Team C
2025-03-25,Night,WELD_10HEAD,Spot Welding,Support,566,536,507,29,47.645,40.5,450,14,10,Material shortage,Welding defect,B084,S275,Team C
2025-03-25,Night,LATHE_01,Machining,Support,749,712,692,20,35.221,30.6,450,11,21,Tool change,Dimensional defect,B084,S275,Team C
2025-03-25,Night,INSPECT_01,Inspection,Support,1275,1147,1131,16,19.759,18.0,450,18,54,Material shortage,Surface defect,B084,S275,Team C
2025-03-25,Night,PACK_01,Packaging,Support,1020,867,847,20,26.848,22.5,450,31,31,Material shortage,Other,B084,S275,Team C
2025-03-26,Morning,PRESS_600T,Pressing,Bracket,819,715,704,11,32.179,28.0,450,17,49,Material shortage,Other,B085,S235,Team A
2025-03-26,Morning,PRESS_60T,Pressing,Bracket,637,629,616,13,38.908,36.0,450,26,16,Tool change,Press deformation,B085,S235,Team A
2025-03-26,Morning,WELD_01,Spot Welding,Bracket,353,332,316,16,76.71,65.0,450,14,11,Material shortage,Welding defect,B085,S235,Team A
2025-03-26,Morning,WELD_10HEAD,Spot Welding,Bracket,510,422,404,18,55.201,45.0,450,33,28,Tool change,Welding defect,B085,S235,Team A
2025-03-26,Morning,LATHE_01,Machining,Bracket,675,648,639,9,36.071,34.0,450,21,39,Material shortage,Dimensional defect,B085,S235,Team A
2025-03-26,Morning,INSPECT_01,Inspection,Bracket,1147,1049,1023,26,22.303,20.0,450,14,46,Tool change,Other,B085,S235,Team A
2025-03-26,Morning,PACK_01,Packaging,Bracket,918,796,789,7,27.505,25.0,450,32,53,Material shortage,Scratch,B085,S235,Team A
2025-03-26,Afternoon,PRESS_600T,Pressing,Support,910,823,812,11,27.018,25.2,450,20,59,Tool change,Press deformation,B085,S275,Team B
2025-03-26,Afternoon,PRESS_60T,Pressing,Support,708,662,643,19,35.567,32.4,450,11,46,Maintenance,Press deformation,B085,S275,Team B
2025-03-26,Afternoon,WELD_01,Spot Welding,Support,392,293,281,12,76.542,58.5,450,30,46,Material shortage,Welding defect,B085,S275,Team B
2025-03-26,Afternoon,WELD_10HEAD,Spot Welding,Support,566,484,461,23,50.972,40.5,450,30,8,Tool change,Other,B085,S275,Team B
2025-03-26,Afternoon,LATHE_01,Machining,Support,749,792,771,21,31.362,30.6,450,25,11,Material shortage,Dimensional defect,B085,S275,Team B
2025-03-26,Afternoon,INSPECT_01,Inspection,Support,1275,1284,1251,33,18.961,18.0,450,22,22,Machine failure,Surface defect,B085,S275,Team B
2025-03-26,Afternoon,PACK_01,Packaging,Support,1020,1056,1048,8,23.109,22.5,450,25,18,Maintenance,Scratch,B085,S275,Team B
2025-03-26,Night,PRESS_600T,Pressing,Housing,683,526,519,7,42.756,33.6,450,27,48,Material shortage,Press deformation,B085,S355,Team C
2025-03-26,Night,PRESS_60T,Pressing,Housing,531,455,447,8,49.906,43.2,450,24,47,Machine failure,Press deformation,B085,S355,Team C
2025-03-26,Night,WELD_01,Spot Welding,Housing,294,218,207,11,109.423,78.0,450,15,36,Maintenance,Welding defect,B085,S355,Team C
2025-03-26,Night,WELD_10HEAD,Spot Welding,Housing,425,377,364,13,65.499,54.0,450,17,21,Tool change,Welding defect,B085,S355,Team C
2025-03-26,Night,LATHE_01,Machining,Housing,562,441,428,13,51.131,40.8,450,20,54,Tool change,Dimensional defect,B085,S355,Team C
2025-03-26,Night,INSPECT_01,Inspection,Housing,956,770,750,20,29.454,24.0,450,32,40,Maintenance,Surface defect,B085,S355,Team C
2025-03-26,Night,PACK_01,Packaging,Housing,765,740,721,19,31.931,30.0,450,17,39,Tool change,Other,B085,S355,Team C
2025-03-27,Morning,PRESS_600T,Pressing,Bracket,819,759,745,14,30.104,28.0,450,17,52,Machine failure,Press deformation,B086,S235,Team A
2025-03-27,Morning,PRESS_60T,Pressing,Bracket,637,580,577,3,38.241,36.0,450,30,50,Quality issue,Press deformation,B086,S235,Team A
2025-03-27,Morning,WELD_01,Spot Welding,Bracket,353,280,269,11,85.768,65.0,450,31,18,Tool change,Welding defect,B086,S235,Team A
2025-03-27,Morning,WELD_10HEAD,Spot Welding,Bracket,510,412,391,21,54.276,45.0,450,22,55,Machine failure,Welding defect,B086,S235,Team A
2025-03-27,Morning,LATHE_01,Machining,Bracket,675,633,615,18,34.755,34.0,450,35,48,Tool change,Dimensional defect,B086,S235,Team A
2025-03-27,Morning,INSPECT_01,Inspection,Bracket,1147,1013,1001,12,22.086,20.0,450,33,44,Tool change,Surface defect,B086,S235,Team A
2025-03-27,Morning,PACK_01,Packaging,Bracket,918,976,963,13,26.346,25.0,450,11,10,Maintenance,Other,B086,S235,Team A
2025-03-27,Afternoon,PRESS_600T,Pressing,Support,910,795,779,16,27.214,25.2,450,31,58,Material shortage,Press deformation,B086,S275,Team B
2025-03-27,Afternoon,PRESS_60T,Pressing,Support,708,703,693,10,34.302,32.4,450,11,37,Quality issue,Press deformation,B086,S275,Team B
2025-03-27,Afternoon,WELD_01,Spot Welding,Support,392,309,296,13,73.751,58.5,450,19,51,Operator waiting,Welding defect,B086,S275,Team B
2025-03-27,Afternoon,WELD_10HEAD,Spot Welding,Support,566,443,420,23,52.236,40.5,450,12,52,Tool change,Welding defect,B086,S275,Team B
2025-03-27,Afternoon,LATHE_01,Machining,Support,749,696,682,14,33.165,30.6,450,25,40,Material shortage,Other,B086,S275,Team B
2025-03-27,Afternoon,INSPECT_01,Inspection,Support,1275,1295,1260,35,19.173,18.0,450,21,15,Material shortage,Surface defect,B086,S275,Team B
2025-03-27,Afternoon,PACK_01,Packaging,Support,1020,939,926,13,25.355,22.5,450,35,18,Quality issue,Other,B086,S275,Team B
2025-03-27,Night,PRESS_600T,Pressing,Housing,683,594,583,11,36.419,33.6,450,25,64,Machine failure,Other,B086,S355,Team C
2025-03-27,Night,PRESS_60T,Pressing,Housing,531,467,457,10,48.868,43.2,450,30,39,Material shortage,Press deformation,B086,S355,Team C
2025-03-27,Night,WELD_01,Spot Welding,Housing,294,249,236,13,93.366,78.0,450,14,48,Tool change,Welding defect,B086,S355,Team C
2025-03-27,Night,WELD_10HEAD,Spot Welding,Housing,425,396,375,21,62.576,54.0,450,11,25,Tool change,Welding defect,B086,S355,Team C
2025-03-27,Night,LATHE_01,Machining,Housing,562,521,513,8,44.909,40.8,450,12,48,Tool change,Dimensional defect,B086,S355,Team C
2025-03-27,Night,INSPECT_01,Inspection,Housing,956,850,828,22,28.566,24.0,450,23,22,Tool change,Other,B086,S355,Team C
2025-03-27,Night,PACK_01,Packaging,Housing,765,682,668,14,36.459,30.0,450,14,21,Tool change,Scratch,B086,S355,Team C
2025-03-28,Morning,PRESS_600T,Pressing,Support,910,838,809,29,28.208,25.2,450,23,33,Material shortage,Press deformation,B087,S275,Team A
2025-03-28,Morning,PRESS_60T,Pressing,Support,708,686,676,10,35.81,32.4,450,30,10,Material shortage,Press deformation,B087,S275,Team A
2025-03-28,Morning,WELD_01,Spot Welding,Support,392,325,308,17,75.278,58.5,450,20,22,Material shortage,Welding defect,B087,S275,Team A
2025-03-28,Morning,WELD_10HEAD,Spot Welding,Support,566,463,438,25,50.216,40.5,450,18,44,Tool change,Other,B087,S275,Team A
2025-03-28,Morning,LATHE_01,Machining,Support,749,700,691,9,33.0,30.6,450,15,50,Material shortage,Dimensional defect,B087,S275,Team A
2025-03-28,Morning,INSPECT_01,Inspection,Support,1275,1089,1069,20,20.6,18.0,450,30,46,Machine failure,Surface defect,B087,S275,Team A
2025-03-28,Morning,PACK_01,Packaging,Support,1020,971,964,7,25.396,22.5,450,28,11,Machine failure,Other,B087,S275,Team A
2025-03-28,Afternoon,PRESS_600T,Pressing,Housing,683,640,630,10,35.986,33.6,450,16,50,Quality issue,Other,B087,S355,Team B
2025-03-28,Afternoon,PRESS_60T,Pressing,Housing,531,474,469,5,49.154,43.2,450,13,48,Material shortage,Press deformation,B087,S355,Team B
2025-03-28,Afternoon,WELD_01,Spot Welding,Housing,294,247,237,10,99.002,78.0,450,27,15,Machine failure,Other,B087,S355,Team B
2025-03-28,Afternoon,WELD_10HEAD,Spot Welding,Housing,425,338,315,23,66.211,54.0,450,35,42,Machine failure,Welding defect,B087,S355,Team B
2025-03-28,Afternoon,LATHE_01,Machining,Housing,562,546,540,6,44.49,40.8,450,30,15,Material shortage,Dimensional defect,B087,S355,Team B
2025-03-28,Afternoon,INSPECT_01,Inspection,Housing,956,906,895,11,26.67,24.0,450,19,28,Tool change,Surface defect,B087,S355,Team B
2025-03-28,Afternoon,PACK_01,Packaging,Housing,765,655,644,11,34.253,30.0,450,29,47,Material shortage,Other,B087,S355,Team B
2025-03-28,Night,PRESS_600T,Pressing,Bracket,819,761,753,8,32.477,28.0,450,12,26,Machine failure,Press deformation,B087,S235,Team C
2025-03-28,Night,PRESS_60T,Pressing,Bracket,637,566,546,20,42.059,36.0,450,24,29,Tool change,Other,B087,S235,Team C
2025-03-28,Night,WELD_01,Spot Welding,Bracket,353,244,228,16,91.104,65.0,450,28,50,Material shortage,Welding defect,B087,S235,Team C
2025-03-28,Night,WELD_10HEAD,Spot Welding,Bracket,510,395,372,23,56.145,45.0,450,33,47,Tool change,Welding defect,B087,S235,Team C
2025-03-28,Night,LATHE_01,Machining,Bracket,675,569,554,15,39.92,34.0,450,35,36,Material shortage,Dimensional defect,B087,S235,Team C
2025-03-28,Night,INSPECT_01,Inspection,Bracket,1147,1061,1035,26,22.49,20.0,450,29,23,Material shortage,Surface defect,B087,S235,Team C
2025-03-28,Night,PACK_01,Packaging,Bracket,918,742,720,22,29.479,25.0,450,34,51,Tool change,Scratch,B087,S235,Team C
2025-03-29,Morning,PRESS_600T,Pressing,Bracket,819,740,728,12,30.547,28.0,450,29,44,Tool change,Press deformation,B088,S235,Team A
2025-03-29,Morning,PRESS_60T,Pressing,Bracket,637,642,627,15,38.461,36.0,450,33,5,Tool change,Press deformation,B088,S235,Team A
2025-03-29,Morning,WELD_01,Spot Welding,Bracket,353,279,272,7,81.891,65.0,450,34,34,Material shortage,Welding defect,B088,S235,Team A
2025-03-29,Morning,WELD_10HEAD,Spot Welding,Bracket,510,453,426,27,52.095,45.0,450,12,44,Material shortage,Welding defect,B088,S235,Team A
2025-03-29,Morning,LATHE_01,Machining,Bracket,675,628,619,9,38.188,34.0,450,11,39,Tool change,Dimensional defect,B088,S235,Team A
2025-03-29,Morning,INSPECT_01,Inspection,Bracket,1147,1072,1047,25,21.546,20.0,450,22,43,Material shortage,Surface defect,B088,S235,Team A
2025-03-29,Morning,PACK_01,Packaging,Bracket,918,847,833,14,27.314,25.0,450,28,36,Operator waiting,Scratch,B088,S235,Team A
2025-03-29,Afternoon,PRESS_600T,Pressing,Support,910,844,825,19,27.419,25.2,450,34,30,Machine failure,Press deformation,B088,S275,Team B
2025-03-29,Afternoon,PRESS_60T,Pressing,Support,708,591,580,11,36.619,32.4,450,35,54,Material shortage,Press deformation,B088,S275,Team B
2025-03-29,Afternoon,WELD_01,Spot Welding,Support,392,327,314,13,71.02,58.5,450,21,41,Tool change,Welding defect,B088,S275,Team B
2025-03-29,Afternoon,WELD_10HEAD,Spot Welding,Support,566,455,435,20,50.06,40.5,450,17,53,Quality issue,Welding defect,B088,S275,Team B
2025-03-29,Afternoon,LATHE_01,Machining,Support,749,680,669,11,33.932,30.6,450,15,50,Quality issue,Dimensional defect,B088,S275,Team B
2025-03-29,Afternoon,INSPECT_01,Inspection,Support,1275,1166,1143,23,19.501,18.0,450,34,37,Material shortage,Surface defect,B088,S275,Team B
2025-03-29,Afternoon,PACK_01,Packaging,Support,1020,1038,1025,13,23.347,22.5,450,23,23,Quality issue,Scratch,B088,S275,Team B
2025-03-29,Night,PRESS_600T,Pressing,Bracket,819,729,710,19,31.828,28.0,450,22,41,Operator waiting,Other,B088,S235,Team C
2025-03-29,Night,PRESS_60T,Pressing,Bracket,637,547,534,13,43.08,36.0,450,10,47,Maintenance,Press deformation,B088,S235,Team C
2025-03-29,Night,WELD_01,Spot Welding,Bracket,353,303,294,9,79.353,65.0,450,32,16,Material shortage,Welding defect,B088,S235,Team C
2025-03-29,Night,WELD_10HEAD,Spot Welding,Bracket,510,429,402,27,51.912,45.0,450,33,45,Quality issue,Welding defect,B088,S235,Team C
2025-03-29,Night,LATHE_01,Machining,Bracket,675,581,568,13,38.48,34.0,450,24,53,Maintenance,Dimensional defect,B088,S235,Team C
2025-03-29,Night,INSPECT_01,Inspection,Bracket,1147,1072,1042,30,22.667,20.0,450,16,29,Machine failure,Surface defect,B088,S235,Team C
2025-03-29,Night,PACK_01,Packaging,Bracket,918,795,777,18,29.635,25.0,450,33,24,Machine failure,Scratch,B088,S235,Team C
2025-03-30,Morning,PRESS_600T,Pressing,Housing,683,607,597,10,38.096,33.6,450,28,36,Quality issue,Other,B089,S355,Team A
2025-03-30,Morning,PRESS_60T,Pressing,Housing,531,527,511,16,45.691,43.2,450,26,22,Maintenance,Press deformation,B089,S355,Team A
2025-03-30,Morning,WELD_01,Spot Welding,Housing,294,235,220,15,94.248,78.0,450,33,47,Maintenance,Welding defect,B089,S355,Team A
2025-03-30,Morning,WELD_10HEAD,Spot Welding,Housing,425,340,320,20,64.25,54.0,450,35,50,Material shortage,Other,B089,S355,Team A
2025-03-30,Morning,LATHE_01,Machining,Housing,562,547,540,7,45.021,40.8,450,14,25,Quality issue,Dimensional defect,B089,S355,Team A
2025-03-30,Morning,INSPECT_01,Inspection,Housing,956,877,861,16,27.837,24.0,450,30,13,Material shortage,Surface defect,B089,S355,Team A
2025-03-30,Morning,PACK_01,Packaging,Housing,765,747,737,10,31.633,30.0,450,33,23,Tool change,Scratch,B089,S355,Team A
2025-03-30,Afternoon,PRESS_600T,Pressing,Bracket,819,741,725,16,30.278,28.0,450,25,51,Tool change,Other,B089,S235,Team B
2025-03-30,Afternoon,PRESS_60T,Pressing,Bracket,637,578,570,8,40.047,36.0,450,16,48,Maintenance,Press deformation,B089,S235,Team B
2025-03-30,Afternoon,WELD_01,Spot Welding,Bracket,353,327,312,15,75.114,65.0,450,11,29,Tool change,Welding defect,B089,S235,Team B
2025-03-30,Afternoon,WELD_10HEAD,Spot Welding,Bracket,510,424,404,20,53.063,45.0,450,34,41,Maintenance,Welding defect,B089,S235,Team B
2025-03-30,Afternoon,LATHE_01,Machining,Bracket,675,616,611,5,36.21,34.0,450,26,52,Tool change,Dimensional defect,B089,S235,Team B
2025-03-30,Afternoon,INSPECT_01,Inspection,Bracket,1147,1056,1040,16,22.881,20.0,450,30,17,Machine failure,Surface defect,B089,S235,Team B
2025-03-30,Afternoon,PACK_01,Packaging,Bracket,918,937,929,8,26.552,25.0,450,21,14,Operator waiting,Scratch,B089,S235,Team B
2025-03-30,Night,PRESS_600T,Pressing,Support,910,708,691,17,30.327,25.2,450,33,59,Tool change,Press deformation,B089,S275,Team C
2025-03-30,Night,PRESS_60T,Pressing,Support,708,638,629,9,38.51,32.4,450,16,24,Operator waiting,Press deformation,B089,S275,Team C
2025-03-30,Night,WELD_01,Spot Welding,Support,392,310,291,19,75.824,58.5,450,31,26,Operator waiting,Welding defect,B089,S275,Team C
2025-03-30,Night,WELD_10HEAD,Spot Welding,Support,566,483,441,42,48.56,40.5,450,16,43,Operator waiting,Welding defect,B089,S275,Team C
2025-03-30,Night,LATHE_01,Machining,Support,749,631,624,7,34.66,30.6,450,33,52,Material shortage,Dimensional defect,B089,S275,Team C
2025-03-30,Night,INSPECT_01,Inspection,Support,1275,1138,1114,24,20.666,18.0,450,15,43,Material shortage,Surface defect,B089,S275,Team C
2025-03-30,Night,PACK_01,Packaging,Support,1020,910,887,23,26.746,22.5,450,33,11,Material shortage,Scratch,B089,S275,Team C
2025-03-31,Morning,PRESS_600T,Pressing,Bracket,819,764,752,12,31.712,28.0,450,18,28,Tool change,Press deformation,B090,S235,Team A
2025-03-31,Morning,PRESS_60T,Pressing,Bracket,637,611,598,13,38.648,36.0,450,21,35,Material shortage,Press deformation,B090,S235,Team A
2025-03-31,Morning,WELD_01,Spot Welding,Bracket,353,325,305,20,78.505,65.0,450,15,9,Machine failure,Other,B090,S235,Team A
2025-03-31,Morning,WELD_10HEAD,Spot Welding,Bracket,510,426,403,23,54.982,45.0,450,35,24,Material shortage,Welding defect,B090,S235,Team A
2025-03-31,Morning,LATHE_01,Machining,Bracket,675,679,665,14,36.756,34.0,450,13,21,Tool change,Dimensional defect,B090,S235,Team A
2025-03-31,Morning,INSPECT_01,Inspection,Bracket,1147,1085,1075,10,20.842,20.0,450,33,40,Material shortage,Other,B090,S235,Team A
2025-03-31,Morning,PACK_01,Packaging,Bracket,918,826,817,9,28.965,25.0,450,25,26,Quality issue,Other,B090,S235,Team A
2025-03-31,Afternoon,PRESS_600T,Pressing,Bracket,819,762,744,18,32.034,28.0,450,18,25,Tool change,Press deformation,B090,S235,Team B
2025-03-31,Afternoon,PRESS_60T,Pressing,Bracket,637,584,578,6,39.241,36.0,450,27,41,Machine failure,Press deformation,B090,S235,Team B
2025-03-31,Afternoon,WELD_01,Spot Welding,Bracket,353,316,297,19,77.835,65.0,450,25,15,Material shortage,Welding defect,B090,S235,Team B
2025-03-31,Afternoon,WELD_10HEAD,Spot Welding,Bracket,510,416,392,24,54.15,45.0,450,20,54,Material shortage,Welding defect,B090,S235,Team B
2025-03-31,Afternoon,LATHE_01,Machining,Bracket,675,702,695,7,36.131,34.0,450,21,6,Machine failure,Dimensional defect,B090,S235,Team B
2025-03-31,Afternoon,INSPECT_01,Inspection,Bracket,1147,1134,1119,15,22.168,20.0,450,12,19,Material shortage,Surface defect,B090,S235,Team B
2025-03-31,Afternoon,PACK_01,Packaging,Bracket,918,897,882,15,26.87,25.0,450,14,34,Operator waiting,Other,B090,S235,Team B
2025-03-31,Night,PRESS_600T,Pressing,Housing,683,568,554,14,39.031,33.6,450,14,66,Machine failure,Press deformation,B090,S355,Team C
2025-03-31,Night,PRESS_60T,Pressing,Housing,531,449,438,11,54.282,43.2,450,22,21,Maintenance,Other,B090,S355,Team C
2025-03-31,Night,WELD_01,Spot Welding,Housing,294,225,214,11,100.926,78.0,450,27,44,Machine failure,Welding defect,B090,S355,Team C
2025-03-31,Night,WELD_10HEAD,Spot Welding,Housing,425,348,335,13,71.177,54.0,450,12,25,Quality issue,Other,B090,S355,Team C
2025-03-31,Night,LATHE_01,Machining,Housing,562,508,491,17,46.972,40.8,450,21,31,Tool change,Other,B090,S355,Team C
2025-03-31,Night,INSPECT_01,Inspection,Housing,956,944,925,19,27.566,24.0,450,10,6,Tool change,Surface defect,B090,S355,Team C
2025-03-31,Night,PACK_01,Packaging,Housing,765,631,611,20,34.566,30.0,450,31,55,Machine failure,Scratch,B090,S355,Team C
2025-04-01,Morning,PRESS_600T,Pressing,Bracket,819,683,669,14,30.282,28.0,450,34,71,Machine failure,Press deformation,B091,S235,Team A
2025-04-01,Morning,PRESS_60T,Pressing,Bracket,637,611,598,13,41.409,36.0,450,18,10,Machine failure,Press deformation,B091,S235,Team A
2025-04-01,Morning,WELD_01,Spot Welding,Bracket,353,312,296,16,74.717,65.0,450,31,30,Tool change,Welding defect,B091,S235,Team A
2025-04-01,Morning,WELD_10HEAD,Spot Welding,Bracket,510,449,433,16,52.641,45.0,450,14,42,Tool change,Welding defect,B091,S235,Team A
2025-04-01,Morning,LATHE_01,Machining,Bracket,675,610,596,14,38.739,34.0,450,19,37,Quality issue,Dimensional defect,B091,S235,Team A
2025-04-01,Morning,INSPECT_01,Inspection,Bracket,1147,1135,1120,15,21.553,20.0,450,29,13,Tool change,Surface defect,B091,S235,Team A
2025-04-01,Morning,PACK_01,Packaging,Bracket,918,852,833,19,27.861,25.0,450,26,28,Tool change,Scratch,B091,S235,Team A
2025-04-01,Afternoon,PRESS_600T,Pressing,Bracket,819,714,697,17,32.423,28.0,450,22,42,Machine failure,Press deformation,B091,S235,Team B
2025-04-01,Afternoon,PRESS_60T,Pressing,Bracket,637,644,641,3,37.054,36.0,450,11,41,Material shortage,Other,B091,S235,Team B
2025-04-01,Afternoon,WELD_01,Spot Welding,Bracket,353,293,280,13,79.303,65.0,450,26,36,Tool change,Other,B091,S235,Team B
2025-04-01,Afternoon,WELD_10HEAD,Spot Welding,Bracket,510,391,364,27,56.547,45.0,450,30,51,Maintenance,Welding defect,B091,S235,Team B
2025-04-01,Afternoon,LATHE_01,Machining,Bracket,675,662,643,19,37.122,34.0,450,24,16,Material shortage,Dimensional defect,B091,S235,Team B
2025-04-01,Afternoon,INSPECT_01,Inspection,Bracket,1147,1061,1049,12,21.879,20.0,450,23,40,Tool change,Surface defect,B091,S235,Team B
2025-04-01,Afternoon,PACK_01,Packaging,Bracket,918,957,932,25,25.683,25.0,450,34,6,Tool change,Scratch,B091,S235,Team B
2025-04-01,Night,PRESS_600T,Pressing,Support,910,742,725,17,29.249,25.2,450,29,59,Tool change,Press deformation,B091,S275,Team C
2025-04-01,Night,PRESS_60T,Pressing,Support,708,678,662,16,34.464,32.4,450,20,40,Machine failure,Press deformation,B091,S275,Team C
2025-04-01,Night,WELD_01,Spot Welding,Support,392,315,295,20,78.526,58.5,450,14,23,Material shortage,Welding defect,B091,S275,Team C
2025-04-01,Night,WELD_10HEAD,Spot Welding,Support,566,405,384,21,55.259,40.5,450,29,48,Material shortage,Welding defect,B091,S275,Team C
2025-04-01,Night,LATHE_01,Machining,Support,749,679,664,15,35.824,30.6,450,34,10,Material shortage,Dimensional defect,B091,S275,Team C
2025-04-01,Night,INSPECT_01,Inspection,Support,1275,1100,1083,17,21.327,18.0,450,34,25,Tool change,Surface defect,B091,S275,Team C
2025-04-01,Night,PACK_01,Packaging,Support,1020,824,807,17,26.618,22.5,450,29,55,Quality issue,Scratch,B091,S275,Team C
2025-04-02,Morning,PRESS_600T,Pressing,Support,910,792,781,11,28.929,25.2,450,26,42,Machine failure,Press deformation,B092,S275,Team A
2025-04-02,Morning,PRESS_60T,Pressing,Support,708,645,634,11,36.875,32.4,450,30,23,Quality issue,Press deformation,B092,S275,Team A
2025-04-02,Morning,WELD_01,Spot Welding,Support,392,364,347,17,66.733,58.5,450,19,26,Tool change,Welding defect,B092,S275,Team A
2025-04-02,Morning,WELD_10HEAD,Spot Welding,Support,566,518,494,24,47.172,40.5,450,30,12,Material shortage,Welding defect,B092,S275,Team A
2025-04-02,Morning,LATHE_01,Machining,Support,749,790,781,9,31.586,30.6,450,14,20,Material shortage,Dimensional defect,B092,S275,Team A
2025-04-02,Morning,INSPECT_01,Inspection,Support,1275,1237,1214,23,19.49,18.0,450,12,36,Quality issue,Other,B092,S275,Team A
2025-04-02,Morning,PACK_01,Packaging,Support,1020,1026,1008,18,23.432,22.5,450,23,26,Tool change,Other,B092,S275,Team A
2025-04-02,Afternoon,PRESS_600T,Pressing,Support,910,847,837,10,27.89,25.2,450,23,33,Operator waiting,Press deformation,B092,S275,Team B
2025-04-02,Afternoon,PRESS_60T,Pressing,Support,708,602,595,7,37.558,32.4,450,22,51,Tool change,Press deformation,B092,S275,Team B
2025-04-02,Afternoon,WELD_01,Spot Welding,Support,392,301,287,14,76.014,58.5,450,33,35,Material shortage,Welding defect,B092,S275,Team B
2025-04-02,Afternoon,WELD_10HEAD,Spot Welding,Support,566,507,493,14,46.908,40.5,450,35,18,Tool change,Welding defect,B092,S275,Team B
2025-04-02,Afternoon,LATHE_01,Machining,Support,749,692,680,12,34.929,30.6,450,33,14,Maintenance,Dimensional defect,B092,S275,Team B
2025-04-02,Afternoon,INSPECT_01,Inspection,Support,1275,1351,1328,23,19.174,18.0,450,12,6,Tool change,Surface defect,B092,S275,Team B
2025-04-02,Afternoon,PACK_01,Packaging,Support,1020,895,881,14,25.322,22.5,450,30,42,Maintenance,Scratch,B092,S275,Team B
2025-04-02,Night,PRESS_600T,Pressing,Support,910,850,836,14,28.211,25.2,450,22,28,Material shortage,Press deformation,B092,S275,Team C
2025-04-02,Night,PRESS_60T,Pressing,Support,708,619,597,22,38.188,32.4,450,11,45,Material shortage,Press deformation,B092,S275,Team C
2025-04-02,Night,WELD_01,Spot Welding,Support,392,289,265,24,78.41,58.5,450,34,38,Operator waiting,Welding defect,B092,S275,Team C
2025-04-02,Night,WELD_10HEAD,Spot Welding,Support,566,405,385,20,53.565,40.5,450,34,54,Machine failure,Welding defect,B092,S275,Team C
2025-04-02,Night,LATHE_01,Machining,Support,749,707,693,14,32.736,30.6,450,35,29,Quality issue,Other,B092,S275,Team C
2025-04-02,Night,INSPECT_01,Inspection,Support,1275,1125,1095,30,21.218,18.0,450,25,27,Material shortage,Surface defect,B092,S275,Team C
2025-04-02,Night,PACK_01,Packaging,Support,1020,979,952,27,24.928,22.5,450,34,9,Material shortage,Scratch,B092,S275,Team C
2025-04-03,Morning,PRESS_600T,Pressing,Support,910,922,903,19,26.279,25.2,450,15,31,Maintenance,Press deformation,B093,S275,Team A
2025-04-03,Morning,PRESS_60T,Pressing,Support,708,653,638,15,36.842,32.4,450,22,27,Material shortage,Other,B093,S275,Team A
2025-04-03,Morning,WELD_01,Spot Welding,Support,392,358,342,16,70.22,58.5,450,17,13,Maintenance,Welding defect,B093,S275,Team A
2025-04-03,Morning,WELD_10HEAD,Spot Welding,Support,566,504,471,33,46.001,40.5,450,15,48,Machine failure,Welding defect,B093,S275,Team A
2025-04-03,Morning,LATHE_01,Machining,Support,749,780,767,13,32.124,30.6,450,13,19,Tool change,Dimensional defect,B093,S275,Team A
2025-04-03,Morning,INSPECT_01,Inspection,Support,1275,1191,1167,24,20.096,18.0,450,16,35,Operator waiting,Surface defect,B093,S275,Team A
2025-04-03,Morning,PACK_01,Packaging,Support,1020,950,936,14,24.985,22.5,450,25,29,Material shortage,Scratch,B093,S275,Team A
2025-04-03,Afternoon,PRESS_600T,Pressing,Support,910,845,829,16,27.247,25.2,450,32,34,Tool change,Press deformation,B093,S275,Team B
2025-04-03,Afternoon,PRESS_60T,Pressing,Support,708,644,626,18,36.773,32.4,450,26,29,Material shortage,Press deformation,B093,S275,Team B
2025-04-03,Afternoon,WELD_01,Spot Welding,Support,392,351,337,14,68.071,58.5,450,35,16,Tool change,Other,B093,S275,Team B
2025-04-03,Afternoon,WELD_10HEAD,Spot Welding,Support,566,528,499,29,45.737,40.5,450,13,34,Quality issue,Welding defect,B093,S275,Team B
2025-04-03,Afternoon,LATHE_01,Machining,Support,749,768,756,12,32.093,30.6,450,34,5,Material shortage,Dimensional defect,B093,S275,Team B
2025-04-03,Afternoon,INSPECT_01,Inspection,Support,1275,1200,1189,11,19.185,18.0,450,35,31,Machine failure,Surface defect,B093,S275,Team B
2025-04-03,Afternoon,PACK_01,Packaging,Support,1020,949,934,15,23.705,22.5,450,23,52,Material shortage,Scratch,B093,S275,Team B
2025-04-03,Night,PRESS_600T,Pressing,Support,910,761,744,17,28.534,25.2,450,27,61,Machine failure,Other,B093,S275,Team C
2025-04-03,Night,PRESS_60T,Pressing,Support,708,638,623,15,39.476,32.4,450,14,16,Material shortage,Press deformation,B093,S275,Team C
2025-04-03,Night,WELD_01,Spot Welding,Support,392,313,296,17,77.058,58.5,450,17,30,Tool change,Welding defect,B093,S275,Team C
2025-04-03,Night,WELD_10HEAD,Spot Welding,Support,566,462,427,35,52.277,40.5,450,24,23,Machine failure,Welding defect,B093,S275,Team C
2025-04-03,Night,LATHE_01,Machining,Support,749,688,675,13,35.36,30.6,450,23,21,Maintenance,Other,B093,S275,Team C
2025-04-03,Night,INSPECT_01,Inspection,Support,1275,1177,1138,39,20.121,18.0,450,17,38,Material shortage,Surface defect,B093,S275,Team C
2025-04-03,Night,PACK_01,Packaging,Support,1020,898,876,22,26.055,22.5,450,19,41,Machine failure,Other,B093,S275,Team C
2025-04-04,Morning,PRESS_600T,Pressing,Support,910,859,851,8,27.358,25.2,450,19,39,Material shortage,Press deformation,B094,S275,Team A
2025-04-04,Morning,PRESS_60T,Pressing,Support,708,682,675,7,34.542,32.4,450,20,37,Material shortage,Press deformation,B094,S275,Team A
2025-04-04,Morning,WELD_01,Spot Welding,Support,392,319,302,17,75.714,58.5,450,10,37,Material shortage,Welding defect,B094,S275,Team A
2025-04-04,Morning,WELD_10HEAD,Spot Welding,Support,566,451,428,23,48.781,40.5,450,30,53,Maintenance,Other,B094,S275,Team A
2025-04-04,Morning,LATHE_01,Machining,Support,749,726,714,12,31.885,30.6,450,13,51,Material shortage,Other,B094,S275,Team A
2025-04-04,Morning,INSPECT_01,Inspection,Support,1275,1214,1194,20,20.497,18.0,450,14,21,Tool change,Surface defect,B094,S275,Team A
2025-04-04,Morning,PACK_01,Packaging,Support,1020,957,940,17,25.452,22.5,450,31,13,Machine failure,Other,B094,S275,Team A
2025-04-04,Afternoon,PRESS_600T,Pressing,Housing,683,566,550,16,37.888,33.6,450,28,64,Material shortage,Press deformation,B094,S355,Team B
2025-04-04,Afternoon,PRESS_60T,Pressing,Housing,531,492,483,9,45.768,43.2,450,30,44,Maintenance,Other,B094,S355,Team B
2025-04-04,Afternoon,WELD_01,Spot Welding,Housing,294,259,253,6,88.878,78.0,450,17,48,Maintenance,Welding defect,B094,S355,Team B
2025-04-04,Afternoon,WELD_10HEAD,Spot Welding,Housing,425,381,363,18,66.63,54.0,450,21,5,Machine failure,Welding defect,B094,S355,Team B
2025-04-04,Afternoon,LATHE_01,Machining,Housing,562,547,541,6,42.389,40.8,450,22,41,Machine failure,Dimensional defect,B094,S355,Team B
2025-04-04,Afternoon,INSPECT_01,Inspection,Housing,956,915,899,16,24.828,24.0,450,33,38,Material shortage,Surface defect,B094,S355,Team B
2025-04-04,Afternoon,PACK_01,Packaging,Housing,765,713,698,15,34.583,30.0,450,29,10,Machine failure,Scratch,B094,S355,Team B
2025-04-04,Night,PRESS_600T,Pressing,Support,910,802,786,16,28.256,25.2,450,12,60,Machine failure,Other,B094,S275,Team C
2025-04-04,Night,PRESS_60T,Pressing,Support,708,627,613,14,38.434,32.4,450,30,18,Tool change,Press deformation,B094,S275,Team C
2025-04-04,Night,WELD_01,Spot Welding,Support,392,328,308,20,73.439,58.5,450,10,38,Tool change,Welding defect,B094,S275,Team C
2025-04-04,Night,WELD_10HEAD,Spot Welding,Support,566,478,456,22,53.542,40.5,450,12,11,Material shortage,Welding defect,B094,S275,Team C
2025-04-04,Night,LATHE_01,Machining,Support,749,621,602,19,36.894,30.6,450,34,34,Material shortage,Dimensional defect,B094,S275,Team C
2025-04-04,Night,INSPECT_01,Inspection,Support,1275,1053,1021,32,21.238,18.0,450,33,44,Material shortage,Surface defect,B094,S275,Team C
2025-04-04,Night,PACK_01,Packaging,Support,1020,947,929,18,24.565,22.5,450,15,47,Material shortage,Scratch,B094,S275,Team C
2025-04-05,Morning,PRESS_600T,Pressing,Support,910,864,852,12,26.242,25.2,450,27,45,Material shortage,Press deformation,B095,S275,Team A
2025-04-05,Morning,PRESS_60T,Pressing,Support,708,683,680,3,34.386,32.4,450,23,35,Operator waiting,Press deformation,B095,S275,Team A
2025-04-05,Morning,WELD_01,Spot Welding,Support,392,302,286,16,75.71,58.5,450,16,52,Material shortage,Other,B095,S275,Team A
2025-04-05,Morning,WELD_10HEAD,Spot Welding,Support,566,510,476,34,47.334,40.5,450,13,34,Operator waiting,Welding defect,B095,S275,Team A
2025-04-05,Morning,LATHE_01,Machining,Support,749,782,761,21,32.684,30.6,450,12,12,Tool change,Dimensional defect,B095,S275,Team A
2025-04-05,Morning,INSPECT_01,Inspection,Support,1275,1112,1096,16,20.486,18.0,450,34,36,Machine failure,Surface defect,B095,S275,Team A
2025-04-05,Morning,PACK_01,Packaging,Support,1020,957,945,12,25.821,22.5,450,25,13,Tool change,Other,B095,S275,Team A
2025-04-05,Afternoon,PRESS_600T,Pressing,Housing,683,632,624,8,35.372,33.6,450,12,65,Machine failure,Other,B095,S355,Team B
2025-04-05,Afternoon,PRESS_60T,Pressing,Housing,531,505,495,10,46.652,43.2,450,24,33,Tool change,Press deformation,B095,S355,Team B
2025-04-05,Afternoon,WELD_01,Spot Welding,Housing,294,249,237,12,96.765,78.0,450,26,21,Tool change,Welding defect,B095,S355,Team B
2025-04-05,Afternoon,WELD_10HEAD,Spot Welding,Housing,425,391,375,16,65.545,54.0,450,16,6,Tool change,Welding defect,B095,S355,Team B
2025-04-05,Afternoon,LATHE_01,Machining,Housing,562,540,528,12,42.188,40.8,450,26,44,Material shortage,Dimensional defect,B095,S355,Team B
2025-04-05,Afternoon,INSPECT_01,Inspection,Housing,956,899,876,23,26.867,24.0,450,25,22,Tool change,Surface defect,B095,S355,Team B
2025-04-05,Afternoon,PACK_01,Packaging,Housing,765,750,745,5,32.681,30.0,450,29,12,Material shortage,Other,B095,S355,Team B
2025-04-05,Night,PRESS_600T,Pressing,Bracket,819,673,660,13,34.749,28.0,450,11,49,Tool change,Press deformation,B095,S235,Team C
2025-04-05,Night,PRESS_60T,Pressing,Bracket,637,544,529,15,46.096,36.0,450,24,8,Material shortage,Press deformation,B095,S235,Team C
2025-04-05,Night,WELD_01,Spot Welding,Bracket,353,308,283,25,79.165,65.0,450,15,28,Quality issue,Welding defect,B095,S235,Team C
2025-04-05,Night,WELD_10HEAD,Spot Welding,Bracket,510,428,404,24,54.529,45.0,450,10,51,Material shortage,Other,B095,S235,Team C
2025-04-05,Night,LATHE_01,Machining,Bracket,675,612,602,10,39.153,34.0,450,23,27,Material shortage,Dimensional defect,B095,S235,Team C
2025-04-05,Night,INSPECT_01,Inspection,Bracket,1147,1094,1059,35,21.865,20.0,450,32,19,Operator waiting,Surface defect,B095,S235,Team C
2025-04-05,Night,PACK_01,Packaging,Bracket,918,862,845,17,29.922,25.0,450,14,6,Machine failure,Scratch,B095,S235,Team C
2025-04-06,Morning,PRESS_600T,Pressing,Housing,683,645,624,21,37.178,33.6,450,23,27,Tool change,Press deformation,B096,S355,Team A
2025-04-06,Morning,PRESS_60T,Pressing,Housing,531,454,452,2,47.878,43.2,450,35,52,Maintenance,Press deformation,B096,S355,Team A
2025-04-06,Morning,WELD_01,Spot Welding,Housing,294,238,230,8,101.086,78.0,450,15,33,Material shortage,Other,B096,S355,Team A
2025-04-06,Morning,WELD_10HEAD,Spot Welding,Housing,425,371,357,14,67.838,54.0,450,12,18,Quality issue,Welding defect,B096,S355,Team A
2025-04-06,Morning,LATHE_01,Machining,Housing,562,540,533,7,46.042,40.8,450,29,6,Maintenance,Dimensional defect,B096,S355,Team A
2025-04-06,Morning,INSPECT_01,Inspection,Housing,956,911,899,12,25.533,24.0,450,24,38,Machine failure,Other,B096,S355,Team A
2025-04-06,Morning,PACK_01,Packaging,Housing,765,656,649,7,34.166,30.0,450,25,51,Quality issue,Scratch,B096,S355,Team A
2025-04-06,Afternoon,PRESS_600T,Pressing,Support,910,838,827,11,26.684,25.2,450,28,49,Material shortage,Press deformation,B096,S275,Team B
2025-04-06,Afternoon,PRESS_60T,Pressing,Support,708,669,661,8,36.633,32.4,450,31,10,Material shortage,Press deformation,B096,S275,Team B
2025-04-06,Afternoon,WELD_01,Spot Welding,Support,392,349,326,23,67.247,58.5,450,25,33,Material shortage,Welding defect,B096,S275,Team B
2025-04-06,Afternoon,WELD_10HEAD,Spot Welding,Support,566,464,444,20,49.471,40.5,450,34,33,Operator waiting,Welding defect,B096,S275,Team B
2025-04-06,Afternoon,LATHE_01,Machining,Support,749,764,749,15,33.37,30.6,450,10,15,Material shortage,Dimensional defect,B096,S275,Team B
2025-04-06,Afternoon,INSPECT_01,Inspection,Support,1275,1291,1267,24,18.812,18.0,450,34,11,Tool change,Surface defect,B096,S275,Team B
2025-04-06,Afternoon,PACK_01,Packaging,Support,1020,988,969,19,23.193,22.5,450,34,34,Material shortage,Scratch,B096,S275,Team B
2025-04-06,Night,PRESS_600T,Pressing,Bracket,819,638,626,12,33.936,28.0,450,27,62,Material shortage,Press deformation,B096,S235,Team C
2025-04-06,Night,PRESS_60T,Pressing,Bracket,637,560,544,16,42.313,36.0,450,16,39,Material shortage,Press deformation,B096,S235,Team C
2025-04-06,Night,WELD_01,Spot Welding,Bracket,353,277,265,12,84.091,65.0,450,30,31,Tool change,Welding defect,B096,S235,Team C
2025-04-06,Night,WELD_10HEAD,Spot Welding,Bracket,510,415,382,33,55.433,45.0,450,15,51,Quality issue,Welding defect,B096,S235,Team C
2025-04-06,Night,LATHE_01,Machining,Bracket,675,540,525,15,42.263,34.0,450,33,36,Material shortage,Dimensional defect,B096,S235,Team C
2025-04-06,Night,INSPECT_01,Inspection,Bracket,1147,1157,1126,31,21.983,20.0,450,19,7,Quality issue,Surface defect,B096,S235,Team C
2025-04-06,Night,PACK_01,Packaging,Bracket,918,824,805,19,29.845,25.0,450,32,8,Tool change,Scratch,B096,S235,Team C
2025-04-07,Morning,PRESS_600T,Pressing,Bracket,819,699,680,19,30.106,28.0,450,29,70,Tool change,Press deformation,B097,S235,Team A
2025-04-07,Morning,PRESS_60T,Pressing,Bracket,637,587,578,9,39.11,36.0,450,25,42,Tool change,Other,B097,S235,Team A
2025-04-07,Morning,WELD_01,Spot Welding,Bracket,353,290,272,18,84.334,65.0,450,15,26,Material shortage,Welding defect,B097,S235,Team A
2025-04-07,Morning,WELD_10HEAD,Spot Welding,Bracket,510,443,421,22,57.48,45.0,450,19,6,Material shortage,Welding defect,B097,S235,Team A
2025-04-07,Morning,LATHE_01,Machining,Bracket,675,636,626,10,38.286,34.0,450,28,16,Material shortage,Other,B097,S235,Team A
2025-04-07,Morning,INSPECT_01,Inspection,Bracket,1147,1162,1146,16,21.049,20.0,450,21,21,Machine failure,Surface defect,B097,S235,Team A
2025-04-07,Morning,PACK_01,Packaging,Bracket,918,857,842,15,28.619,25.0,450,16,25,Tool change,Scratch,B097,S235,Team A
2025-04-07,Afternoon,PRESS_600T,Pressing,Bracket,819,790,779,11,30.0,28.0,450,27,28,Machine failure,Press deformation,B097,S235,Team B
2025-04-07,Afternoon,PRESS_60T,Pressing,Bracket,637,660,658,2,37.321,36.0,450,17,22,Material shortage,Other,B097,S235,Team B
2025-04-07,Afternoon,WELD_01,Spot Welding,Bracket,353,310,283,27,74.051,65.0,450,31,36,Material shortage,Welding defect,B097,S235,Team B
2025-04-07,Afternoon,WELD_10HEAD,Spot Welding,Bracket,510,383,360,23,59.053,45.0,450,32,41,Material shortage,Other,B097,S235,Team B
2025-04-07,Afternoon,LATHE_01,Machining,Bracket,675,718,706,12,35.392,34.0,450,18,8,Machine failure,Dimensional defect,B097,S235,Team B
2025-04-07,Afternoon,INSPECT_01,Inspection,Bracket,1147,1204,1183,21,20.472,20.0,450,22,17,Material shortage,Surface defect,B097,S235,Team B
2025-04-07,Afternoon,PACK_01,Packaging,Bracket,918,792,774,18,27.57,25.0,450,33,53,Tool change,Scratch,B097,S235,Team B
2025-04-07,Night,PRESS_600T,Pressing,Support,910,763,748,15,30.413,25.2,450,31,32,Machine failure,Press deformation,B097,S275,Team C
2025-04-07,Night,PRESS_60T,Pressing,Support,708,614,586,28,38.966,32.4,450,11,40,Machine failure,Press deformation,B097,S275,Team C
2025-04-07,Night,WELD_01,Spot Welding,Support,392,282,266,16,77.417,58.5,450,32,53,Tool change,Other,B097,S275,Team C
2025-04-07,Night,WELD_10HEAD,Spot Welding,Support,566,474,442,32,52.368,40.5,450,17,19,Machine failure,Welding defect,B097,S275,Team C
2025-04-07,Night,LATHE_01,Machining,Support,749,688,679,9,35.444,30.6,450,31,12,Tool change,Dimensional defect,B097,S275,Team C
2025-04-07,Night,INSPECT_01,Inspection,Support,1275,1225,1188,37,21.246,18.0,450,11,5,Tool change,Surface defect,B097,S275,Team C
2025-04-07,Night,PACK_01,Packaging,Support,1020,1010,987,23,23.74,22.5,450,28,22,Material shortage,Other,B097,S275,Team C
2025-04-08,Morning,PRESS_600T,Pressing,Bracket,819,732,723,9,31.025,28.0,450,19,52,Machine failure,Other,B098,S235,Team A
2025-04-08,Morning,PRESS_60T,Pressing,Bracket,637,583,571,12,37.72,36.0,450,31,52,Material shortage,Press deformation,B098,S235,Team A
2025-04-08,Morning,WELD_01,Spot Welding,Bracket,353,280,266,14,83.188,65.0,450,23,38,Tool change,Other,B098,S235,Team A
2025-04-08,Morning,WELD_10HEAD,Spot Welding,Bracket,510,492,463,29,52.275,45.0,450,11,10,Material shortage,Welding defect,B098,S235,Team A
2025-04-08,Morning,LATHE_01,Machining,Bracket,675,633,628,5,38.251,34.0,450,32,14,Operator waiting,Dimensional defect,B098,S235,Team A
2025-04-08,Morning,INSPECT_01,Inspection,Bracket,1147,1112,1085,27,21.095,20.0,450,28,31,Machine failure,Surface defect,B098,S235,Team A
2025-04-08,Morning,PACK_01,Packaging,Bracket,918,808,796,12,28.352,25.0,450,17,51,Quality issue,Scratch,B098,S235,Team A
2025-04-08,Afternoon,PRESS_600T,Pressing,Bracket,819,716,709,7,31.804,28.0,450,10,60,Material shortage,Press deformation,B098,S235,Team B
2025-04-08,Afternoon,PRESS_60T,Pressing,Bracket,637,620,604,16,39.073,36.0,450,15,31,Tool change,Other,B098,S235,Team B
2025-04-08,Afternoon,WELD_01,Spot Welding,Bracket,353,339,323,16,74.479,65.0,450,17,12,Machine failure,Welding defect,B098,S235,Team B
2025-04-08,Afternoon,WELD_10HEAD,Spot Welding,Bracket,510,410,391,19,54.57,45.0,450,22,55,Tool change,Welding defect,B098,S235,Team B
2025-04-08,Afternoon,LATHE_01,Machining,Bracket,675,691,687,4,35.56,34.0,450,34,6,Maintenance,Dimensional defect,B098,S235,Team B
2025-04-08,Afternoon,INSPECT_01,Inspection,Bracket,1147,1193,1176,17,20.913,20.0,450,17,17,Material shortage,Other,B098,S235,Team B
2025-04-08,Afternoon,PACK_01,Packaging,Bracket,918,906,888,18,25.535,25.0,450,35,29,Tool change,Scratch,B098,S235,Team B
2025-04-08,Night,PRESS_600T,Pressing,Support,910,794,771,23,28.935,25.2,450,29,38,Machine failure,Other,B098,S275,Team C
2025-04-08,Night,PRESS_60T,Pressing,Support,708,640,622,18,37.208,32.4,450,11,42,Tool change,Other,B098,S275,Team C
2025-04-08,Night,WELD_01,Spot Welding,Support,392,302,282,20,77.476,58.5,450,25,34,Material shortage,Welding defect,B098,S275,Team C
2025-04-08,Night,WELD_10HEAD,Spot Welding,Support,566,443,421,22,52.138,40.5,450,31,34,Maintenance,Welding defect,B098,S275,Team C
2025-04-08,Night,LATHE_01,Machining,Support,749,629,615,14,37.103,30.6,450,28,33,Tool change,Dimensional defect,B098,S275,Team C
2025-04-08,Night,INSPECT_01,Inspection,Support,1275,1293,1252,41,19.292,18.0,450,17,17,Tool change,Surface defect,B098,S275,Team C
2025-04-08,Night,PACK_01,Packaging,Support,1020,827,807,20,27.052,22.5,450,26,51,Maintenance,Scratch,B098,S275,Team C
2025-04-09,Morning,PRESS_600T,Pressing,Housing,683,646,640,6,37.584,33.6,450,20,25,Material shortage,Press deformation,B099,S355,Team A
2025-04-09,Morning,PRESS_60T,Pressing,Housing,531,512,508,4,46.249,43.2,450,16,39,Machine failure,Press deformation,B099,S355,Team A
2025-04-09,Morning,WELD_01,Spot Welding,Housing,294,251,239,12,97.234,78.0,450,33,10,Maintenance,Welding defect,B099,S355,Team A
2025-04-09,Morning,WELD_10HEAD,Spot Welding,Housing,425,335,318,17,70.124,54.0,450,23,35,Operator waiting,Welding defect,B099,S355,Team A
2025-04-09,Morning,LATHE_01,Machining,Housing,562,522,514,8,43.387,40.8,450,26,46,Tool change,Other,B099,S355,Team A
2025-04-09,Morning,INSPECT_01,Inspection,Housing,956,854,832,22,27.75,24.0,450,35,20,Operator waiting,Surface defect,B099,S355,Team A
2025-04-09,Morning,PACK_01,Packaging,Housing,765,682,669,13,33.823,30.0,450,16,49,Tool change,Scratch,B099,S355,Team A
2025-04-09,Afternoon,PRESS_600T,Pressing,Support,910,832,821,11,27.239,25.2,450,34,38,Material shortage,Press deformation,B099,S275,Team B
2025-04-09,Afternoon,PRESS_60T,Pressing,Support,708,605,590,15,37.431,32.4,450,22,50,Tool change,Other,B099,S275,Team B
2025-04-09,Afternoon,WELD_01,Spot Welding,Support,392,360,341,19,67.292,58.5,450,33,13,Material shortage,Welding defect,B099,S275,Team B
2025-04-09,Afternoon,WELD_10HEAD,Spot Welding,Support,566,488,466,22,46.778,40.5,450,25,44,Machine failure,Welding defect,B099,S275,Team B
2025-04-09,Afternoon,LATHE_01,Machining,Support,749,782,772,10,32.054,30.6,450,25,7,Operator waiting,Dimensional defect,B099,S275,Team B
2025-04-09,Afternoon,INSPECT_01,Inspection,Support,1275,1168,1158,10,20.648,18.0,450,13,35,Material shortage,Surface defect,B099,S275,Team B
2025-04-09,Afternoon,PACK_01,Packaging,Support,1020,959,945,14,24.387,22.5,450,32,28,Machine failure,Scratch,B099,S275,Team B
2025-04-09,Night,PRESS_600T,Pressing,Support,910,880,870,10,26.704,25.2,450,32,26,Tool change,Press deformation,B099,S275,Team C
2025-04-09,Night,PRESS_60T,Pressing,Support,708,549,532,17,40.498,32.4,450,28,51,Maintenance,Other,B099,S275,Team C
2025-04-09,Night,WELD_01,Spot Welding,Support,392,278,264,14,80.951,58.5,450,32,42,Tool change,Welding defect,B099,S275,Team C
2025-04-09,Night,WELD_10HEAD,Spot Welding,Support,566,498,460,38,47.657,40.5,450,29,25,Machine failure,Welding defect,B099,S275,Team C
2025-04-09,Night,LATHE_01,Machining,Support,749,654,644,10,35.589,30.6,450,12,50,Material shortage,Dimensional defect,B099,S275,Team C
2025-04-09,Night,INSPECT_01,Inspection,Support,1275,1007,984,23,23.038,18.0,450,20,43,Maintenance,Other,B099,S275,Team C
2025-04-09,Night,PACK_01,Packaging,Support,1020,967,949,18,25.418,22.5,450,27,13,Machine failure,Scratch,B099,S275,Team C
2025-04-10,Morning,PRESS_600T,Pressing,Bracket,819,682,662,20,30.503,28.0,450,35,68,Quality issue,Press deformation,B100,S235,Team A
2025-04-10,Morning,PRESS_60T,Pressing,Bracket,637,662,651,11,37.048,36.0,450,31,10,Machine failure,Press deformation,B100,S235,Team A
2025-04-10,Morning,WELD_01,Spot Welding,Bracket,353,318,303,15,75.729,65.0,450,33,15,Material shortage,Welding defect,B100,S235,Team A
2025-04-10,Morning,WELD_10HEAD,Spot Welding,Bracket,510,473,453,20,51.968,45.0,450,11,29,Tool change,Other,B100,S235,Team A
2025-04-10,Morning,LATHE_01,Machining,Bracket,675,653,646,7,38.188,34.0,450,18,16,Machine failure,Other,B100,S235,Team A
2025-04-10,Morning,INSPECT_01,Inspection,Bracket,1147,1112,1093,19,21.083,20.0,450,34,25,Maintenance,Other,B100,S235,Team A
2025-04-10,Morning,PACK_01,Packaging,Bracket,918,897,876,21,27.081,25.0,450,14,31,Material shortage,Scratch,B100,S235,Team A
2025-04-10,Afternoon,PRESS_600T,Pressing,Housing,683,604,594,10,36.322,33.6,450,35,49,Maintenance,Press deformation,B100,S355,Team B
2025-04-10,Afternoon,PRESS_60T,Pressing,Housing,531,494,490,4,45.887,43.2,450,34,38,Maintenance,Press deformation,B100,S355,Team B
2025-04-10,Afternoon,WELD_01,Spot Welding,Housing,294,247,236,11,100.385,78.0,450,18,18,Operator waiting,Welding defect,B100,S355,Team B
2025-04-10,Afternoon,WELD_10HEAD,Spot Welding,Housing,425,407,385,22,61.15,54.0,450,20,15,Machine failure,Welding defect,B100,S355,Team B
2025-04-10,Afternoon,LATHE_01,Machining,Housing,562,529,521,8,44.866,40.8,450,33,21,Material shortage,Dimensional defect,B100,S355,Team B
2025-04-10,Afternoon,INSPECT_01,Inspection,Housing,956,954,939,15,26.159,24.0,450,15,19,Material shortage,Surface defect,B100,S355,Team B
2025-04-10,Afternoon,PACK_01,Packaging,Housing,765,696,690,6,33.698,30.0,450,11,48,Material shortage,Scratch,B100,S355,Team B
2025-04-10,Night,PRESS_600T,Pressing,Bracket,819,761,742,19,31.115,28.0,450,28,27,Material shortage,Press deformation,B100,S235,Team C
2025-04-10,Night,PRESS_60T,Pressing,Bracket,637,575,567,8,39.908,36.0,450,14,53,Machine failure,Other,B100,S235,Team C
2025-04-10,Night,WELD_01,Spot Welding,Bracket,353,310,293,17,80.111,65.0,450,13,22,Maintenance,Other,B100,S235,Team C
2025-04-10,Night,WELD_10HEAD,Spot Welding,Bracket,510,395,374,21,59.211,45.0,450,35,25,Tool change,Welding defect,B100,S235,Team C
2025-04-10,Night,LATHE_01,Machining,Bracket,675,567,559,8,39.134,34.0,450,33,47,Material shortage,Dimensional defect,B100,S235,Team C
2025-04-10,Night,INSPECT_01,Inspection,Bracket,1147,984,964,20,23.525,20.0,450,20,44,Maintenance,Surface defect,B100,S235,Team C
2025-04-10,Night,PACK_01,Packaging,Bracket,918,816,802,14,29.997,25.0,450,27,15,Material shortage,Scratch,B100,S235,Team C
2025-04-11,Morning,PRESS_600T,Pressing,Support,910,890,882,8,26.493,25.2,450,31,26,Material shortage,Press deformation,B101,S275,Team A
2025-04-11,Morning,PRESS_60T,Pressing,Support,708,696,686,10,35.756,32.4,450,24,11,Tool change,Other,B101,S275,Team A
2025-04-11,Morning,WELD_01,Spot Welding,Support,392,351,326,25,70.875,58.5,450,25,10,Tool change,Other,B101,S275,Team A
2025-04-11,Morning,WELD_10HEAD,Spot Welding,Support,566,469,450,19,53.279,40.5,450,24,9,Tool change,Other,B101,S275,Team A
2025-04-11,Morning,LATHE_01,Machining,Support,749,786,776,10,32.484,30.6,450,12,12,Tool change,Dimensional defect,B101,S275,Team A
2025-04-11,Morning,INSPECT_01,Inspection,Support,1275,1176,1154,22,20.799,18.0,450,35,7,Material shortage,Other,B101,S275,Team A
2025-04-11,Morning,PACK_01,Packaging,Support,1020,961,956,5,25.203,22.5,450,11,35,Maintenance,Scratch,B101,S275,Team A
2025-04-11,Afternoon,PRESS_600T,Pressing,Support,910,792,783,9,28.312,25.2,450,17,59,Machine failure,Other,B101,S275,Team B
2025-04-11,Afternoon,PRESS_60T,Pressing,Support,708,750,730,20,33.332,32.4,450,12,21,Material shortage,Other,B101,S275,Team B
2025-04-11,Afternoon,WELD_01,Spot Welding,Support,392,306,291,15,77.046,58.5,450,31,25,Machine failure,Welding defect,B101,S275,Team B
2025-04-11,Afternoon,WELD_10HEAD,Spot Welding,Support,566,448,415,33,50.539,40.5,450,34,38,Material shortage,Welding defect,B101,S275,Team B
2025-04-11,Afternoon,LATHE_01,Machining,Support,749,678,670,8,33.432,30.6,450,34,38,Material shortage,Dimensional defect,B101,S275,Team B
2025-04-11,Afternoon,INSPECT_01,Inspection,Support,1275,1170,1149,21,19.537,18.0,450,24,45,Machine failure,Surface defect,B101,S275,Team B
2025-04-11,Afternoon,PACK_01,Packaging,Support,1020,983,970,13,23.116,22.5,450,35,36,Tool change,Scratch,B101,S275,Team B
2025-04-11,Night,PRESS_600T,Pressing,Housing,683,601,583,18,38.009,33.6,450,10,59,Material shortage,Press deformation,B101,S355,Team C
2025-04-11,Night,PRESS_60T,Pressing,Housing,531,468,461,7,46.136,43.2,450,35,55,Material shortage,Press deformation,B101,S355,Team C
2025-04-11,Night,WELD_01,Spot Welding,Housing,294,207,195,12,110.468,78.0,450,32,36,Material shortage,Welding defect,B101,S355,Team C
2025-04-11,Night,WELD_10HEAD,Spot Welding,Housing,425,370,338,32,67.561,54.0,450,24,9,Tool change,Welding defect,B101,S355,Team C
2025-04-11,Night,LATHE_01,Machining,Housing,562,532,520,12,43.746,40.8,450,33,29,Tool change,Dimensional defect,B101,S355,Team C
2025-04-11,Night,INSPECT_01,Inspection,Housing,956,983,953,30,26.121,24.0,450,15,7,Maintenance,Surface defect,B101,S355,Team C
2025-04-11,Night,PACK_01,Packaging,Housing,765,633,622,11,35.505,30.0,450,20,55,Machine failure,Scratch,B101,S355,Team C
2025-04-12,Morning,PRESS_600T,Pressing,Housing,683,577,570,7,36.544,33.6,450,25,73,Material shortage,Press deformation,B102,S355,Team A
2025-04-12,Morning,PRESS_60T,Pressing,Housing,531,467,459,8,46.558,43.2,450,35,52,Material shortage,Other,B102,S355,Team A
2025-04-12,Morning,WELD_01,Spot Welding,Housing,294,240,221,19,98.454,78.0,450,19,36,Tool change,Welding defect,B102,S355,Team A
2025-04-12,Morning,WELD_10HEAD,Spot Welding,Housing,425,336,320,16,71.232,54.0,450,17,33,Material shortage,Welding defect,B102,S355,Team A
2025-04-12,Morning,LATHE_01,Machining,Housing,562,599,591,8,42.467,40.8,450,12,14,Machine failure,Dimensional defect,B102,S355,Team A
2025-04-12,Morning,INSPECT_01,Inspection,Housing,956,901,889,12,25.567,24.0,450,35,31,Tool change,Surface defect,B102,S355,Team A
2025-04-12,Morning,PACK_01,Packaging,Housing,765,812,803,9,31.52,30.0,450,13,10,Tool change,Scratch,B102,S355,Team A
2025-04-12,Afternoon,PRESS_600T,Pressing,Housing,683,633,628,5,38.367,33.6,450,16,29,Machine failure,Press deformation,B102,S355,Team B
2025-04-12,Afternoon,PRESS_60T,Pressing,Housing,531,586,571,15,44.436,43.2,450,11,5,Tool change,Press deformation,B102,S355,Team B
2025-04-12,Afternoon,WELD_01,Spot Welding,Housing,294,218,206,12,102.646,78.0,450,30,47,Tool change,Welding defect,B102,S355,Team B
2025-04-12,Afternoon,WELD_10HEAD,Spot Welding,Housing,425,334,318,16,67.104,54.0,450,25,51,Tool change,Welding defect,B102,S355,Team B
2025-04-12,Afternoon,LATHE_01,Machining,Housing,562,511,499,12,46.461,40.8,450,16,38,Material shortage,Dimensional defect,B102,S355,Team B
2025-04-12,Afternoon,INSPECT_01,Inspection,Housing,956,931,917,14,26.549,24.0,450,29,9,Maintenance,Other,B102,S355,Team B
2025-04-12,Afternoon,PACK_01,Packaging,Housing,765,747,730,17,32.744,30.0,450,33,9,Material shortage,Scratch,B102,S355,Team B
2025-04-12,Night,PRESS_600T,Pressing,Support,910,723,700,23,30.587,25.2,450,26,55,Quality issue,Press deformation,B102,S275,Team C
2025-04-12,Night,PRESS_60T,Pressing,Support,708,630,609,21,38.725,32.4,450,30,13,Tool change,Press deformation,B102,S275,Team C
2025-04-12,Night,WELD_01,Spot Welding,Support,392,287,272,15,80.671,58.5,450,14,49,Material shortage,Welding defect,B102,S275,Team C
2025-04-12,Night,WELD_10HEAD,Spot Welding,Support,566,460,430,30,51.888,40.5,450,34,18,Machine failure,Welding defect,B102,S275,Team C
2025-04-12,Night,LATHE_01,Machining,Support,749,642,625,17,37.35,30.6,450,28,22,Quality issue,Dimensional defect,B102,S275,Team C
2025-04-12,Night,INSPECT_01,Inspection,Support,1275,1152,1124,28,21.192,18.0,450,16,27,Operator waiting,Surface defect,B102,S275,Team C
2025-04-12,Night,PACK_01,Packaging,Support,1020,906,886,20,27.943,22.5,450,23,5,Tool change,Scratch,B102,S275,Team C
2025-04-13,Morning,PRESS_600T,Pressing,Support,910,842,828,14,26.63,25.2,450,21,55,Material shortage,Press deformation,B103,S275,Team A
2025-04-13,Morning,PRESS_60T,Pressing,Support,708,663,652,11,33.831,32.4,450,32,44,Maintenance,Press deformation,B103,S275,Team A
2025-04-13,Morning,WELD_01,Spot Welding,Support,392,351,342,9,72.466,58.5,450,20,6,Machine failure,Welding defect,B103,S275,Team A
2025-04-13,Morning,WELD_10HEAD,Spot Welding,Support,566,524,492,32,46.095,40.5,450,24,23,Material shortage,Welding defect,B103,S275,Team A
2025-04-13,Morning,LATHE_01,Machining,Support,749,665,653,12,33.362,30.6,450,35,45,Maintenance,Other,B103,S275,Team A
2025-04-13,Morning,INSPECT_01,Inspection,Support,1275,1283,1261,22,19.126,18.0,450,35,6,Material shortage,Surface defect,B103,S275,Team A
2025-04-13,Morning,PACK_01,Packaging,Support,1020,937,930,7,24.249,22.5,450,33,38,Tool change,Scratch,B103,S275,Team A
2025-04-13,Afternoon,PRESS_600T,Pressing,Housing,683,561,546,15,37.744,33.6,450,30,67,Machine failure,Press deformation,B103,S355,Team B
2025-04-13,Afternoon,PRESS_60T,Pressing,Housing,531,545,533,12,44.749,43.2,450,13,30,Material shortage,Press deformation,B103,S355,Team B
2025-04-13,Afternoon,WELD_01,Spot Welding,Housing,294,253,237,16,99.238,78.0,450,19,11,Tool change,Welding defect,B103,S355,Team B
2025-04-13,Afternoon,WELD_10HEAD,Spot Welding,Housing,425,374,359,15,63.384,54.0,450,25,29,Material shortage,Other,B103,S355,Team B
2025-04-13,Afternoon,LATHE_01,Machining,Housing,562,532,520,12,44.518,40.8,450,34,21,Quality issue,Dimensional defect,B103,S355,Team B
2025-04-13,Afternoon,INSPECT_01,Inspection,Housing,956,940,928,12,25.008,24.0,450,31,27,Quality issue,Surface defect,B103,S355,Team B
2025-04-13,Afternoon,PACK_01,Packaging,Housing,765,687,672,15,32.107,30.0,450,31,51,Quality issue,Scratch,B103,S355,Team B
2025-04-13,Night,PRESS_600T,Pressing,Bracket,819,693,676,17,32.808,28.0,450,17,54,Tool change,Press deformation,B103,S235,Team C
2025-04-13,Night,PRESS_60T,Pressing,Bracket,637,559,536,23,42.44,36.0,450,14,40,Material shortage,Press deformation,B103,S235,Team C
2025-04-13,Night,WELD_01,Spot Welding,Bracket,353,257,245,12,92.62,65.0,450,19,33,Maintenance,Welding defect,B103,S235,Team C
2025-04-13,Night,WELD_10HEAD,Spot Welding,Bracket,510,403,378,25,57.836,45.0,450,33,28,Material shortage,Welding defect,B103,S235,Team C
2025-04-13,Night,LATHE_01,Machining,Bracket,675,547,535,12,41.498,34.0,450,18,53,Machine failure,Dimensional defect,B103,S235,Team C
2025-04-13,Night,INSPECT_01,Inspection,Bracket,1147,1057,1023,34,23.492,20.0,450,11,25,Material shortage,Surface defect,B103,S235,Team C
2025-04-13,Night,PACK_01,Packaging,Bracket,918,865,832,33,30.165,25.0,450,10,5,Material shortage,Scratch,B103,S235,Team C
2025-04-14,Morning,PRESS_600T,Pressing,Support,910,829,811,18,26.849,25.2,450,34,45,Quality issue,Press deformation,B104,S275,Team A
2025-04-14,Morning,PRESS_60T,Pressing,Support,708,690,676,14,35.213,32.4,450,11,34,Quality issue,Press deformation,B104,S275,Team A
2025-04-14,Morning,WELD_01,Spot Welding,Support,392,304,289,15,75.968,58.5,450,25,40,Material shortage,Welding defect,B104,S275,Team A
2025-04-14,Morning,WELD_10HEAD,Spot Welding,Support,566,501,482,19,51.77,40.5,450,10,7,Operator waiting,Welding defect,B104,S275,Team A
2025-04-14,Morning,LATHE_01,Machining,Support,749,666,647,19,34.589,30.6,450,15,51,Operator waiting,Dimensional defect,B104,S275,Team A
2025-04-14,Morning,INSPECT_01,Inspection,Support,1275,1250,1229,21,19.342,18.0,450,31,16,Operator waiting,Surface defect,B104,S275,Team A
2025-04-14,Morning,PACK_01,Packaging,Support,1020,921,892,29,24.474,22.5,450,25,49,Machine failure,Scratch,B104,S275,Team A
2025-04-14,Afternoon,PRESS_600T,Pressing,Bracket,819,751,746,5,31.774,28.0,450,15,37,Machine failure,Press deformation,B104,S235,Team B
2025-04-14,Afternoon,PRESS_60T,Pressing,Bracket,637,586,564,22,38.036,36.0,450,30,48,Quality issue,Press deformation,B104,S235,Team B
2025-04-14,Afternoon,WELD_01,Spot Welding,Bracket,353,293,268,25,83.294,65.0,450,31,12,Machine failure,Welding defect,B104,S235,Team B
2025-04-14,Afternoon,WELD_10HEAD,Spot Welding,Bracket,510,438,414,24,57.944,45.0,450,16,11,Tool change,Welding defect,B104,S235,Team B
2025-04-14,Afternoon,LATHE_01,Machining,Bracket,675,605,599,6,36.495,34.0,450,35,47,Material shortage,Dimensional defect,B104,S235,Team B
2025-04-14,Afternoon,INSPECT_01,Inspection,Bracket,1147,1114,1089,25,22.017,20.0,450,19,22,Tool change,Surface defect,B104,S235,Team B
2025-04-14,Afternoon,PACK_01,Packaging,Bracket,918,800,772,28,28.553,25.0,450,22,47,Material shortage,Other,B104,S235,Team B
2025-04-14,Night,PRESS_600T,Pressing,Support,910,724,704,20,31.875,25.2,450,18,47,Machine failure,Press deformation,B104,S275,Team C
2025-04-14,Night,PRESS_60T,Pressing,Support,708,605,591,14,40.146,32.4,450,22,23,Machine failure,Press deformation,B104,S275,Team C
2025-04-14,Night,WELD_01,Spot Welding,Support,392,301,279,22,77.916,58.5,450,35,23,Machine failure,Welding defect,B104,S275,Team C
2025-04-14,Night,WELD_10HEAD,Spot Welding,Support,566,473,436,37,52.871,40.5,450,16,17,Machine failure,Other,B104,S275,Team C
2025-04-14,Night,LATHE_01,Machining,Support,749,662,639,23,37.229,30.6,450,19,20,Maintenance,Dimensional defect,B104,S275,Team C
2025-04-14,Night,INSPECT_01,Inspection,Support,1275,1049,1033,16,22.01,18.0,450,10,55,Quality issue,Other,B104,S275,Team C
2025-04-14,Night,PACK_01,Packaging,Support,1020,916,895,21,24.802,22.5,450,24,47,Tool change,Scratch,B104,S275,Team C
2025-04-15,Morning,PRESS_600T,Pressing,Housing,683,579,571,8,37.818,33.6,450,13,72,Material shortage,Other,B105,S355,Team A
2025-04-15,Morning,PRESS_60T,Pressing,Housing,531,509,496,13,47.969,43.2,450,15,28,Material shortage,Press deformation,B105,S355,Team A
2025-04-15,Morning,WELD_01,Spot Welding,Housing,294,263,252,11,94.559,78.0,450,29,6,Machine failure,Welding defect,B105,S355,Team A
2025-04-15,Morning,WELD_10HEAD,Spot Welding,Housing,425,366,351,15,65.879,54.0,450,24,24,Machine failure,Welding defect,B105,S355,Team A
2025-04-15,Morning,LATHE_01,Machining,Housing,562,576,570,6,41.661,40.8,450,25,25,Tool change,Dimensional defect,B105,S355,Team A
2025-04-15,Morning,INSPECT_01,Inspection,Housing,956,895,885,10,27.616,24.0,450,18,20,Machine failure,Surface defect,B105,S355,Team A
2025-04-15,Morning,PACK_01,Packaging,Housing,765,729,721,8,34.485,30.0,450,24,7,Tool change,Other,B105,S355,Team A
2025-04-15,Afternoon,PRESS_600T,Pressing,Bracket,819,657,645,12,31.943,28.0,450,25,75,Tool change,Press deformation,B105,S235,Team B
2025-04-15,Afternoon,PRESS_60T,Pressing,Bracket,637,572,563,9,41.603,36.0,450,13,40,Tool change,Press deformation,B105,S235,Team B
2025-04-15,Afternoon,WELD_01,Spot Welding,Bracket,353,307,291,16,83.962,65.0,450,12,8,Machine failure,Welding defect,B105,S235,Team B
2025-04-15,Afternoon,WELD_10HEAD,Spot Welding,Bracket,510,464,438,26,54.001,45.0,450,13,19,Operator waiting,Welding defect,B105,S235,Team B
2025-04-15,Afternoon,LATHE_01,Machining,Bracket,675,623,611,12,38.972,34.0,450,11,34,Operator waiting,Other,B105,S235,Team B
2025-04-15,Afternoon,INSPECT_01,Inspection,Bracket,1147,1048,1029,19,22.422,20.0,450,24,34,Operator waiting,Surface defect,B105,S235,Team B
2025-04-15,Afternoon,PACK_01,Packaging,Bracket,918,820,809,11,27.272,25.0,450,32,45,Maintenance,Scratch,B105,S235,Team B
2025-04-15,Night,PRESS_600T,Pressing,Support,910,741,722,19,31.392,25.2,450,31,31,Machine failure,Other,B105,S275,Team C
2025-04-15,Night,PRESS_60T,Pressing,Support,708,591,570,21,38.562,32.4,450,19,51,Maintenance,Other,B105,S275,Team C
2025-04-15,Night,WELD_01,Spot Welding,Support,392,320,305,15,79.945,58.5,450,11,12,Machine failure,Welding defect,B105,S275,Team C
2025-04-15,Night,WELD_10HEAD,Spot Welding,Support,566,433,408,25,54.352,40.5,450,22,35,Material shortage,Welding defect,B105,S275,Team C
2025-04-15,Night,LATHE_01,Machining,Support,749,612,595,17,35.937,30.6,450,29,54,Tool change,Dimensional defect,B105,S275,Team C
2025-04-15,Night,INSPECT_01,Inspection,Support,1275,1128,1093,35,20.848,18.0,450,15,43,Machine failure,Surface defect,B105,S275,Team C
2025-04-15,Night,PACK_01,Packaging,Support,1020,858,828,30,25.723,22.5,450,31,51,Quality issue,Scratch,B105,S275,Team C
2025-04-16,Morning,PRESS_600T,Pressing,Support,910,879,857,22,26.811,25.2,450,23,34,Material shortage,Other,B106,S275,Team A
2025-04-16,Morning,PRESS_60T,Pressing,Support,708,604,594,10,36.348,32.4,450,35,49,Maintenance,Other,B106,S275,Team A
2025-04-16,Morning,WELD_01,Spot Welding,Support,392,379,357,22,68.13,58.5,450,12,7,Tool change,Welding defect,B106,S275,Team A
2025-04-16,Morning,WELD_10HEAD,Spot Welding,Support,566,504,473,31,47.961,40.5,450,26,21,Maintenance,Welding defect,B106,S275,Team A
2025-04-16,Morning,LATHE_01,Machining,Support,749,746,722,24,32.574,30.6,450,19,26,Machine failure,Other,B106,S275,Team A
2025-04-16,Morning,INSPECT_01,Inspection,Support,1275,1301,1275,26,19.181,18.0,450,29,5,Operator waiting,Surface defect,B106,S275,Team A
2025-04-16,Morning,PACK_01,Packaging,Support,1020,979,967,12,23.585,22.5,450,20,45,Operator waiting,Scratch,B106,S275,Team A
2025-04-16,Afternoon,PRESS_600T,Pressing,Housing,683,609,600,9,34.538,33.6,450,26,73,Machine failure,Press deformation,B106,S355,Team B
2025-04-16,Afternoon,PRESS_60T,Pressing,Housing,531,528,526,2,47.596,43.2,450,10,21,Machine failure,Press deformation,B106,S355,Team B
2025-04-16,Afternoon,WELD_01,Spot Welding,Housing,294,254,238,16,98.41,78.0,450,25,7,Operator waiting,Welding defect,B106,S355,Team B
2025-04-16,Afternoon,WELD_10HEAD,Spot Welding,Housing,425,358,337,21,64.949,54.0,450,16,46,Material shortage,Welding defect,B106,S355,Team B
2025-04-16,Afternoon,LATHE_01,Machining,Housing,562,510,497,13,45.571,40.8,450,21,41,Quality issue,Dimensional defect,B106,S355,Team B
2025-04-16,Afternoon,INSPECT_01,Inspection,Housing,956,921,895,26,27.551,24.0,450,12,15,Operator waiting,Surface defect,B106,S355,Team B
2025-04-16,Afternoon,PACK_01,Packaging,Housing,765,673,664,9,33.49,30.0,450,23,51,Machine failure,Scratch,B106,S355,Team B
2025-04-16,Night,PRESS_600T,Pressing,Support,910,779,764,15,30.946,25.2,450,14,34,Material shortage,Press deformation,B106,S275,Team C
2025-04-16,Night,PRESS_60T,Pressing,Support,708,629,614,15,38.82,32.4,450,21,22,Quality issue,Press deformation,B106,S275,Team C
2025-04-16,Night,WELD_01,Spot Welding,Support,392,329,311,18,70.848,58.5,450,11,50,Operator waiting,Welding defect,B106,S275,Team C
2025-04-16,Night,WELD_10HEAD,Spot Welding,Support,566,448,425,23,52.948,40.5,450,18,36,Operator waiting,Welding defect,B106,S275,Team C
2025-04-16,Night,LATHE_01,Machining,Support,749,722,701,21,32.628,30.6,450,34,23,Operator waiting,Dimensional defect,B106,S275,Team C
2025-04-16,Night,INSPECT_01,Inspection,Support,1275,1088,1060,28,21.876,18.0,450,17,36,Material shortage,Other,B106,S275,Team C
2025-04-16,Night,PACK_01,Packaging,Support,1020,921,905,16,26.565,22.5,450,20,22,Operator waiting,Scratch,B106,S275,Team C
2025-04-17,Morning,PRESS_600T,Pressing,Housing,683,703,699,4,34.636,33.6,450,16,28,Tool change,Press deformation,B107,S355,Team A
2025-04-17,Morning,PRESS_60T,Pressing,Housing,531,509,500,9,46.132,43.2,450,26,32,Machine failure,Press deformation,B107,S355,Team A
2025-04-17,Morning,WELD_01,Spot Welding,Housing,294,263,257,6,92.693,78.0,450,31,12,Quality issue,Other,B107,S355,Team A
2025-04-17,Morning,WELD_10HEAD,Spot Welding,Housing,425,419,395,24,60.542,54.0,450,20,7,Tool change,Other,B107,S355,Team A
2025-04-17,Morning,LATHE_01,Machining,Housing,562,541,532,9,42.446,40.8,450,32,35,Material shortage,Dimensional defect,B107,S355,Team A
2025-04-17,Morning,INSPECT_01,Inspection,Housing,956,796,784,12,27.732,24.0,450,30,52,Maintenance,Other,B107,S355,Team A
2025-04-17,Morning,PACK_01,Packaging,Housing,765,735,716,19,34.519,30.0,450,13,14,Machine failure,Other,B107,S355,Team A
2025-04-17,Afternoon,PRESS_600T,Pressing,Support,910,896,883,13,26.3,25.2,450,26,31,Material shortage,Other,B107,S275,Team B
2025-04-17,Afternoon,PRESS_60T,Pressing,Support,708,688,675,13,35.56,32.4,450,12,30,Tool change,Press deformation,B107,S275,Team B
2025-04-17,Afternoon,WELD_01,Spot Welding,Support,392,329,314,15,71.778,58.5,450,19,37,Tool change,Welding defect,B107,S275,Team B
2025-04-17,Afternoon,WELD_10HEAD,Spot Welding,Support,566,486,454,32,48.967,40.5,450,27,26,Tool change,Welding defect,B107,S275,Team B
2025-04-17,Afternoon,LATHE_01,Machining,Support,749,769,758,11,32.043,30.6,450,28,11,Machine failure,Other,B107,S275,Team B
2025-04-17,Afternoon,INSPECT_01,Inspection,Support,1275,1127,1103,24,20.702,18.0,450,19,42,Material shortage,Surface defect,B107,S275,Team B
2025-04-17,Afternoon,PACK_01,Packaging,Support,1020,983,977,6,24.048,22.5,450,16,40,Maintenance,Scratch,B107,S275,Team B
2025-04-17,Night,PRESS_600T,Pressing,Support,910,718,698,20,30.073,25.2,450,25,65,Material shortage,Press deformation,B107,S275,Team C
2025-04-17,Night,PRESS_60T,Pressing,Support,708,661,653,8,36.391,32.4,450,32,17,Machine failure,Press deformation,B107,S275,Team C
2025-04-17,Night,WELD_01,Spot Welding,Support,392,270,259,11,80.411,58.5,450,34,53,Maintenance,Welding defect,B107,S275,Team C
2025-04-17,Night,WELD_10HEAD,Spot Welding,Support,566,443,417,26,52.62,40.5,450,18,43,Tool change,Welding defect,B107,S275,Team C
2025-04-17,Night,LATHE_01,Machining,Support,749,679,659,20,35.851,30.6,450,28,16,Maintenance,Dimensional defect,B107,S275,Team C
2025-04-17,Night,INSPECT_01,Inspection,Support,1275,1247,1209,38,20.157,18.0,450,25,6,Tool change,Surface defect,B107,S275,Team C
2025-04-17,Night,PACK_01,Packaging,Support,1020,875,855,20,27.146,22.5,450,33,21,Maintenance,Scratch,B107,S275,Team C
2025-04-18,Morning,PRESS_600T,Pressing,Housing,683,676,661,15,35.214,33.6,450,22,31,Machine failure,Press deformation,B108,S355,Team A
2025-04-18,Morning,PRESS_60T,Pressing,Housing,531,562,551,11,44.259,43.2,450,23,12,Machine failure,Other,B108,S355,Team A
2025-04-18,Morning,WELD_01,Spot Welding,Housing,294,261,245,16,94.688,78.0,450,31,7,Quality issue,Welding defect,B108,S355,Team A
2025-04-18,Morning,WELD_10HEAD,Spot Welding,Housing,425,357,336,21,67.79,54.0,450,16,30,Machine failure,Welding defect,B108,S355,Team A
2025-04-18,Morning,LATHE_01,Machining,Housing,562,487,471,16,45.643,40.8,450,35,44,Machine failure,Dimensional defect,B108,S355,Team A
2025-04-18,Morning,INSPECT_01,Inspection,Housing,956,898,877,21,25.299,24.0,450,16,55,Tool change,Other,B108,S355,Team A
2025-04-18,Morning,PACK_01,Packaging,Housing,765,717,702,15,34.351,30.0,450,10,29,Maintenance,Scratch,B108,S355,Team A
2025-04-18,Afternoon,PRESS_600T,Pressing,Housing,683,550,535,15,38.77,33.6,450,26,68,Material shortage,Press deformation,B108,S355,Team B
2025-04-18,Afternoon,PRESS_60T,Pressing,Housing,531,508,506,2,47.766,43.2,450,34,11,Material shortage,Press deformation,B108,S355,Team B
2025-04-18,Afternoon,WELD_01,Spot Welding,Housing,294,268,246,22,90.378,78.0,450,25,20,Material shortage,Other,B108,S355,Team B
2025-04-18,Afternoon,WELD_10HEAD,Spot Welding,Housing,425,377,363,14,62.834,54.0,450,17,38,Tool change,Welding defect,B108,S355,Team B
2025-04-18,Afternoon,LATHE_01,Machining,Housing,562,516,507,9,46.831,40.8,450,32,15,Operator waiting,Other,B108,S355,Team B
2025-04-18,Afternoon,INSPECT_01,Inspection,Housing,956,855,833,22,27.14,24.0,450,17,46,Quality issue,Surface defect,B108,S355,Team B
2025-04-18,Afternoon,PACK_01,Packaging,Housing,765,669,665,4,32.711,30.0,450,30,55,Tool change,Scratch,B108,S355,Team B
2025-04-18,Night,PRESS_600T,Pressing,Housing,683,587,570,17,40.212,33.6,450,29,27,Tool change,Other,B108,S355,Team C
2025-04-18,Night,PRESS_60T,Pressing,Housing,531,506,478,28,49.437,43.2,450,21,12,Maintenance,Press deformation,B108,S355,Team C
2025-04-18,Night,WELD_01,Spot Welding,Housing,294,242,220,22,100.656,78.0,450,12,31,Operator waiting,Welding defect,B108,S355,Team C
2025-04-18,Night,WELD_10HEAD,Spot Welding,Housing,425,356,335,21,67.181,54.0,450,34,17,Tool change,Welding defect,B108,S355,Team C
2025-04-18,Night,LATHE_01,Machining,Housing,562,490,477,13,48.456,40.8,450,35,19,Maintenance,Dimensional defect,B108,S355,Team C
2025-04-18,Night,INSPECT_01,Inspection,Housing,956,842,815,27,27.777,24.0,450,18,42,Operator waiting,Surface defect,B108,S355,Team C
2025-04-18,Night,PACK_01,Packaging,Housing,765,673,662,11,34.129,30.0,450,16,51,Material shortage,Scratch,B108,S355,Team C
2025-04-19,Morning,PRESS_600T,Pressing,Support,910,760,737,23,27.677,25.2,450,28,71,Quality issue,Press deformation,B109,S275,Team A
2025-04-19,Morning,PRESS_60T,Pressing,Support,708,659,651,8,36.388,32.4,450,32,18,Machine failure,Press deformation,B109,S275,Team A
2025-04-19,Morning,WELD_01,Spot Welding,Support,392,298,286,12,75.084,58.5,450,23,54,Material shortage,Welding defect,B109,S275,Team A
2025-04-19,Morning,WELD_10HEAD,Spot Welding,Support,566,480,444,36,50.308,40.5,450,17,30,Maintenance,Other,B109,S275,Team A
2025-04-19,Morning,LATHE_01,Machining,Support,749,743,727,16,34.475,30.6,450,13,10,Material shortage,Dimensional defect,B109,S275,Team A
2025-04-19,Morning,INSPECT_01,Inspection,Support,1275,1142,1122,20,20.472,18.0,450,14,46,Material shortage,Surface defect,B109,S275,Team A
2025-04-19,Morning,PACK_01,Packaging,Support,1020,1012,987,25,23.949,22.5,450,11,35,Material shortage,Scratch,B109,S275,Team A
2025-04-19,Afternoon,PRESS_600T,Pressing,Housing,683,631,618,13,34.954,33.6,450,21,61,Maintenance,Other,B109,S355,Team B
2025-04-19,Afternoon,PRESS_60T,Pressing,Housing,531,474,469,5,47.683,43.2,450,35,38,Material shortage,Press deformation,B109,S355,Team B
2025-04-19,Afternoon,WELD_01,Spot Welding,Housing,294,250,239,11,102.858,78.0,450,11,10,Tool change,Welding defect,B109,S355,Team B
2025-04-19,Afternoon,WELD_10HEAD,Spot Welding,Housing,425,349,339,10,69.017,54.0,450,19,29,Material shortage,Welding defect,B109,S355,Team B
2025-04-19,Afternoon,LATHE_01,Machining,Housing,562,523,516,7,42.265,40.8,450,34,47,Tool change,Dimensional defect,B109,S355,Team B
2025-04-19,Afternoon,INSPECT_01,Inspection,Housing,956,875,865,10,27.68,24.0,450,18,28,Material shortage,Surface defect,B109,S355,Team B
2025-04-19,Afternoon,PACK_01,Packaging,Housing,765,667,647,20,34.23,30.0,450,32,37,Material shortage,Scratch,B109,S355,Team B
2025-04-19,Night,PRESS_600T,Pressing,Housing,683,514,493,21,40.777,33.6,450,33,67,Tool change,Press deformation,B109,S355,Team C
2025-04-19,Night,PRESS_60T,Pressing,Housing,531,467,455,12,53.272,43.2,450,15,20,Material shortage,Press deformation,B109,S355,Team C
2025-04-19,Night,WELD_01,Spot Welding,Housing,294,226,217,9,104.672,78.0,450,15,39,Tool change,Welding defect,B109,S355,Team C
2025-04-19,Night,WELD_10HEAD,Spot Welding,Housing,425,323,304,19,71.757,54.0,450,35,28,Operator waiting,Welding defect,B109,S355,Team C
2025-04-19,Night,LATHE_01,Machining,Housing,562,555,546,9,45.293,40.8,450,18,13,Machine failure,Other,B109,S355,Team C
2025-04-19,Night,INSPECT_01,Inspection,Housing,956,769,752,17,29.152,24.0,450,27,49,Material shortage,Surface defect,B109,S355,Team C
2025-04-19,Night,PACK_01,Packaging,Housing,765,652,643,9,35.949,30.0,450,15,44,Maintenance,Scratch,B109,S355,Team C
2025-04-20,Morning,PRESS_600T,Pressing,Support,910,836,823,13,28.337,25.2,450,17,38,Maintenance,Press deformation,B110,S275,Team A
2025-04-20,Morning,PRESS_60T,Pressing,Support,708,668,650,18,36.555,32.4,450,13,30,Maintenance,Press deformation,B110,S275,Team A
2025-04-20,Morning,WELD_01,Spot Welding,Support,392,315,300,15,76.721,58.5,450,19,28,Machine failure,Welding defect,B110,S275,Team A
2025-04-20,Morning,WELD_10HEAD,Spot Welding,Support,566,424,403,21,52.872,40.5,450,27,49,Quality issue,Welding defect,B110,S275,Team A
2025-04-20,Morning,LATHE_01,Machining,Support,749,754,740,14,32.83,30.6,450,11,26,Tool change,Dimensional defect,B110,S275,Team A
2025-04-20,Morning,INSPECT_01,Inspection,Support,1275,1203,1186,17,18.552,18.0,450,33,45,Machine failure,Surface defect,B110,S275,Team A
2025-04-20,Morning,PACK_01,Packaging,Support,1020,922,905,17,24.386,22.5,450,34,41,Tool change,Scratch,B110,S275,Team A
2025-04-20,Afternoon,PRESS_600T,Pressing,Housing,683,690,676,14,34.298,33.6,450,16,39,Material shortage,Other,B110,S355,Team B
2025-04-20,Afternoon,PRESS_60T,Pressing,Housing,531,498,482,16,46.577,43.2,450,33,30,Material shortage,Press deformation,B110,S355,Team B
2025-04-20,Afternoon,WELD_01,Spot Welding,Housing,294,259,240,19,99.522,78.0,450,12,7,Machine failure,Welding defect,B110,S355,Team B
2025-04-20,Afternoon,WELD_10HEAD,Spot Welding,Housing,425,365,343,22,61.754,54.0,450,29,45,Tool change,Welding defect,B110,S355,Team B
2025-04-20,Afternoon,LATHE_01,Machining,Housing,562,558,545,13,42.012,40.8,450,22,37,Material shortage,Dimensional defect,B110,S355,Team B
2025-04-20,Afternoon,INSPECT_01,Inspection,Housing,956,950,930,20,24.502,24.0,450,17,45,Quality issue,Surface defect,B110,S355,Team B
2025-04-20,Afternoon,PACK_01,Packaging,Housing,765,760,737,23,32.496,30.0,450,24,14,Material shortage,Scratch,B110,S355,Team B
2025-04-20,Night,PRESS_600T,Pressing,Bracket,819,719,697,22,32.685,28.0,450,31,27,Material shortage,Other,B110,S235,Team C
2025-04-20,Night,PRESS_60T,Pressing,Bracket,637,590,576,14,43.523,36.0,450,12,10,Quality issue,Press deformation,B110,S235,Team C
2025-04-20,Night,WELD_01,Spot Welding,Bracket,353,271,255,16,83.887,65.0,450,21,50,Tool change,Welding defect,B110,S235,Team C
2025-04-20,Night,WELD_10HEAD,Spot Welding,Bracket,510,419,401,18,57.64,45.0,450,21,26,Tool change,Welding defect,B110,S235,Team C
2025-04-20,Night,LATHE_01,Machining,Bracket,675,622,603,19,38.453,34.0,450,34,17,Machine failure,Other,B110,S235,Team C
2025-04-20,Night,INSPECT_01,Inspection,Bracket,1147,1013,993,20,23.032,20.0,450,25,36,Tool change,Surface defect,B110,S235,Team C
2025-04-20,Night,PACK_01,Packaging,Bracket,918,924,907,17,26.987,25.0,450,14,20,Tool change,Scratch,B110,S235,Team C
2025-04-21,Morning,PRESS_600T,Pressing,Bracket,819,692,675,17,32.227,28.0,450,17,61,Machine failure,Press deformation,B111,S235,Team A
2025-04-21,Morning,PRESS_60T,Pressing,Bracket,637,624,615,9,39.187,36.0,450,24,18,Tool change,Press deformation,B111,S235,Team A
2025-04-21,Morning,WELD_01,Spot Welding,Bracket,353,308,289,19,74.186,65.0,450,34,34,Material shortage,Other,B111,S235,Team A
2025-04-21,Morning,WELD_10HEAD,Spot Welding,Bracket,510,450,425,25,54.518,45.0,450,12,29,Tool change,Other,B111,S235,Team A
2025-04-21,Morning,LATHE_01,Machining,Bracket,675,568,565,3,38.843,34.0,450,32,50,Tool change,Dimensional defect,B111,S235,Team A
2025-04-21,Morning,INSPECT_01,Inspection,Bracket,1147,1098,1087,11,21.527,20.0,450,20,36,Machine failure,Surface defect,B111,S235,Team A
2025-04-21,Morning,PACK_01,Packaging,Bracket,918,877,861,16,25.861,25.0,450,31,41,Tool change,Scratch,B111,S235,Team A
2025-04-21,Afternoon,PRESS_600T,Pressing,Housing,683,632,627,5,36.167,33.6,450,13,56,Maintenance,Press deformation,B111,S355,Team B
2025-04-21,Afternoon,PRESS_60T,Pressing,Housing,531,491,481,10,46.888,43.2,450,20,46,Machine failure,Press deformation,B111,S355,Team B
2025-04-21,Afternoon,WELD_01,Spot Welding,Housing,294,263,246,17,97.842,78.0,450,10,10,Material shortage,Welding defect,B111,S355,Team B
2025-04-21,Afternoon,WELD_10HEAD,Spot Welding,Housing,425,391,374,17,62.634,54.0,450,21,20,Quality issue,Welding defect,B111,S355,Team B
2025-04-21,Afternoon,LATHE_01,Machining,Housing,562,582,572,10,41.949,40.8,450,12,31,Material shortage,Other,B111,S355,Team B
2025-04-21,Afternoon,INSPECT_01,Inspection,Housing,956,956,936,20,25.079,24.0,450,12,38,Tool change,Surface defect,B111,S355,Team B
2025-04-21,Afternoon,PACK_01,Packaging,Housing,765,712,695,17,32.406,30.0,450,19,46,Material shortage,Scratch,B111,S355,Team B
2025-04-21,Night,PRESS_600T,Pressing,Support,910,851,828,23,27.778,25.2,450,28,28,Machine failure,Press deformation,B111,S275,Team C
2025-04-21,Night,PRESS_60T,Pressing,Support,708,569,550,19,40.213,32.4,450,19,49,Machine failure,Press deformation,B111,S275,Team C
2025-04-21,Night,WELD_01,Spot Welding,Support,392,309,287,22,80.365,58.5,450,11,25,Tool change,Welding defect,B111,S275,Team C
2025-04-21,Night,WELD_10HEAD,Spot Welding,Support,566,399,384,15,55.094,40.5,450,34,49,Material shortage,Other,B111,S275,Team C
2025-04-21,Night,LATHE_01,Machining,Support,749,603,587,16,38.545,30.6,450,19,43,Material shortage,Other,B111,S275,Team C
2025-04-21,Night,INSPECT_01,Inspection,Support,1275,1188,1158,30,19.482,18.0,450,26,38,Quality issue,Surface defect,B111,S275,Team C
2025-04-21,Night,PACK_01,Packaging,Support,1020,814,801,13,26.671,22.5,450,33,55,Machine failure,Other,B111,S275,Team C
2025-04-22,Morning,PRESS_600T,Pressing,Bracket,819,771,754,17,29.233,28.0,450,24,50,Machine failure,Press deformation,B112,S235,Team A
2025-04-22,Morning,PRESS_60T,Pressing,Bracket,637,639,622,17,38.255,36.0,450,30,12,Machine failure,Other,B112,S235,Team A
2025-04-22,Morning,WELD_01,Spot Welding,Bracket,353,282,271,11,84.036,65.0,450,30,24,Quality issue,Other,B112,S235,Team A
2025-04-22,Morning,WELD_10HEAD,Spot Welding,Bracket,510,396,371,25,56.429,45.0,450,34,43,Tool change,Welding defect,B112,S235,Team A
2025-04-22,Morning,LATHE_01,Machining,Bracket,675,635,621,14,37.478,34.0,450,15,38,Tool change,Dimensional defect,B112,S235,Team A
2025-04-22,Morning,INSPECT_01,Inspection,Bracket,1147,1086,1069,17,20.424,20.0,450,32,48,Machine failure,Other,B112,S235,Team A
2025-04-22,Morning,PACK_01,Packaging,Bracket,918,835,825,10,28.378,25.0,450,30,25,Material shortage,Other,B112,S235,Team A
2025-04-22,Afternoon,PRESS_600T,Pressing,Housing,683,606,587,19,37.374,33.6,450,12,60,Quality issue,Press deformation,B112,S355,Team B
2025-04-22,Afternoon,PRESS_60T,Pressing,Housing,531,488,474,14,49.257,43.2,450,18,31,Quality issue,Other,B112,S355,Team B
2025-04-22,Afternoon,WELD_01,Spot Welding,Housing,294,244,229,15,91.925,78.0,450,24,51,Tool change,Welding defect,B112,S355,Team B
2025-04-22,Afternoon,WELD_10HEAD,Spot Welding,Housing,425,365,351,14,69.425,54.0,450,12,15,Machine failure,Welding defect,B112,S355,Team B
2025-04-22,Afternoon,LATHE_01,Machining,Housing,562,526,515,11,42.609,40.8,450,26,50,Material shortage,Dimensional defect,B112,S355,Team B
2025-04-22,Afternoon,INSPECT_01,Inspection,Housing,956,853,845,8,26.584,24.0,450,33,39,Material shortage,Surface defect,B112,S355,Team B
2025-04-22,Afternoon,PACK_01,Packaging,Housing,765,747,734,13,31.935,30.0,450,28,24,Maintenance,Scratch,B112,S355,Team B
2025-04-22,Night,PRESS_600T,Pressing,Support,910,789,770,19,29.266,25.2,450,14,51,Material shortage,Other,B112,S275,Team C
2025-04-22,Night,PRESS_60T,Pressing,Support,708,567,554,13,39.675,32.4,450,34,41,Machine failure,Press deformation,B112,S275,Team C
2025-04-22,Night,WELD_01,Spot Welding,Support,392,331,315,16,76.269,58.5,450,23,6,Material shortage,Other,B112,S275,Team C
2025-04-22,Night,WELD_10HEAD,Spot Welding,Support,566,449,429,20,53.957,40.5,450,31,15,Material shortage,Welding defect,B112,S275,Team C
2025-04-22,Night,LATHE_01,Machining,Support,749,629,615,14,35.252,30.6,450,28,52,Tool change,Dimensional defect,B112,S275,Team C
2025-04-22,Night,INSPECT_01,Inspection,Support,1275,1081,1064,17,21.964,18.0,450,24,30,Machine failure,Surface defect,B112,S275,Team C
2025-04-22,Night,PACK_01,Packaging,Support,1020,913,889,24,27.257,22.5,450,28,7,Tool change,Scratch,B112,S275,Team C
2025-04-23,Morning,PRESS_600T,Pressing,Bracket,819,735,724,11,30.757,28.0,450,29,44,Machine failure,Press deformation,B113,S235,Team A
2025-04-23,Morning,PRESS_60T,Pressing,Bracket,637,601,588,13,41.512,36.0,450,20,14,Operator waiting,Press deformation,B113,S235,Team A
2025-04-23,Morning,WELD_01,Spot Welding,Bracket,353,301,286,15,83.667,65.0,450,12,18,Maintenance,Welding defect,B113,S235,Team A
2025-04-23,Morning,WELD_10HEAD,Spot Welding,Bracket,510,388,375,13,56.061,45.0,450,35,52,Tool change,Welding defect,B113,S235,Team A
2025-04-23,Morning,LATHE_01,Machining,Bracket,675,674,668,6,37.095,34.0,450,19,14,Material shortage,Dimensional defect,B113,S235,Team A
2025-04-23,Morning,INSPECT_01,Inspection,Bracket,1147,1143,1122,21,21.522,20.0,450,19,21,Quality issue,Surface defect,B113,S235,Team A
2025-04-23,Morning,PACK_01,Packaging,Bracket,918,853,844,9,26.44,25.0,450,27,47,Tool change,Scratch,B113,S235,Team A
2025-04-23,Afternoon,PRESS_600T,Pressing,Support,910,783,760,23,28.497,25.2,450,13,65,Machine failure,Press deformation,B113,S275,Team B
2025-04-23,Afternoon,PRESS_60T,Pressing,Support,708,651,647,4,34.052,32.4,450,34,46,Machine failure,Press deformation,B113,S275,Team B
2025-04-23,Afternoon,WELD_01,Spot Welding,Support,392,327,302,25,72.46,58.5,450,34,20,Tool change,Welding defect,B113,S275,Team B
2025-04-23,Afternoon,WELD_10HEAD,Spot Welding,Support,566,510,483,27,46.155,40.5,450,22,35,Maintenance,Welding defect,B113,S275,Team B
2025-04-23,Afternoon,LATHE_01,Machining,Support,749,663,650,13,33.979,30.6,450,35,39,Maintenance,Dimensional defect,B113,S275,Team B
2025-04-23,Afternoon,INSPECT_01,Inspection,Support,1275,1255,1233,22,19.925,18.0,450,16,17,Machine failure,Surface defect,B113,S275,Team B
2025-04-23,Afternoon,PACK_01,Packaging,Support,1020,1016,1002,14,22.952,22.5,450,17,44,Material shortage,Scratch,B113,S275,Team B
2025-04-23,Night,PRESS_600T,Pressing,Support,910,808,790,18,28.267,25.2,450,23,46,Maintenance,Press deformation,B113,S275,Team C
2025-04-23,Night,PRESS_60T,Pressing,Support,708,625,609,16,36.844,32.4,450,24,42,Material shortage,Press deformation,B113,S275,Team C
2025-04-23,Night,WELD_01,Spot Welding,Support,392,319,304,15,74.256,58.5,450,32,23,Operator waiting,Other,B113,S275,Team C
2025-04-23,Night,WELD_10HEAD,Spot Welding,Support,566,457,435,22,54.148,40.5,450,29,8,Maintenance,Welding defect,B113,S275,Team C
2025-04-23,Night,LATHE_01,Machining,Support,749,654,640,14,33.444,30.6,450,35,50,Tool change,Dimensional defect,B113,S275,Team C
2025-04-23,Night,INSPECT_01,Inspection,Support,1275,1034,1012,22,21.524,18.0,450,32,47,Tool change,Surface defect,B113,S275,Team C
2025-04-23,Night,PACK_01,Packaging,Support,1020,1030,1013,17,23.82,22.5,450,14,27,Maintenance,Scratch,B113,S275,Team C
2025-04-24,Morning,PRESS_600T,Pressing,Housing,683,608,597,11,37.191,33.6,450,14,59,Maintenance,Other,B114,S355,Team A
2025-04-24,Morning,PRESS_60T,Pressing,Housing,531,457,448,9,48.954,43.2,450,23,54,Maintenance,Press deformation,B114,S355,Team A
2025-04-24,Morning,WELD_01,Spot Welding,Housing,294,240,226,14,101.968,78.0,450,28,13,Machine failure,Welding defect,B114,S355,Team A
2025-04-24,Morning,WELD_10HEAD,Spot Welding,Housing,425,358,334,24,68.311,54.0,450,33,9,Tool change,Welding defect,B114,S355,Team A
2025-04-24,Morning,LATHE_01,Machining,Housing,562,577,567,10,42.065,40.8,450,30,15,Tool change,Other,B114,S355,Team A
2025-04-24,Morning,INSPECT_01,Inspection,Housing,956,965,947,18,25.227,24.0,450,27,17,Quality issue,Surface defect,B114,S355,Team A
2025-04-24,Morning,PACK_01,Packaging,Housing,765,759,743,16,33.111,30.0,450,12,19,Maintenance,Scratch,B114,S355,Team A
2025-04-24,Afternoon,PRESS_600T,Pressing,Support,910,875,865,10,25.918,25.2,450,24,48,Material shortage,Press deformation,B114,S275,Team B
2025-04-24,Afternoon,PRESS_60T,Pressing,Support,708,706,691,15,33.394,32.4,450,29,28,Machine failure,Press deformation,B114,S275,Team B
2025-04-24,Afternoon,WELD_01,Spot Welding,Support,392,360,337,23,68.628,58.5,450,18,20,Tool change,Welding defect,B114,S275,Team B
2025-04-24,Afternoon,WELD_10HEAD,Spot Welding,Support,566,554,526,28,45.484,40.5,450,25,5,Material shortage,Welding defect,B114,S275,Team B
2025-04-24,Afternoon,LATHE_01,Machining,Support,749,761,752,9,33.553,30.6,450,16,8,Operator waiting,Dimensional defect,B114,S275,Team B
2025-04-24,Afternoon,INSPECT_01,Inspection,Support,1275,1247,1233,14,19.522,18.0,450,35,9,Material shortage,Other,B114,S275,Team B
2025-04-24,Afternoon,PACK_01,Packaging,Support,1020,1073,1065,8,23.253,22.5,450,21,13,Machine failure,Scratch,B114,S275,Team B
2025-04-24,Night,PRESS_600T,Pressing,Support,910,746,720,26,30.617,25.2,450,30,39,Material shortage,Other,B114,S275,Team C
2025-04-24,Night,PRESS_60T,Pressing,Support,708,602,585,17,37.424,32.4,450,28,46,Tool change,Other,B114,S275,Team C
2025-04-24,Night,WELD_01,Spot Welding,Support,392,310,297,13,77.652,58.5,450,27,21,Machine failure,Other,B114,S275,Team C
2025-04-24,Night,WELD_10HEAD,Spot Welding,Support,566,454,431,23,52.77,40.5,450,32,18,Material shortage,Welding defect,B114,S275,Team C
2025-04-24,Night,LATHE_01,Machining,Support,749,714,700,14,34.915,30.6,450,19,15,Quality issue,Dimensional defect,B114,S275,Team C
2025-04-24,Night,INSPECT_01,Inspection,Support,1275,1093,1061,32,22.832,18.0,450,19,15,Tool change,Surface defect,B114,S275,Team C
2025-04-24,Night,PACK_01,Packaging,Support,1020,956,926,30,25.774,22.5,450,15,24,Tool change,Scratch,B114,S275,Team C
2025-04-25,Morning,PRESS_600T,Pressing,Bracket,819,725,707,18,32.269,28.0,450,19,41,Material shortage,Press deformation,B115,S235,Team A
2025-04-25,Morning,PRESS_60T,Pressing,Bracket,637,646,633,13,38.884,36.0,450,13,18,Tool change,Press deformation,B115,S235,Team A
2025-04-25,Morning,WELD_01,Spot Welding,Bracket,353,307,293,14,79.857,65.0,450,13,28,Machine failure,Other,B115,S235,Team A
2025-04-25,Morning,WELD_10HEAD,Spot Welding,Bracket,510,483,451,32,50.724,45.0,450,15,26,Material shortage,Other,B115,S235,Team A
2025-04-25,Morning,LATHE_01,Machining,Bracket,675,639,630,9,35.722,34.0,450,28,41,Material shortage,Other,B115,S235,Team A
2025-04-25,Morning,INSPECT_01,Inspection,Bracket,1147,1034,1007,27,21.276,20.0,450,30,53,Tool change,Other,B115,S235,Team A
2025-04-25,Morning,PACK_01,Packaging,Bracket,918,817,797,20,27.307,25.0,450,26,52,Tool change,Scratch,B115,S235,Team A
2025-04-25,Afternoon,PRESS_600T,Pressing,Housing,683,574,569,5,38.443,33.6,450,24,58,Operator waiting,Press deformation,B115,S355,Team B
2025-04-25,Afternoon,PRESS_60T,Pressing,Housing,531,526,516,10,46.227,43.2,450,22,22,Material shortage,Press deformation,B115,S355,Team B
2025-04-25,Afternoon,WELD_01,Spot Welding,Housing,294,256,240,16,100.137,78.0,450,15,7,Tool change,Welding defect,B115,S355,Team B
2025-04-25,Afternoon,WELD_10HEAD,Spot Welding,Housing,425,401,379,22,62.889,54.0,450,15,14,Quality issue,Welding defect,B115,S355,Team B
2025-04-25,Afternoon,LATHE_01,Machining,Housing,562,549,541,8,43.44,40.8,450,20,32,Machine failure,Dimensional defect,B115,S355,Team B
2025-04-25,Afternoon,INSPECT_01,Inspection,Housing,956,948,941,7,26.451,24.0,450,17,15,Quality issue,Surface defect,B115,S355,Team B
2025-04-25,Afternoon,PACK_01,Packaging,Housing,765,751,731,20,32.078,30.0,450,12,36,Tool change,Other,B115,S355,Team B
2025-04-25,Night,PRESS_600T,Pressing,Support,910,776,761,15,30.753,25.2,450,20,32,Tool change,Press deformation,B115,S275,Team C
2025-04-25,Night,PRESS_60T,Pressing,Support,708,627,612,15,39.459,32.4,450,17,20,Operator waiting,Press deformation,B115,S275,Team C
2025-04-25,Night,WELD_01,Spot Welding,Support,392,339,305,34,71.112,58.5,450,34,14,Machine failure,Welding defect,B115,S275,Team C
2025-04-25,Night,WELD_10HEAD,Spot Welding,Support,566,458,429,29,53.559,40.5,450,12,29,Tool change,Welding defect,B115,S275,Team C
2025-04-25,Night,LATHE_01,Machining,Support,749,683,665,18,34.698,30.6,450,16,39,Maintenance,Dimensional defect,B115,S275,Team C
2025-04-25,Night,INSPECT_01,Inspection,Support,1275,1041,1015,26,23.162,18.0,450,21,27,Maintenance,Surface defect,B115,S275,Team C
2025-04-25,Night,PACK_01,Packaging,Support,1020,951,923,28,25.1,22.5,450,17,35,Material shortage,Scratch,B115,S275,Team C
2025-04-26,Morning,PRESS_600T,Pressing,Housing,683,596,588,8,38.047,33.6,450,20,52,Machine failure,Press deformation,B116,S355,Team A
2025-04-26,Morning,PRESS_60T,Pressing,Housing,531,477,469,8,48.29,43.2,450,26,40,Material shortage,Press deformation,B116,S355,Team A
2025-04-26,Morning,WELD_01,Spot Welding,Housing,294,235,229,6,100.882,78.0,450,20,34,Operator waiting,Welding defect,B116,S355,Team A
2025-04-26,Morning,WELD_10HEAD,Spot Welding,Housing,425,339,319,20,67.093,54.0,450,19,51,Quality issue,Welding defect,B116,S355,Team A
2025-04-26,Morning,LATHE_01,Machining,Housing,562,534,530,4,43.691,40.8,450,30,31,Operator waiting,Dimensional defect,B116,S355,Team A
2025-04-26,Morning,INSPECT_01,Inspection,Housing,956,872,850,22,26.189,24.0,450,26,43,Tool change,Surface defect,B116,S355,Team A
2025-04-26,Morning,PACK_01,Packaging,Housing,765,785,773,12,30.921,30.0,450,17,28,Tool change,Other,B116,S355,Team A
2025-04-26,Afternoon,PRESS_600T,Pressing,Bracket,819,747,736,11,29.684,28.0,450,26,54,Machine failure,Press deformation,B116,S235,Team B
2025-04-26,Afternoon,PRESS_60T,Pressing,Bracket,637,608,602,6,39.153,36.0,450,12,41,Tool change,Press deformation,B116,S235,Team B
2025-04-26,Afternoon,WELD_01,Spot Welding,Bracket,353,307,295,12,81.465,65.0,450,24,8,Material shortage,Welding defect,B116,S235,Team B
2025-04-26,Afternoon,WELD_10HEAD,Spot Welding,Bracket,510,430,409,21,54.217,45.0,450,27,34,Tool change,Welding defect,B116,S235,Team B
2025-04-26,Afternoon,LATHE_01,Machining,Bracket,675,644,638,6,36.611,34.0,450,24,33,Material shortage,Dimensional defect,B116,S235,Team B
2025-04-26,Afternoon,INSPECT_01,Inspection,Bracket,1147,1113,1100,13,20.969,20.0,450,13,48,Quality issue,Surface defect,B116,S235,Team B
2025-04-26,Afternoon,PACK_01,Packaging,Bracket,918,845,836,9,28.094,25.0,450,34,20,Machine failure,Scratch,B116,S235,Team B
2025-04-26,Night,PRESS_600T,Pressing,Bracket,819,662,650,12,32.532,28.0,450,29,62,Quality issue,Press deformation,B116,S235,Team C
2025-04-26,Night,PRESS_60T,Pressing,Bracket,637,525,514,11,42.128,36.0,450,29,52,Tool change,Press deformation,B116,S235,Team C
2025-04-26,Night,WELD_01,Spot Welding,Bracket,353,303,287,16,80.759,65.0,450,20,22,Maintenance,Welding defect,B116,S235,Team C
2025-04-26,Night,WELD_10HEAD,Spot Welding,Bracket,510,406,382,24,60.955,45.0,450,24,13,Tool change,Welding defect,B116,S235,Team C
2025-04-26,Night,LATHE_01,Machining,Bracket,675,589,564,25,41.851,34.0,450,23,16,Material shortage,Other,B116,S235,Team C
2025-04-26,Night,INSPECT_01,Inspection,Bracket,1147,1025,986,39,23.227,20.0,450,16,37,Tool change,Surface defect,B116,S235,Team C
2025-04-26,Night,PACK_01,Packaging,Bracket,918,830,814,16,28.12,25.0,450,15,46,Tool change,Other,B116,S235,Team C
2025-04-27,Morning,PRESS_600T,Pressing,Housing,683,626,615,11,37.718,33.6,450,10,46,Tool change,Other,B117,S355,Team A
2025-04-27,Morning,PRESS_60T,Pressing,Housing,531,531,520,11,45.762,43.2,450,29,16,Tool change,Other,B117,S355,Team A
2025-04-27,Morning,WELD_01,Spot Welding,Housing,294,265,249,16,89.867,78.0,450,13,39,Quality issue,Welding defect,B117,S355,Team A
2025-04-27,Morning,WELD_10HEAD,Spot Welding,Housing,425,382,366,16,60.662,54.0,450,12,51,Operator waiting,Other,B117,S355,Team A
2025-04-27,Morning,LATHE_01,Machining,Housing,562,479,473,6,46.344,40.8,450,35,45,Material shortage,Other,B117,S355,Team A
2025-04-27,Morning,INSPECT_01,Inspection,Housing,956,977,954,23,24.484,24.0,450,17,34,Machine failure,Surface defect,B117,S355,Team A
2025-04-27,Morning,PACK_01,Packaging,Housing,765,711,700,11,31.868,30.0,450,18,54,Material shortage,Scratch,B117,S355,Team A
2025-04-27,Afternoon,PRESS_600T,Pressing,Housing,683,647,630,17,34.355,33.6,450,11,68,Operator waiting,Press deformation,B117,S355,Team B
2025-04-27,Afternoon,PRESS_60T,Pressing,Housing,531,499,478,21,48.065,43.2,450,29,21,Machine failure,Press deformation,B117,S355,Team B
2025-04-27,Afternoon,WELD_01,Spot Welding,Housing,294,260,242,18,98.186,78.0,450,10,13,Machine failure,Other,B117,S355,Team B
2025-04-27,Afternoon,WELD_10HEAD,Spot Welding,Housing,425,379,359,20,65.815,54.0,450,23,11,Maintenance,Welding defect,B117,S355,Team B
2025-04-27,Afternoon,LATHE_01,Machining,Housing,562,588,576,12,42.643,40.8,450,24,8,Material shortage,Dimensional defect,B117,S355,Team B
2025-04-27,Afternoon,INSPECT_01,Inspection,Housing,956,935,918,17,27.121,24.0,450,20,7,Material shortage,Surface defect,B117,S355,Team B
2025-04-27,Afternoon,PACK_01,Packaging,Housing,765,791,777,14,30.867,30.0,450,24,19,Machine failure,Other,B117,S355,Team B
2025-04-27,Night,PRESS_600T,Pressing,Housing,683,604,590,14,37.932,33.6,450,20,48,Machine failure,Press deformation,B117,S355,Team C
2025-04-27,Night,PRESS_60T,Pressing,Housing,531,483,474,9,48.445,43.2,450,23,37,Quality issue,Press deformation,B117,S355,Team C
2025-04-27,Night,WELD_01,Spot Welding,Housing,294,236,223,13,101.678,78.0,450,34,16,Material shortage,Welding defect,B117,S355,Team C
2025-04-27,Night,WELD_10HEAD,Spot Welding,Housing,425,353,333,20,68.175,54.0,450,35,13,Maintenance,Welding defect,B117,S355,Team C
2025-04-27,Night,LATHE_01,Machining,Housing,562,497,484,13,48.735,40.8,450,22,24,Tool change,Dimensional defect,B117,S355,Team C
2025-04-27,Night,INSPECT_01,Inspection,Housing,956,813,793,20,30.1,24.0,450,33,9,Operator waiting,Surface defect,B117,S355,Team C
2025-04-27,Night,PACK_01,Packaging,Housing,765,680,671,9,34.745,30.0,450,10,46,Material shortage,Scratch,B117,S355,Team C
2025-04-28,Morning,PRESS_600T,Pressing,Support,910,782,771,11,29.137,25.2,450,29,41,Machine failure,Press deformation,B118,S275,Team A
2025-04-28,Morning,PRESS_60T,Pressing,Support,708,686,673,13,36.349,32.4,450,28,6,Material shortage,Press deformation,B118,S275,Team A
2025-04-28,Morning,WELD_01,Spot Welding,Support,392,330,308,22,72.722,58.5,450,26,23,Material shortage,Welding defect,B118,S275,Team A
2025-04-28,Morning,WELD_10HEAD,Spot Welding,Support,566,474,445,29,48.094,40.5,450,25,45,Tool change,Welding defect,B118,S275,Team A
2025-04-28,Morning,LATHE_01,Machining,Support,749,727,707,20,34.97,30.6,450,15,11,Material shortage,Dimensional defect,B118,S275,Team A
2025-04-28,Morning,INSPECT_01,Inspection,Support,1275,1337,1300,37,18.571,18.0,450,10,26,Tool change,Other,B118,S275,Team A
2025-04-28,Morning,PACK_01,Packaging,Support,1020,935,919,16,24.051,22.5,450,22,53,Machine failure,Other,B118,S275,Team A
2025-04-28,Afternoon,PRESS_600T,Pressing,Bracket,819,718,694,24,28.913,28.0,450,33,71,Machine failure,Other,B118,S235,Team B
2025-04-28,Afternoon,PRESS_60T,Pressing,Bracket,637,591,584,7,41.615,36.0,450,29,11,Material shortage,Press deformation,B118,S235,Team B
2025-04-28,Afternoon,WELD_01,Spot Welding,Bracket,353,276,256,20,84.7,65.0,450,20,39,Tool change,Welding defect,B118,S235,Team B
2025-04-28,Afternoon,WELD_10HEAD,Spot Welding,Bracket,510,405,370,35,56.287,45.0,450,20,50,Material shortage,Welding defect,B118,S235,Team B
2025-04-28,Afternoon,LATHE_01,Machining,Bracket,675,650,638,12,36.714,34.0,450,35,17,Material shortage,Dimensional defect,B118,S235,Team B
2025-04-28,Afternoon,INSPECT_01,Inspection,Bracket,1147,1194,1172,22,20.649,20.0,450,10,29,Machine failure,Surface defect,B118,S235,Team B
2025-04-28,Afternoon,PACK_01,Packaging,Bracket,918,778,757,21,27.889,25.0,450,34,54,Tool change,Scratch,B118,S235,Team B
2025-04-28,Night,PRESS_600T,Pressing,Housing,683,653,635,18,37.808,33.6,450,11,27,Operator waiting,Other,B118,S355,Team C
2025-04-28,Night,PRESS_60T,Pressing,Housing,531,515,504,11,49.227,43.2,450,22,5,Operator waiting,Press deformation,B118,S355,Team C
2025-04-28,Night,WELD_01,Spot Welding,Housing,294,222,207,15,107.857,78.0,450,32,18,Tool change,Welding defect,B118,S355,Team C
2025-04-28,Night,WELD_10HEAD,Spot Welding,Housing,425,348,328,20,66.382,54.0,450,14,50,Material shortage,Other,B118,S355,Team C
2025-04-28,Night,LATHE_01,Machining,Housing,562,487,477,10,48.209,40.8,450,12,46,Material shortage,Dimensional defect,B118,S355,Team C
2025-04-28,Night,INSPECT_01,Inspection,Housing,956,841,815,26,26.023,24.0,450,32,53,Maintenance,Surface defect,B118,S355,Team C
2025-04-28,Night,PACK_01,Packaging,Housing,765,684,668,16,34.813,30.0,450,28,25,Tool change,Scratch,B118,S355,Team C
2025-04-29,Morning,PRESS_600T,Pressing,Support,910,811,800,11,28.401,25.2,450,17,49,Material shortage,Press deformation,B119,S275,Team A
2025-04-29,Morning,PRESS_60T,Pressing,Support,708,678,663,15,37.077,32.4,450,16,15,Machine failure,Press deformation,B119,S275,Team A
2025-04-29,Morning,WELD_01,Spot Welding,Support,392,347,319,28,72.164,58.5,450,21,11,Machine failure,Other,B119,S275,Team A
2025-04-29,Morning,WELD_10HEAD,Spot Welding,Support,566,501,477,24,47.266,40.5,450,29,26,Machine failure,Welding defect,B119,S275,Team A
2025-04-29,Morning,LATHE_01,Machining,Support,749,754,739,15,33.163,30.6,450,24,9,Material shortage,Other,B119,S275,Team A
2025-04-29,Morning,INSPECT_01,Inspection,Support,1275,1152,1143,9,20.829,18.0,450,28,22,Material shortage,Surface defect,B119,S275,Team A
2025-04-29,Morning,PACK_01,Packaging,Support,1020,1024,1002,22,23.435,22.5,450,11,39,Tool change,Scratch,B119,S275,Team A
2025-04-29,Afternoon,PRESS_600T,Pressing,Bracket,819,706,697,9,32.353,28.0,450,34,35,Machine failure,Press deformation,B119,S235,Team B
2025-04-29,Afternoon,PRESS_60T,Pressing,Bracket,637,579,567,12,38.44,36.0,450,26,53,Material shortage,Press deformation,B119,S235,Team B
2025-04-29,Afternoon,WELD_01,Spot Welding,Bracket,353,328,306,22,73.887,65.0,450,29,16,Maintenance,Welding defect,B119,S235,Team B
2025-04-29,Afternoon,WELD_10HEAD,Spot Welding,Bracket,510,405,385,20,56.828,45.0,450,35,31,Material shortage,Welding defect,B119,S235,Team B
2025-04-29,Afternoon,LATHE_01,Machining,Bracket,675,686,678,8,35.68,34.0,450,11,31,Material shortage,Other,B119,S235,Team B
2025-04-29,Afternoon,INSPECT_01,Inspection,Bracket,1147,1086,1058,28,22.471,20.0,450,29,14,Operator waiting,Other,B119,S235,Team B
2025-04-29,Afternoon,PACK_01,Packaging,Bracket,918,802,787,15,28.998,25.0,450,17,45,Operator waiting,Other,B119,S235,Team B
2025-04-29,Night,PRESS_600T,Pressing,Support,910,757,744,13,29.714,25.2,450,12,63,Machine failure,Press deformation,B119,S275,Team C
2025-04-29,Night,PRESS_60T,Pressing,Support,708,695,677,18,36.664,32.4,450,17,8,Material shortage,Press deformation,B119,S275,Team C
2025-04-29,Night,WELD_01,Spot Welding,Support,392,289,272,17,82.651,58.5,450,34,17,Operator waiting,Welding defect,B119,S275,Team C
2025-04-29,Night,WELD_10HEAD,Spot Welding,Support,566,408,379,29,58.304,40.5,450,18,35,Machine failure,Welding defect,B119,S275,Team C
2025-04-29,Night,LATHE_01,Machining,Support,749,644,623,21,35.733,30.6,450,21,45,Tool change,Other,B119,S275,Team C
2025-04-29,Night,INSPECT_01,Inspection,Support,1275,1318,1292,26,18.88,18.0,450,14,21,Material shortage,Surface defect,B119,S275,Team C
2025-04-29,Night,PACK_01,Packaging,Support,1020,1024,1009,15,24.772,22.5,450,17,10,Material shortage,Scratch,B119,S275,Team C
2025-04-30,Morning,PRESS_600T,Pressing,Bracket,819,706,695,11,31.525,28.0,450,11,68,Tool change,Press deformation,B120,S235,Team A
2025-04-30,Morning,PRESS_60T,Pressing,Bracket,637,665,652,13,37.981,36.0,450,10,19,Tool change,Other,B120,S235,Team A
2025-04-30,Morning,WELD_01,Spot Welding,Bracket,353,311,298,13,77.914,65.0,450,25,20,Operator waiting,Welding defect,B120,S235,Team A
2025-04-30,Morning,WELD_10HEAD,Spot Welding,Bracket,510,446,422,24,53.167,45.0,450,25,29,Tool change,Welding defect,B120,S235,Team A
2025-04-30,Morning,LATHE_01,Machining,Bracket,675,613,595,18,38.819,34.0,450,13,40,Material shortage,Dimensional defect,B120,S235,Team A
2025-04-30,Morning,INSPECT_01,Inspection,Bracket,1147,1108,1094,14,20.465,20.0,450,20,52,Operator waiting,Other,B120,S235,Team A
2025-04-30,Morning,PACK_01,Packaging,Bracket,918,884,871,13,26.536,25.0,450,14,45,Tool change,Scratch,B120,S235,Team A
2025-04-30,Afternoon,PRESS_600T,Pressing,Support,910,786,774,12,26.764,25.2,450,30,69,Tool change,Other,B120,S275,Team B
2025-04-30,Afternoon,PRESS_60T,Pressing,Support,708,657,645,12,33.952,32.4,450,32,46,Quality issue,Press deformation,B120,S275,Team B
2025-04-30,Afternoon,WELD_01,Spot Welding,Support,392,323,307,16,76.562,58.5,450,18,19,Tool change,Other,B120,S275,Team B
2025-04-30,Afternoon,WELD_10HEAD,Spot Welding,Support,566,494,475,19,47.125,40.5,450,14,48,Tool change,Welding defect,B120,S275,Team B
2025-04-30,Afternoon,LATHE_01,Machining,Support,749,722,711,11,31.712,30.6,450,28,40,Material shortage,Other,B120,S275,Team B
2025-04-30,Afternoon,INSPECT_01,Inspection,Support,1275,1159,1122,37,20.595,18.0,450,15,37,Tool change,Surface defect,B120,S275,Team B
2025-04-30,Afternoon,PACK_01,Packaging,Support,1020,1043,1036,7,23.394,22.5,450,16,27,Material shortage,Other,B120,S275,Team B
2025-04-30,Night,PRESS_600T,Pressing,Housing,683,548,539,9,42.528,33.6,450,23,38,Tool change,Other,B120,S355,Team C
2025-04-30,Night,PRESS_60T,Pressing,Housing,531,427,413,14,52.619,43.2,450,33,42,Operator waiting,Press deformation,B120,S355,Team C
2025-04-30,Night,WELD_01,Spot Welding,Housing,294,266,251,15,89.92,78.0,450,22,28,Maintenance,Other,B120,S355,Team C
2025-04-30,Night,WELD_10HEAD,Spot Welding,Housing,425,384,355,29,64.886,54.0,450,21,13,Material shortage,Welding defect,B120,S355,Team C
2025-04-30,Night,LATHE_01,Machining,Housing,562,534,525,9,44.793,40.8,450,18,33,Material shortage,Dimensional defect,B120,S355,Team C
2025-04-30,Night,INSPECT_01,Inspection,Housing,956,809,786,23,28.401,24.0,450,25,42,Material shortage,Surface defect,B120,S355,Team C
2025-04-30,Night,PACK_01,Packaging,Housing,765,669,656,13,34.061,30.0,450,28,42,Material shortage,Scratch,B120,S355,Team C
2025-05-01,Morning,PRESS_600T,Pressing,Support,910,809,798,11,27.72,25.2,450,21,55,Machine failure,Other,B121,S275,Team A
2025-05-01,Morning,PRESS_60T,Pressing,Support,708,671,649,22,35.026,32.4,450,26,32,Tool change,Other,B121,S275,Team A
2025-05-01,Morning,WELD_01,Spot Welding,Support,392,298,285,13,75.505,58.5,450,21,53,Operator waiting,Welding defect,B121,S275,Team A
2025-05-01,Morning,WELD_10HEAD,Spot Welding,Support,566,504,472,32,49.367,40.5,450,13,22,Material shortage,Other,B121,S275,Team A
2025-05-01,Morning,LATHE_01,Machining,Support,749,740,731,9,31.275,30.6,450,31,33,Material shortage,Dimensional defect,B121,S275,Team A
2025-05-01,Morning,INSPECT_01,Inspection,Support,1275,1131,1115,16,20.413,18.0,450,32,33,Material shortage,Surface defect,B121,S275,Team A
2025-05-01,Morning,PACK_01,Packaging,Support,1020,1087,1072,15,23.394,22.5,450,20,6,Quality issue,Other,B121,S275,Team A
2025-05-01,Afternoon,PRESS_600T,Pressing,Bracket,819,756,744,12,32.042,28.0,450,17,29,Operator waiting,Press deformation,B121,S235,Team B
2025-05-01,Afternoon,PRESS_60T,Pressing,Bracket,637,627,609,18,37.601,36.0,450,19,38,Operator waiting,Other,B121,S235,Team B
2025-05-01,Afternoon,WELD_01,Spot Welding,Bracket,353,317,306,11,81.354,65.0,450,11,8,Tool change,Other,B121,S235,Team B
2025-05-01,Afternoon,WELD_10HEAD,Spot Welding,Bracket,510,454,423,31,50.854,45.0,450,26,39,Machine failure,Welding defect,B121,S235,Team B
2025-05-01,Afternoon,LATHE_01,Machining,Bracket,675,600,590,10,37.898,34.0,450,29,42,Tool change,Dimensional defect,B121,S235,Team B
2025-05-01,Afternoon,INSPECT_01,Inspection,Bracket,1147,1146,1129,17,21.198,20.0,450,23,22,Machine failure,Surface defect,B121,S235,Team B
2025-05-01,Afternoon,PACK_01,Packaging,Bracket,918,845,835,10,28.867,25.0,450,30,13,Tool change,Scratch,B121,S235,Team B
2025-05-01,Night,PRESS_600T,Pressing,Support,910,761,743,18,31.592,25.2,450,21,28,Operator waiting,Other,B121,S275,Team C
2025-05-01,Night,PRESS_60T,Pressing,Support,708,563,551,12,40.64,32.4,450,20,48,Operator waiting,Press deformation,B121,S275,Team C
2025-05-01,Night,WELD_01,Spot Welding,Support,392,313,291,22,73.886,58.5,450,28,36,Tool change,Welding defect,B121,S275,Team C
2025-05-01,Night,WELD_10HEAD,Spot Welding,Support,566,463,440,23,53.03,40.5,450,25,15,Tool change,Welding defect,B121,S275,Team C
2025-05-01,Night,LATHE_01,Machining,Support,749,608,593,15,38.676,30.6,450,13,45,Tool change,Other,B121,S275,Team C
2025-05-01,Night,INSPECT_01,Inspection,Support,1275,1234,1194,40,20.129,18.0,450,25,11,Material shortage,Surface defect,B121,S275,Team C
2025-05-01,Night,PACK_01,Packaging,Support,1020,859,848,11,28.695,22.5,450,23,16,Material shortage,Scratch,B121,S275,Team C
2025-05-02,Morning,PRESS_600T,Pressing,Housing,683,588,576,12,37.619,33.6,450,11,70,Machine failure,Press deformation,B122,S355,Team A
2025-05-02,Morning,PRESS_60T,Pressing,Housing,531,481,471,10,45.275,43.2,450,35,52,Material shortage,Press deformation,B122,S355,Team A
2025-05-02,Morning,WELD_01,Spot Welding,Housing,294,267,254,13,93.896,78.0,450,26,6,Machine failure,Welding defect,B122,S355,Team A
2025-05-02,Morning,WELD_10HEAD,Spot Welding,Housing,425,338,318,20,70.106,54.0,450,17,37,Maintenance,Welding defect,B122,S355,Team A
2025-05-02,Morning,LATHE_01,Machining,Housing,562,585,566,19,41.905,40.8,450,21,20,Machine failure,Other,B122,S355,Team A
2025-05-02,Morning,INSPECT_01,Inspection,Housing,956,991,979,12,26.025,24.0,450,11,9,Machine failure,Surface defect,B122,S355,Team A
2025-05-02,Morning,PACK_01,Packaging,Housing,765,694,678,16,34.146,30.0,450,25,30,Operator waiting,Scratch,B122,S355,Team A
2025-05-02,Afternoon,PRESS_600T,Pressing,Bracket,819,766,752,14,30.844,28.0,450,17,39,Quality issue,Press deformation,B122,S235,Team B
2025-05-02,Afternoon,PRESS_60T,Pressing,Bracket,637,575,567,8,39.532,36.0,450,20,51,Machine failure,Press deformation,B122,S235,Team B
2025-05-02,Afternoon,WELD_01,Spot Welding,Bracket,353,293,277,16,78.998,65.0,450,31,32,Material shortage,Other,B122,S235,Team B
2025-05-02,Afternoon,WELD_10HEAD,Spot Welding,Bracket,510,416,392,24,56.29,45.0,450,29,30,Machine failure,Welding defect,B122,S235,Team B
2025-05-02,Afternoon,LATHE_01,Machining,Bracket,675,631,619,12,38.109,34.0,450,23,26,Material shortage,Dimensional defect,B122,S235,Team B
2025-05-02,Afternoon,INSPECT_01,Inspection,Bracket,1147,1067,1061,6,20.749,20.0,450,35,46,Maintenance,Surface defect,B122,S235,Team B
2025-05-02,Afternoon,PACK_01,Packaging,Bracket,918,849,837,12,28.666,25.0,450,18,26,Material shortage,Other,B122,S235,Team B
2025-05-02,Night,PRESS_600T,Pressing,Support,910,772,752,20,28.435,25.2,450,35,49,Maintenance,Press deformation,B122,S275,Team C
2025-05-02,Night,PRESS_60T,Pressing,Support,708,653,643,10,36.149,32.4,450,19,37,Maintenance,Press deformation,B122,S275,Team C
2025-05-02,Night,WELD_01,Spot Welding,Support,392,338,313,25,72.942,58.5,450,24,15,Quality issue,Other,B122,S275,Team C
2025-05-02,Night,WELD_10HEAD,Spot Welding,Support,566,455,438,17,52.589,40.5,450,29,22,Machine failure,Welding defect,B122,S275,Team C
2025-05-02,Night,LATHE_01,Machining,Support,749,634,622,12,37.373,30.6,450,15,40,Maintenance,Dimensional defect,B122,S275,Team C
2025-05-02,Night,INSPECT_01,Inspection,Support,1275,1058,1037,21,21.703,18.0,450,14,53,Tool change,Other,B122,S275,Team C
2025-05-02,Night,PACK_01,Packaging,Support,1020,809,791,18,28.009,22.5,450,19,53,Material shortage,Scratch,B122,S275,Team C
2025-05-03,Morning,PRESS_600T,Pressing,Housing,683,626,616,10,34.787,33.6,450,24,63,Maintenance,Other,B123,S355,Team A
2025-05-03,Morning,PRESS_60T,Pressing,Housing,531,480,477,3,49.153,43.2,450,27,29,Maintenance,Press deformation,B123,S355,Team A
2025-05-03,Morning,WELD_01,Spot Welding,Housing,294,249,237,12,91.768,78.0,450,16,52,Tool change,Welding defect,B123,S355,Team A
2025-05-03,Morning,WELD_10HEAD,Spot Welding,Housing,425,361,346,15,63.937,54.0,450,30,35,Material shortage,Welding defect,B123,S355,Team A
2025-05-03,Morning,LATHE_01,Machining,Housing,562,566,551,15,44.382,40.8,450,14,17,Tool change,Other,B123,S355,Team A
2025-05-03,Morning,INSPECT_01,Inspection,Housing,956,859,847,12,26.1,24.0,450,23,53,Tool change,Surface defect,B123,S355,Team A
2025-05-03,Morning,PACK_01,Packaging,Housing,765,783,771,12,33.009,30.0,450,11,8,Quality issue,Scratch,B123,S355,Team A
2025-05-03,Afternoon,PRESS_600T,Pressing,Bracket,819,807,789,18,30.166,28.0,450,11,33,Tool change,Other,B123,S235,Team B
2025-05-03,Afternoon,PRESS_60T,Pressing,Bracket,637,619,599,20,38.446,36.0,450,23,30,Material shortage,Press deformation,B123,S235,Team B
2025-05-03,Afternoon,WELD_01,Spot Welding,Bracket,353,306,293,13,75.651,65.0,450,35,29,Material shortage,Welding defect,B123,S235,Team B
2025-05-03,Afternoon,WELD_10HEAD,Spot Welding,Bracket,510,387,372,15,57.983,45.0,450,22,54,Material shortage,Welding defect,B123,S235,Team B
2025-05-03,Afternoon,LATHE_01,Machining,Bracket,675,656,650,6,38.273,34.0,450,26,5,Material shortage,Other,B123,S235,Team B
2025-05-03,Afternoon,INSPECT_01,Inspection,Bracket,1147,1113,1088,25,20.845,20.0,450,24,39,Tool change,Surface defect,B123,S235,Team B
2025-05-03,Afternoon,PACK_01,Packaging,Bracket,918,823,809,14,27.964,25.0,450,25,41,Machine failure,Scratch,B123,S235,Team B
2025-05-03,Night,PRESS_600T,Pressing,Support,910,840,825,15,28.706,25.2,450,12,36,Maintenance,Other,B123,S275,Team C
2025-05-03,Night,PRESS_60T,Pressing,Support,708,563,547,16,40.869,32.4,450,21,45,Quality issue,Press deformation,B123,S275,Team C
2025-05-03,Night,WELD_01,Spot Welding,Support,392,342,324,18,72.913,58.5,450,10,24,Tool change,Other,B123,S275,Team C
2025-05-03,Night,WELD_10HEAD,Spot Welding,Support,566,484,464,20,50.009,40.5,450,17,29,Material shortage,Welding defect,B123,S275,Team C
2025-05-03,Night,LATHE_01,Machining,Support,749,739,719,20,33.115,30.6,450,28,14,Machine failure,Dimensional defect,B123,S275,Team C
2025-05-03,Night,INSPECT_01,Inspection,Support,1275,1068,1034,34,21.402,18.0,450,34,35,Material shortage,Surface defect,B123,S275,Team C
2025-05-03,Night,PACK_01,Packaging,Support,1020,934,920,14,26.717,22.5,450,27,7,Material shortage,Scratch,B123,S275,Team C
2025-05-04,Morning,PRESS_600T,Pressing,Support,910,850,847,3,26.097,25.2,450,28,52,Tool change,Press deformation,B124,S275,Team A
2025-05-04,Morning,PRESS_60T,Pressing,Support,708,696,678,18,35.584,32.4,450,26,11,Maintenance,Press deformation,B124,S275,Team A
2025-05-04,Morning,WELD_01,Spot Welding,Support,392,346,329,17,70.562,58.5,450,16,26,Material shortage,Welding defect,B124,S275,Team A
2025-05-04,Morning,WELD_10HEAD,Spot Welding,Support,566,479,451,28,51.071,40.5,450,19,23,Operator waiting,Welding defect,B124,S275,Team A
2025-05-04,Morning,LATHE_01,Machining,Support,749,651,644,7,34.697,30.6,450,28,45,Maintenance,Dimensional defect,B124,S275,Team A
2025-05-04,Morning,INSPECT_01,Inspection,Support,1275,1239,1224,15,19.939,18.0,450,23,15,Operator waiting,Surface defect,B124,S275,Team A
2025-05-04,Morning,PACK_01,Packaging,Support,1020,938,925,13,25.052,22.5,450,27,31,Material shortage,Scratch,B124,S275,Team A
2025-05-04,Afternoon,PRESS_600T,Pressing,Support,910,809,801,8,28.918,25.2,450,23,37,Machine failure,Other,B124,S275,Team B
2025-05-04,Afternoon,PRESS_60T,Pressing,Support,708,698,683,15,34.801,32.4,450,34,11,Tool change,Press deformation,B124,S275,Team B
2025-05-04,Afternoon,WELD_01,Spot Welding,Support,392,319,299,20,72.802,58.5,450,31,31,Operator waiting,Welding defect,B124,S275,Team B
2025-05-04,Afternoon,WELD_10HEAD,Spot Welding,Support,566,472,446,26,51.228,40.5,450,19,28,Material shortage,Welding defect,B124,S275,Team B
2025-05-04,Afternoon,LATHE_01,Machining,Support,749,699,693,6,33.04,30.6,450,23,42,Maintenance,Other,B124,S275,Team B
2025-05-04,Afternoon,INSPECT_01,Inspection,Support,1275,1205,1190,15,18.559,18.0,450,32,45,Machine failure,Surface defect,B124,S275,Team B
2025-05-04,Afternoon,PACK_01,Packaging,Support,1020,1005,985,20,24.416,22.5,450,19,22,Tool change,Scratch,B124,S275,Team B
2025-05-04,Night,PRESS_600T,Pressing,Housing,683,580,569,11,37.957,33.6,450,35,48,Machine failure,Press deformation,B124,S355,Team C
2025-05-04,Night,PRESS_60T,Pressing,Housing,531,498,490,8,49.666,43.2,450,13,24,Maintenance,Press deformation,B124,S355,Team C
2025-05-04,Night,WELD_01,Spot Welding,Housing,294,223,213,10,100.14,78.0,450,26,51,Material shortage,Welding defect,B124,S355,Team C
2025-05-04,Night,WELD_10HEAD,Spot Welding,Housing,425,340,310,30,71.891,54.0,450,12,30,Quality issue,Other,B124,S355,Team C
2025-05-04,Night,LATHE_01,Machining,Housing,562,450,443,7,50.464,40.8,450,29,42,Material shortage,Dimensional defect,B124,S355,Team C
2025-05-04,Night,INSPECT_01,Inspection,Housing,956,795,779,16,28.733,24.0,450,16,53,Machine failure,Surface defect,B124,S355,Team C
2025-05-04,Night,PACK_01,Packaging,Housing,765,689,672,17,34.207,30.0,450,22,35,Quality issue,Other,B124,S355,Team C
2025-05-05,Morning,PRESS_600T,Pressing,Housing,683,677,651,26,34.451,33.6,450,29,32,Tool change,Press deformation,B125,S355,Team A
2025-05-05,Morning,PRESS_60T,Pressing,Housing,531,507,489,18,44.962,43.2,450,18,52,Operator waiting,Press deformation,B125,S355,Team A
2025-05-05,Morning,WELD_01,Spot Welding,Housing,294,240,227,13,101.334,78.0,450,21,23,Material shortage,Welding defect,B125,S355,Team A
2025-05-05,Morning,WELD_10HEAD,Spot Welding,Housing,425,348,336,12,69.765,54.0,450,22,23,Material shortage,Welding defect,B125,S355,Team A
2025-05-05,Morning,LATHE_01,Machining,Housing,562,567,557,10,41.776,40.8,450,25,30,Material shortage,Dimensional defect,B125,S355,Team A
2025-05-05,Morning,INSPECT_01,Inspection,Housing,956,965,945,20,26.463,24.0,450,18,6,Material shortage,Surface defect,B125,S355,Team A
2025-05-05,Morning,PACK_01,Packaging,Housing,765,764,752,12,32.662,30.0,450,21,13,Tool change,Scratch,B125,S355,Team A
2025-05-05,Afternoon,PRESS_600T,Pressing,Housing,683,600,594,6,38.547,33.6,450,33,31,Material shortage,Press deformation,B125,S355,Team B
2025-05-05,Afternoon,PRESS_60T,Pressing,Housing,531,450,439,11,49.725,43.2,450,25,52,Operator waiting,Press deformation,B125,S355,Team B
2025-05-05,Afternoon,WELD_01,Spot Welding,Housing,294,261,244,17,89.857,78.0,450,10,49,Machine failure,Other,B125,S355,Team B
2025-05-05,Afternoon,WELD_10HEAD,Spot Welding,Housing,425,320,305,15,70.291,54.0,450,34,40,Material shortage,Welding defect,B125,S355,Team B
2025-05-05,Afternoon,LATHE_01,Machining,Housing,562,520,511,9,45.337,40.8,450,14,43,Tool change,Other,B125,S355,Team B
2025-05-05,Afternoon,INSPECT_01,Inspection,Housing,956,863,849,14,26.111,24.0,450,25,49,Machine failure,Other,B125,S355,Team B
2025-05-05,Afternoon,PACK_01,Packaging,Housing,765,759,747,12,32.292,30.0,450,21,20,Maintenance,Scratch,B125,S355,Team B
2025-05-05,Night,PRESS_600T,Pressing,Support,910,833,809,24,28.004,25.2,450,16,45,Tool change,Press deformation,B125,S275,Team C
2025-05-05,Night,PRESS_60T,Pressing,Support,708,650,639,11,36.433,32.4,450,12,43,Maintenance,Other,B125,S275,Team C
2025-05-05,Night,WELD_01,Spot Welding,Support,392,335,314,21,68.493,58.5,450,30,37,Machine failure,Welding defect,B125,S275,Team C
2025-05-05,Night,WELD_10HEAD,Spot Welding,Support,566,419,394,25,55.977,40.5,450,33,26,Operator waiting,Welding defect,B125,S275,Team C
2025-05-05,Night,LATHE_01,Machining,Support,749,699,683,16,34.914,30.6,450,11,32,Tool change,Dimensional defect,B125,S275,Team C
2025-05-05,Night,INSPECT_01,Inspection,Support,1275,1153,1127,26,20.592,18.0,450,11,43,Quality issue,Surface defect,B125,S275,Team C
2025-05-05,Night,PACK_01,Packaging,Support,1020,983,965,18,24.781,22.5,450,26,18,Tool change,Scratch,B125,S275,Team C
2025-05-06,Morning,PRESS_600T,Pressing,Support,910,751,734,17,29.221,25.2,450,19,65,Tool change,Press deformation,B126,S275,Team A
2025-05-06,Morning,PRESS_60T,Pressing,Support,708,659,652,7,36.952,32.4,450,12,32,Machine failure,Other,B126,S275,Team A
2025-05-06,Morning,WELD_01,Spot Welding,Support,392,315,300,15,73.976,58.5,450,33,28,Machine failure,Welding defect,B126,S275,Team A
2025-05-06,Morning,WELD_10HEAD,Spot Welding,Support,566,459,441,18,48.857,40.5,450,33,43,Tool change,Welding defect,B126,S275,Team A
2025-05-06,Morning,LATHE_01,Machining,Support,749,746,727,19,34.168,30.6,450,12,13,Material shortage,Other,B126,S275,Team A
2025-05-06,Morning,INSPECT_01,Inspection,Support,1275,1169,1159,10,19.037,18.0,450,25,54,Quality issue,Surface defect,B126,S275,Team A
2025-05-06,Morning,PACK_01,Packaging,Support,1020,1001,981,20,24.621,22.5,450,17,22,Maintenance,Scratch,B126,S275,Team A
2025-05-06,Afternoon,PRESS_600T,Pressing,Support,910,753,742,11,28.734,25.2,450,32,57,Operator waiting,Other,B126,S275,Team B
2025-05-06,Afternoon,PRESS_60T,Pressing,Support,708,659,651,8,37.183,32.4,450,12,29,Tool change,Other,B126,S275,Team B
2025-05-06,Afternoon,WELD_01,Spot Welding,Support,392,307,288,19,76.997,58.5,450,31,24,Tool change,Welding defect,B126,S275,Team B
2025-05-06,Afternoon,WELD_10HEAD,Spot Welding,Support,566,439,412,27,51.579,40.5,450,31,41,Material shortage,Welding defect,B126,S275,Team B
2025-05-06,Afternoon,LATHE_01,Machining,Support,749,712,698,14,33.777,30.6,450,22,27,Machine failure,Dimensional defect,B126,S275,Team B
2025-05-06,Afternoon,INSPECT_01,Inspection,Support,1275,1192,1156,36,20.277,18.0,450,33,14,Tool change,Other,B126,S275,Team B
2025-05-06,Afternoon,PACK_01,Packaging,Support,1020,1013,985,28,23.08,22.5,450,23,37,Operator waiting,Other,B126,S275,Team B
2025-05-06,Night,PRESS_600T,Pressing,Bracket,819,802,782,20,29.922,28.0,450,15,35,Tool change,Press deformation,B126,S235,Team C
2025-05-06,Night,PRESS_60T,Pressing,Bracket,637,548,535,13,42.873,36.0,450,25,33,Material shortage,Press deformation,B126,S235,Team C
2025-05-06,Night,WELD_01,Spot Welding,Bracket,353,267,252,15,92.285,65.0,450,33,6,Material shortage,Welding defect,B126,S235,Team C
2025-05-06,Night,WELD_10HEAD,Spot Welding,Bracket,510,404,378,26,62.654,45.0,450,14,14,Material shortage,Welding defect,B126,S235,Team C
2025-05-06,Night,LATHE_01,Machining,Bracket,675,674,651,23,36.309,34.0,450,22,20,Quality issue,Dimensional defect,B126,S235,Team C
2025-05-06,Night,INSPECT_01,Inspection,Bracket,1147,949,927,22,23.755,20.0,450,30,44,Tool change,Surface defect,B126,S235,Team C
2025-05-06,Night,PACK_01,Packaging,Bracket,918,872,849,23,26.478,25.0,450,20,45,Material shortage,Other,B126,S235,Team C
2025-05-07,Morning,PRESS_600T,Pressing,Support,910,808,795,13,27.683,25.2,450,29,48,Material shortage,Other,B127,S275,Team A
2025-05-07,Morning,PRESS_60T,Pressing,Support,708,767,751,16,33.707,32.4,450,11,8,Maintenance,Press deformation,B127,S275,Team A
2025-05-07,Morning,WELD_01,Spot Welding,Support,392,327,313,14,73.686,58.5,450,13,35,Quality issue,Welding defect,B127,S275,Team A
2025-05-07,Morning,WELD_10HEAD,Spot Welding,Support,566,467,442,25,49.491,40.5,450,11,53,Machine failure,Welding defect,B127,S275,Team A
2025-05-07,Morning,LATHE_01,Machining,Support,749,730,714,16,34.76,30.6,450,10,17,Machine failure,Other,B127,S275,Team A
2025-05-07,Morning,INSPECT_01,Inspection,Support,1275,1147,1120,27,20.398,18.0,450,15,45,Machine failure,Surface defect,B127,S275,Team A
2025-05-07,Morning,PACK_01,Packaging,Support,1020,1090,1066,24,23.002,22.5,450,13,19,Tool change,Scratch,B127,S275,Team A
2025-05-07,Afternoon,PRESS_600T,Pressing,Bracket,819,777,768,9,30.161,28.0,450,20,39,Maintenance,Other,B127,S235,Team B
2025-05-07,Afternoon,PRESS_60T,Pressing,Bracket,637,624,615,9,40.744,36.0,450,11,15,Operator waiting,Other,B127,S235,Team B
2025-05-07,Afternoon,WELD_01,Spot Welding,Bracket,353,305,290,15,79.145,65.0,450,23,24,Material shortage,Welding defect,B127,S235,Team B
2025-05-07,Afternoon,WELD_10HEAD,Spot Welding,Bracket,510,398,375,23,56.87,45.0,450,21,51,Maintenance,Welding defect,B127,S235,Team B
2025-05-07,Afternoon,LATHE_01,Machining,Bracket,675,622,609,13,38.774,34.0,450,17,31,Material shortage,Other,B127,S235,Team B
2025-05-07,Afternoon,INSPECT_01,Inspection,Bracket,1147,1063,1039,24,20.598,20.0,450,30,55,Tool change,Surface defect,B127,S235,Team B
2025-05-07,Afternoon,PACK_01,Packaging,Bracket,918,866,854,12,27.343,25.0,450,21,34,Maintenance,Scratch,B127,S235,Team B
2025-05-07,Night,PRESS_600T,Pressing,Housing,683,561,547,14,39.032,33.6,450,31,54,Machine failure,Press deformation,B127,S355,Team C
2025-05-07,Night,PRESS_60T,Pressing,Housing,531,456,444,12,51.599,43.2,450,20,37,Machine failure,Press deformation,B127,S355,Team C
2025-05-07,Night,WELD_01,Spot Welding,Housing,294,240,229,11,100.32,78.0,450,35,13,Operator waiting,Welding defect,B127,S355,Team C
2025-05-07,Night,WELD_10HEAD,Spot Welding,Housing,425,354,338,16,69.124,54.0,450,34,8,Material shortage,Welding defect,B127,S355,Team C
2025-05-07,Night,LATHE_01,Machining,Housing,562,451,443,8,51.846,40.8,450,14,46,Tool change,Other,B127,S355,Team C
2025-05-07,Night,INSPECT_01,Inspection,Housing,956,819,793,26,28.131,24.0,450,28,38,Material shortage,Other,B127,S355,Team C
2025-05-07,Night,PACK_01,Packaging,Housing,765,673,656,17,36.518,30.0,450,12,28,Tool change,Scratch,B127,S355,Team C
2025-05-08,Morning,PRESS_600T,Pressing,Support,910,820,807,13,26.116,25.2,450,33,60,Tool change,Press deformation,B128,S275,Team A
2025-05-08,Morning,PRESS_60T,Pressing,Support,708,670,662,8,34.651,32.4,450,22,41,Machine failure,Press deformation,B128,S275,Team A
2025-05-08,Morning,WELD_01,Spot Welding,Support,392,306,290,16,75.603,58.5,450,22,42,Machine failure,Other,B128,S275,Team A
2025-05-08,Morning,WELD_10HEAD,Spot Welding,Support,566,494,470,24,49.825,40.5,450,31,8,Operator waiting,Welding defect,B128,S275,Team A
2025-05-08,Morning,LATHE_01,Machining,Support,749,745,734,11,33.972,30.6,450,17,11,Machine failure,Dimensional defect,B128,S275,Team A
2025-05-08,Morning,INSPECT_01,Inspection,Support,1275,1166,1151,15,19.795,18.0,450,16,49,Quality issue,Other,B128,S275,Team A
2025-05-08,Morning,PACK_01,Packaging,Support,1020,1021,1011,10,25.01,22.5,450,16,8,Quality issue,Other,B128,S275,Team A
2025-05-08,Afternoon,PRESS_600T,Pressing,Housing,683,631,614,17,37.699,33.6,450,12,41,Machine failure,Other,B128,S355,Team B
2025-05-08,Afternoon,PRESS_60T,Pressing,Housing,531,491,481,10,47.118,43.2,450,32,32,Tool change,Press deformation,B128,S355,Team B
2025-05-08,Afternoon,WELD_01,Spot Welding,Housing,294,255,245,10,92.233,78.0,450,15,43,Material shortage,Welding defect,B128,S355,Team B
2025-05-08,Afternoon,WELD_10HEAD,Spot Welding,Housing,425,357,332,25,66.373,54.0,450,30,25,Tool change,Other,B128,S355,Team B
2025-05-08,Afternoon,LATHE_01,Machining,Housing,562,538,533,5,45.873,40.8,450,20,18,Material shortage,Dimensional defect,B128,S355,Team B
2025-05-08,Afternoon,INSPECT_01,Inspection,Housing,956,952,938,14,24.513,24.0,450,31,30,Tool change,Surface defect,B128,S355,Team B
2025-05-08,Afternoon,PACK_01,Packaging,Housing,765,713,708,5,31.936,30.0,450,18,52,Machine failure,Other,B128,S355,Team B
2025-05-08,Night,PRESS_600T,Pressing,Support,910,678,663,15,32.277,25.2,450,28,57,Machine failure,Press deformation,B128,S275,Team C
2025-05-08,Night,PRESS_60T,Pressing,Support,708,644,629,15,37.879,32.4,450,22,21,Tool change,Press deformation,B128,S275,Team C
2025-05-08,Night,WELD_01,Spot Welding,Support,392,317,296,21,73.252,58.5,450,20,42,Maintenance,Welding defect,B128,S275,Team C
2025-05-08,Night,WELD_10HEAD,Spot Welding,Support,566,464,438,26,52.882,40.5,450,13,28,Operator waiting,Welding defect,B128,S275,Team C
2025-05-08,Night,LATHE_01,Machining,Support,749,735,703,32,32.156,30.6,450,34,22,Tool change,Other,B128,S275,Team C
2025-05-08,Night,INSPECT_01,Inspection,Support,1275,1144,1118,26,21.599,18.0,450,25,13,Material shortage,Surface defect,B128,S275,Team C
2025-05-08,Night,PACK_01,Packaging,Support,1020,924,896,28,24.07,22.5,450,24,55,Machine failure,Scratch,B128,S275,Team C
2025-05-09,Morning,PRESS_600T,Pressing,Support,910,905,889,16,27.092,25.2,450,10,31,Quality issue,Other,B129,S275,Team A
2025-05-09,Morning,PRESS_60T,Pressing,Support,708,609,589,20,37.401,32.4,450,16,54,Material shortage,Press deformation,B129,S275,Team A
2025-05-09,Morning,WELD_01,Spot Welding,Support,392,307,286,21,76.151,58.5,450,18,42,Material shortage,Welding defect,B129,S275,Team A
2025-05-09,Morning,WELD_10HEAD,Spot Welding,Support,566,428,406,22,53.199,40.5,450,15,55,Operator waiting,Welding defect,B129,S275,Team A
2025-05-09,Morning,LATHE_01,Machining,Support,749,693,677,16,33.555,30.6,450,20,42,Tool change,Dimensional defect,B129,S275,Team A
2025-05-09,Morning,INSPECT_01,Inspection,Support,1275,1295,1274,21,19.173,18.0,450,17,19,Tool change,Other,B129,S275,Team A
2025-05-09,Morning,PACK_01,Packaging,Support,1020,1003,988,15,24.935,22.5,450,19,14,Material shortage,Scratch,B129,S275,Team A
2025-05-09,Afternoon,PRESS_600T,Pressing,Support,910,823,817,6,27.762,25.2,450,33,36,Material shortage,Press deformation,B129,S275,Team B
2025-05-09,Afternoon,PRESS_60T,Pressing,Support,708,756,745,11,33.054,32.4,450,21,12,Material shortage,Press deformation,B129,S275,Team B
2025-05-09,Afternoon,WELD_01,Spot Welding,Support,392,296,280,16,77.207,58.5,450,33,36,Material shortage,Other,B129,S275,Team B
2025-05-09,Afternoon,WELD_10HEAD,Spot Welding,Support,566,491,473,18,45.692,40.5,450,23,53,Maintenance,Welding defect,B129,S275,Team B
2025-05-09,Afternoon,LATHE_01,Machining,Support,749,718,707,11,31.3,30.6,450,24,51,Material shortage,Dimensional defect,B129,S275,Team B
2025-05-09,Afternoon,INSPECT_01,Inspection,Support,1275,1141,1120,21,19.612,18.0,450,34,43,Operator waiting,Surface defect,B129,S275,Team B
2025-05-09,Afternoon,PACK_01,Packaging,Support,1020,931,909,22,24.486,22.5,450,28,42,Operator waiting,Other,B129,S275,Team B
2025-05-09,Night,PRESS_600T,Pressing,Support,910,798,768,30,30.896,25.2,450,13,26,Material shortage,Press deformation,B129,S275,Team C
2025-05-09,Night,PRESS_60T,Pressing,Support,708,668,658,10,36.077,32.4,450,11,37,Quality issue,Other,B129,S275,Team C
2025-05-09,Night,WELD_01,Spot Welding,Support,392,290,276,14,81.958,58.5,450,24,29,Machine failure,Welding defect,B129,S275,Team C
2025-05-09,Night,WELD_10HEAD,Spot Welding,Support,566,477,449,28,53.329,40.5,450,12,14,Material shortage,Welding defect,B129,S275,Team C
2025-05-09,Night,LATHE_01,Machining,Support,749,724,705,19,35.344,30.6,450,16,7,Material shortage,Dimensional defect,B129,S275,Team C
2025-05-09,Night,INSPECT_01,Inspection,Support,1275,1031,1016,15,22.967,18.0,450,12,43,Material shortage,Surface defect,B129,S275,Team C
2025-05-09,Night,PACK_01,Packaging,Support,1020,1007,988,19,24.416,22.5,450,10,30,Quality issue,Scratch,B129,S275,Team C
2025-05-10,Morning,PRESS_600T,Pressing,Bracket,819,792,780,12,29.132,28.0,450,19,46,Machine failure,Press deformation,B130,S235,Team A
2025-05-10,Morning,PRESS_60T,Pressing,Bracket,637,556,548,8,40.758,36.0,450,32,40,Machine failure,Press deformation,B130,S235,Team A
2025-05-10,Morning,WELD_01,Spot Welding,Bracket,353,319,298,21,77.065,65.0,450,17,22,Tool change,Welding defect,B130,S235,Team A
2025-05-10,Morning,WELD_10HEAD,Spot Welding,Bracket,510,400,377,23,57.018,45.0,450,18,51,Tool change,Other,B130,S235,Team A
2025-05-10,Morning,LATHE_01,Machining,Bracket,675,633,624,9,39.232,34.0,450,19,17,Material shortage,Dimensional defect,B130,S235,Team A
2025-05-10,Morning,INSPECT_01,Inspection,Bracket,1147,1067,1046,21,22.588,20.0,450,25,23,Machine failure,Surface defect,B130,S235,Team A
2025-05-10,Morning,PACK_01,Packaging,Bracket,918,859,839,20,27.148,25.0,450,25,36,Material shortage,Scratch,B130,S235,Team A
2025-05-10,Afternoon,PRESS_600T,Pressing,Housing,683,644,635,9,34.605,33.6,450,25,53,Operator waiting,Press deformation,B130,S355,Team B
2025-05-10,Afternoon,PRESS_60T,Pressing,Housing,531,542,530,12,45.588,43.2,450,20,18,Maintenance,Press deformation,B130,S355,Team B
2025-05-10,Afternoon,WELD_01,Spot Welding,Housing,294,275,263,12,88.493,78.0,450,24,20,Operator waiting,Welding defect,B130,S355,Team B
2025-05-10,Afternoon,WELD_10HEAD,Spot Welding,Housing,425,382,354,28,63.107,54.0,450,30,18,Tool change,Welding defect,B130,S355,Team B
2025-05-10,Afternoon,LATHE_01,Machining,Housing,562,532,524,8,45.308,40.8,450,12,36,Maintenance,Dimensional defect,B130,S355,Team B
2025-05-10,Afternoon,INSPECT_01,Inspection,Housing,956,907,892,15,25.192,24.0,450,18,51,Material shortage,Surface defect,B130,S355,Team B
2025-05-10,Afternoon,PACK_01,Packaging,Housing,765,748,733,15,30.634,30.0,450,31,37,Material shortage,Scratch,B130,S355,Team B
2025-05-10,Night,PRESS_600T,Pressing,Housing,683,539,521,18,40.483,33.6,450,30,56,Quality issue,Press deformation,B130,S355,Team C
2025-05-10,Night,PRESS_60T,Pressing,Housing,531,465,458,7,52.936,43.2,450,16,23,Tool change,Press deformation,B130,S355,Team C
2025-05-10,Night,WELD_01,Spot Welding,Housing,294,242,220,22,96.894,78.0,450,17,41,Tool change,Welding defect,B130,S355,Team C
2025-05-10,Night,WELD_10HEAD,Spot Welding,Housing,425,348,326,22,69.194,54.0,450,26,22,Material shortage,Welding defect,B130,S355,Team C
2025-05-10,Night,LATHE_01,Machining,Housing,562,541,533,8,44.976,40.8,450,20,24,Tool change,Other,B130,S355,Team C
2025-05-10,Night,INSPECT_01,Inspection,Housing,956,852,833,19,26.815,24.0,450,19,50,Quality issue,Surface defect,B130,S355,Team C
2025-05-10,Night,PACK_01,Packaging,Housing,765,718,705,13,33.658,30.0,450,11,36,Material shortage,Scratch,B130,S355,Team C
2025-05-11,Morning,PRESS_600T,Pressing,Bracket,819,731,717,14,31.678,28.0,450,14,50,Quality issue,Press deformation,B131,S235,Team A
2025-05-11,Morning,PRESS_60T,Pressing,Bracket,637,615,601,14,38.785,36.0,450,25,27,Machine failure,Press deformation,B131,S235,Team A
2025-05-11,Morning,WELD_01,Spot Welding,Bracket,353,277,267,10,85.771,65.0,450,26,27,Material shortage,Welding defect,B131,S235,Team A
2025-05-11,Morning,WELD_10HEAD,Spot Welding,Bracket,510,441,420,21,54.757,45.0,450,14,33,Operator waiting,Welding defect,B131,S235,Team A
2025-05-11,Morning,LATHE_01,Machining,Bracket,675,572,565,7,39.179,34.0,450,28,48,Material shortage,Dimensional defect,B131,S235,Team A
2025-05-11,Morning,INSPECT_01,Inspection,Bracket,1147,1210,1197,13,20.717,20.0,450,11,21,Quality issue,Surface defect,B131,S235,Team A
2025-05-11,Morning,PACK_01,Packaging,Bracket,918,946,936,10,26.944,25.0,450,14,11,Tool change,Scratch,B131,S235,Team A
2025-05-11,Afternoon,PRESS_600T,Pressing,Support,910,836,819,17,28.055,25.2,450,17,42,Operator waiting,Press deformation,B131,S275,Team B
2025-05-11,Afternoon,PRESS_60T,Pressing,Support,708,758,739,19,33.922,32.4,450,13,8,Operator waiting,Press deformation,B131,S275,Team B
2025-05-11,Afternoon,WELD_01,Spot Welding,Support,392,314,292,22,75.961,58.5,450,26,26,Material shortage,Other,B131,S275,Team B
2025-05-11,Afternoon,WELD_10HEAD,Spot Welding,Support,566,470,440,30,52.653,40.5,450,23,14,Tool change,Welding defect,B131,S275,Team B
2025-05-11,Afternoon,LATHE_01,Machining,Support,749,649,629,20,34.945,30.6,450,19,53,Material shortage,Other,B131,S275,Team B
2025-05-11,Afternoon,INSPECT_01,Inspection,Support,1275,1303,1282,21,18.821,18.0,450,28,13,Machine failure,Surface defect,B131,S275,Team B
2025-05-11,Afternoon,PACK_01,Packaging,Support,1020,1027,1012,15,25.221,22.5,450,11,7,Tool change,Scratch,B131,S275,Team B
2025-05-11,Night,PRESS_600T,Pressing,Support,910,823,808,15,27.326,25.2,450,25,50,Tool change,Press deformation,B131,S275,Team C
2025-05-11,Night,PRESS_60T,Pressing,Support,708,682,666,16,36.032,32.4,450,20,20,Material shortage,Press deformation,B131,S275,Team C
2025-05-11,Night,WELD_01,Spot Welding,Support,392,334,315,19,73.165,58.5,450,15,27,Quality issue,Welding defect,B131,S275,Team C
2025-05-11,Night,WELD_10HEAD,Spot Welding,Support,566,420,397,23,54.804,40.5,450,22,44,Quality issue,Welding defect,B131,S275,Team C
2025-05-11,Night,LATHE_01,Machining,Support,749,737,718,19,33.847,30.6,450,26,8,Tool change,Dimensional defect,B131,S275,Team C
2025-05-11,Night,INSPECT_01,Inspection,Support,1275,1183,1146,37,21.187,18.0,450,21,11,Material shortage,Surface defect,B131,S275,Team C
2025-05-11,Night,PACK_01,Packaging,Support,1020,909,890,19,26.984,22.5,450,35,6,Machine failure,Scratch,B131,S275,Team C
2025-05-12,Morning,PRESS_600T,Pressing,Support,910,839,814,25,28.674,25.2,450,13,36,Machine failure,Other,B132,S275,Team A
2025-05-12,Morning,PRESS_60T,Pressing,Support,708,649,636,13,35.867,32.4,450,31,31,Material shortage,Press deformation,B132,S275,Team A
2025-05-12,Morning,WELD_01,Spot Welding,Support,392,319,303,16,73.733,58.5,450,34,23,Machine failure,Welding defect,B132,S275,Team A
2025-05-12,Morning,WELD_10HEAD,Spot Welding,Support,566,491,449,42,47.101,40.5,450,24,40,Material shortage,Welding defect,B132,S275,Team A
2025-05-12,Morning,LATHE_01,Machining,Support,749,731,717,14,34.546,30.6,450,20,9,Operator waiting,Dimensional defect,B132,S275,Team A
2025-05-12,Morning,INSPECT_01,Inspection,Support,1275,1188,1171,17,19.534,18.0,450,24,39,Material shortage,Surface defect,B132,S275,Team A
2025-05-12,Morning,PACK_01,Packaging,Support,1020,925,901,24,24.38,22.5,450,24,50,Maintenance,Scratch,B132,S275,Team A
2025-05-12,Afternoon,PRESS_600T,Pressing,Bracket,819,782,766,16,29.899,28.0,450,20,40,Machine failure,Press deformation,B132,S235,Team B
2025-05-12,Afternoon,PRESS_60T,Pressing,Bracket,637,579,576,3,41.189,36.0,450,22,30,Material shortage,Press deformation,B132,S235,Team B
2025-05-12,Afternoon,WELD_01,Spot Welding,Bracket,353,311,298,13,78.301,65.0,450,19,25,Machine failure,Welding defect,B132,S235,Team B
2025-05-12,Afternoon,WELD_10HEAD,Spot Welding,Bracket,510,392,370,22,55.353,45.0,450,34,54,Material shortage,Welding defect,B132,S235,Team B
2025-05-12,Afternoon,LATHE_01,Machining,Bracket,675,640,630,10,35.964,34.0,450,17,49,Tool change,Dimensional defect,B132,S235,Team B
2025-05-12,Afternoon,INSPECT_01,Inspection,Bracket,1147,1021,999,22,22.899,20.0,450,30,30,Material shortage,Surface defect,B132,S235,Team B
2025-05-12,Afternoon,PACK_01,Packaging,Bracket,918,938,922,16,26.142,25.0,450,15,26,Quality issue,Scratch,B132,S235,Team B
2025-05-12,Night,PRESS_600T,Pressing,Housing,683,603,582,21,38.365,33.6,450,24,40,Machine failure,Press deformation,B132,S355,Team C
2025-05-12,Night,PRESS_60T,Pressing,Housing,531,448,436,12,52.722,43.2,450,13,43,Tool change,Other,B132,S355,Team C
2025-05-12,Night,WELD_01,Spot Welding,Housing,294,245,225,20,103.853,78.0,450,12,13,Quality issue,Welding defect,B132,S355,Team C
2025-05-12,Night,WELD_10HEAD,Spot Welding,Housing,425,321,304,17,74.32,54.0,450,26,26,Machine failure,Welding defect,B132,S355,Team C
2025-05-12,Night,LATHE_01,Machining,Housing,562,509,494,15,45.541,40.8,450,25,38,Quality issue,Dimensional defect,B132,S355,Team C
2025-05-12,Night,INSPECT_01,Inspection,Housing,956,887,868,19,27.795,24.0,450,12,27,Material shortage,Surface defect,B132,S355,Team C
2025-05-12,Night,PACK_01,Packaging,Housing,765,693,677,16,34.759,30.0,450,11,37,Material shortage,Scratch,B132,S355,Team C
2025-05-13,Morning,PRESS_600T,Pressing,Bracket,819,743,729,14,30.646,28.0,450,20,50,Quality issue,Press deformation,B133,S235,Team A
2025-05-13,Morning,PRESS_60T,Pressing,Bracket,637,595,584,11,39.384,36.0,450,30,29,Tool change,Press deformation,B133,S235,Team A
2025-05-13,Morning,WELD_01,Spot Welding,Bracket,353,311,292,19,76.593,65.0,450,12,40,Tool change,Welding defect,B133,S235,Team A
2025-05-13,Morning,WELD_10HEAD,Spot Welding,Bracket,510,418,399,19,57.75,45.0,450,29,18,Operator waiting,Welding defect,B133,S235,Team A
2025-05-13,Morning,LATHE_01,Machining,Bracket,675,642,626,16,35.606,34.0,450,32,37,Operator waiting,Other,B133,S235,Team A
2025-05-13,Morning,INSPECT_01,Inspection,Bracket,1147,1072,1064,8,22.091,20.0,450,17,38,Tool change,Other,B133,S235,Team A
2025-05-13,Morning,PACK_01,Packaging,Bracket,918,887,874,13,27.188,25.0,450,18,30,Material shortage,Scratch,B133,S235,Team A
2025-05-13,Afternoon,PRESS_600T,Pressing,Bracket,819,747,729,18,30.439,28.0,450,27,44,Quality issue,Press deformation,B133,S235,Team B
2025-05-13,Afternoon,PRESS_60T,Pressing,Bracket,637,634,622,12,38.741,36.0,450,28,12,Tool change,Other,B133,S235,Team B
2025-05-13,Afternoon,WELD_01,Spot Welding,Bracket,353,290,274,16,74.74,65.0,450,35,53,Material shortage,Welding defect,B133,S235,Team B
2025-05-13,Afternoon,WELD_10HEAD,Spot Welding,Bracket,510,434,421,13,52.062,45.0,450,19,54,Material shortage,Welding defect,B133,S235,Team B
2025-05-13,Afternoon,LATHE_01,Machining,Bracket,675,595,580,15,39.088,34.0,450,19,43,Tool change,Other,B133,S235,Team B
2025-05-13,Afternoon,INSPECT_01,Inspection,Bracket,1147,1143,1124,19,21.569,20.0,450,11,28,Material shortage,Surface defect,B133,S235,Team B
2025-05-13,Afternoon,PACK_01,Packaging,Bracket,918,880,859,21,28.748,25.0,450,11,17,Operator waiting,Scratch,B133,S235,Team B
2025-05-13,Night,PRESS_600T,Pressing,Bracket,819,676,661,15,34.163,28.0,450,20,45,Tool change,Other,B133,S235,Team C
2025-05-13,Night,PRESS_60T,Pressing,Bracket,637,580,566,14,40.426,36.0,450,33,26,Maintenance,Press deformation,B133,S235,Team C
2025-05-13,Night,WELD_01,Spot Welding,Bracket,353,331,306,25,75.897,65.0,450,15,16,Machine failure,Welding defect,B133,S235,Team C
2025-05-13,Night,WELD_10HEAD,Spot Welding,Bracket,510,396,377,19,64.436,45.0,450,13,11,Machine failure,Other,B133,S235,Team C
2025-05-13,Night,LATHE_01,Machining,Bracket,675,600,582,18,42.381,34.0,450,16,10,Material shortage,Other,B133,S235,Team C
2025-05-13,Night,INSPECT_01,Inspection,Bracket,1147,1014,978,36,24.358,20.0,450,15,23,Material shortage,Surface defect,B133,S235,Team C
2025-05-13,Night,PACK_01,Packaging,Bracket,918,785,764,21,30.698,25.0,450,20,28,Operator waiting,Other,B133,S235,Team C
2025-05-14,Morning,PRESS_600T,Pressing,Bracket,819,694,683,11,32.388,28.0,450,20,55,Operator waiting,Press deformation,B134,S235,Team A
2025-05-14,Morning,PRESS_60T,Pressing,Bracket,637,540,531,9,40.552,36.0,450,34,51,Tool change,Press deformation,B134,S235,Team A
2025-05-14,Morning,WELD_01,Spot Welding,Bracket,353,274,264,10,84.02,65.0,450,27,39,Material shortage,Welding defect,B134,S235,Team A
2025-05-14,Morning,WELD_10HEAD,Spot Welding,Bracket,510,475,448,27,51.137,45.0,450,33,12,Quality issue,Welding defect,B134,S235,Team A
2025-05-14,Morning,LATHE_01,Machining,Bracket,675,648,633,15,38.484,34.0,450,23,11,Quality issue,Dimensional defect,B134,S235,Team A
2025-05-14,Morning,INSPECT_01,Inspection,Bracket,1147,1045,1037,8,21.588,20.0,450,23,51,Maintenance,Other,B134,S235,Team A
2025-05-14,Morning,PACK_01,Packaging,Bracket,918,959,948,11,25.708,25.0,450,11,28,Operator waiting,Scratch,B134,S235,Team A
2025-05-14,Afternoon,PRESS_600T,Pressing,Housing,683,555,546,9,38.457,33.6,450,26,68,Material shortage,Other,B134,S355,Team B
2025-05-14,Afternoon,PRESS_60T,Pressing,Housing,531,530,523,7,47.632,43.2,450,24,5,Material shortage,Press deformation,B134,S355,Team B
2025-05-14,Afternoon,WELD_01,Spot Welding,Housing,294,248,234,14,90.937,78.0,450,34,40,Tool change,Welding defect,B134,S355,Team B
2025-05-14,Afternoon,WELD_10HEAD,Spot Welding,Housing,425,323,311,12,69.869,54.0,450,35,38,Operator waiting,Welding defect,B134,S355,Team B
2025-05-14,Afternoon,LATHE_01,Machining,Housing,562,514,511,3,46.75,40.8,450,26,23,Material shortage,Dimensional defect,B134,S355,Team B
2025-05-14,Afternoon,INSPECT_01,Inspection,Housing,956,871,850,21,27.601,24.0,450,17,32,Tool change,Surface defect,B134,S355,Team B
2025-05-14,Afternoon,PACK_01,Packaging,Housing,765,816,798,18,30.934,30.0,450,23,6,Quality issue,Scratch,B134,S355,Team B
2025-05-14,Night,PRESS_600T,Pressing,Bracket,819,691,669,22,33.846,28.0,450,35,25,Tool change,Press deformation,B134,S235,Team C
2025-05-14,Night,PRESS_60T,Pressing,Bracket,637,524,509,15,41.855,36.0,450,32,52,Machine failure,Press deformation,B134,S235,Team C
2025-05-14,Night,WELD_01,Spot Welding,Bracket,353,280,255,25,83.603,65.0,450,13,46,Quality issue,Welding defect,B134,S235,Team C
2025-05-14,Night,WELD_10HEAD,Spot Welding,Bracket,510,352,336,16,62.662,45.0,450,29,53,Quality issue,Welding defect,B134,S235,Team C
2025-05-14,Night,LATHE_01,Machining,Bracket,675,573,561,12,41.522,34.0,450,30,23,Machine failure,Dimensional defect,B134,S235,Team C
2025-05-14,Night,INSPECT_01,Inspection,Bracket,1147,1004,982,22,24.181,20.0,450,29,16,Material shortage,Surface defect,B134,S235,Team C
2025-05-14,Night,PACK_01,Packaging,Bracket,918,853,838,15,28.683,25.0,450,18,24,Material shortage,Other,B134,S235,Team C
2025-05-15,Morning,PRESS_600T,Pressing,Housing,683,606,599,7,37.47,33.6,450,28,43,Tool change,Press deformation,B135,S355,Team A
2025-05-15,Morning,PRESS_60T,Pressing,Housing,531,527,515,12,46.297,43.2,450,34,9,Machine failure,Press deformation,B135,S355,Team A
2025-05-15,Morning,WELD_01,Spot Welding,Housing,294,272,260,12,95.206,78.0,450,13,5,Tool change,Other,B135,S355,Team A
2025-05-15,Morning,WELD_10HEAD,Spot Welding,Housing,425,384,370,14,66.55,54.0,450,15,9,Machine failure,Other,B135,S355,Team A
2025-05-15,Morning,LATHE_01,Machining,Housing,562,538,525,13,43.348,40.8,450,23,38,Machine failure,Dimensional defect,B135,S355,Team A
2025-05-15,Morning,INSPECT_01,Inspection,Housing,956,831,819,12,27.697,24.0,450,14,52,Machine failure,Other,B135,S355,Team A
2025-05-15,Morning,PACK_01,Packaging,Housing,765,658,641,17,34.167,30.0,450,22,53,Tool change,Scratch,B135,S355,Team A
2025-05-15,Afternoon,PRESS_600T,Pressing,Support,910,834,820,14,27.451,25.2,450,26,42,Material shortage,Other,B135,S275,Team B
2025-05-15,Afternoon,PRESS_60T,Pressing,Support,708,665,642,23,36.612,32.4,450,19,25,Maintenance,Press deformation,B135,S275,Team B
2025-05-15,Afternoon,WELD_01,Spot Welding,Support,392,324,302,22,76.848,58.5,450,30,5,Maintenance,Welding defect,B135,S275,Team B
2025-05-15,Afternoon,WELD_10HEAD,Spot Welding,Support,566,440,416,24,52.889,40.5,450,19,43,Tool change,Welding defect,B135,S275,Team B
2025-05-15,Afternoon,LATHE_01,Machining,Support,749,679,665,14,34.789,30.6,450,29,27,Machine failure,Dimensional defect,B135,S275,Team B
2025-05-15,Afternoon,INSPECT_01,Inspection,Support,1275,1181,1168,13,19.964,18.0,450,10,47,Material shortage,Surface defect,B135,S275,Team B
2025-05-15,Afternoon,PACK_01,Packaging,Support,1020,899,891,8,25.886,22.5,450,15,47,Machine failure,Scratch,B135,S275,Team B
2025-05-15,Night,PRESS_600T,Pressing,Bracket,819,741,724,17,32.196,28.0,450,20,32,Machine failure,Press deformation,B135,S235,Team C
2025-05-15,Night,PRESS_60T,Pressing,Bracket,637,591,568,23,39.042,36.0,450,11,54,Tool change,Press deformation,B135,S235,Team C
2025-05-15,Night,WELD_01,Spot Welding,Bracket,353,301,279,22,85.66,65.0,450,12,7,Quality issue,Welding defect,B135,S235,Team C
2025-05-15,Night,WELD_10HEAD,Spot Welding,Bracket,510,447,415,32,56.006,45.0,450,14,18,Tool change,Other,B135,S235,Team C
2025-05-15,Night,LATHE_01,Machining,Bracket,675,650,643,7,39.355,34.0,450,14,9,Material shortage,Dimensional defect,B135,S235,Team C
2025-05-15,Night,INSPECT_01,Inspection,Bracket,1147,1004,975,29,24.786,20.0,450,22,13,Material shortage,Surface defect,B135,S235,Team C
2025-05-15,Night,PACK_01,Packaging,Bracket,918,837,823,14,27.424,25.0,450,18,49,Material shortage,Scratch,B135,S235,Team C
2025-05-16,Morning,PRESS_600T,Pressing,Housing,683,561,546,15,37.585,33.6,450,34,64,Machine failure,Press deformation,B136,S355,Team A
2025-05-16,Morning,PRESS_60T,Pressing,Housing,531,516,506,10,47.357,43.2,450,28,14,Machine failure,Press deformation,B136,S355,Team A
2025-05-16,Morning,WELD_01,Spot Welding,Housing,294,261,245,16,92.159,78.0,450,16,32,Maintenance,Welding defect,B136,S355,Team A
2025-05-16,Morning,WELD_10HEAD,Spot Welding,Housing,425,368,349,19,65.328,54.0,450,21,28,Machine failure,Welding defect,B136,S355,Team A
2025-05-16,Morning,LATHE_01,Machining,Housing,562,563,553,10,42.055,40.8,450,16,39,Machine failure,Dimensional defect,B136,S355,Team A
2025-05-16,Morning,INSPECT_01,Inspection,Housing,956,964,948,16,25.563,24.0,450,20,19,Tool change,Surface defect,B136,S355,Team A
2025-05-16,Morning,PACK_01,Packaging,Housing,765,710,696,14,34.553,30.0,450,20,21,Material shortage,Scratch,B136,S355,Team A
2025-05-16,Afternoon,PRESS_600T,Pressing,Housing,683,538,530,8,38.34,33.6,450,31,75,Quality issue,Press deformation,B136,S355,Team B
2025-05-16,Afternoon,PRESS_60T,Pressing,Housing,531,495,489,6,49.727,43.2,450,10,29,Maintenance,Press deformation,B136,S355,Team B
2025-05-16,Afternoon,WELD_01,Spot Welding,Housing,294,243,231,12,89.375,78.0,450,35,53,Maintenance,Welding defect,B136,S355,Team B
2025-05-16,Afternoon,WELD_10HEAD,Spot Welding,Housing,425,388,371,17,63.419,54.0,450,29,10,Machine failure,Welding defect,B136,S355,Team B
2025-05-16,Afternoon,LATHE_01,Machining,Housing,562,577,570,7,42.802,40.8,450,25,13,Tool change,Other,B136,S355,Team B
2025-05-16,Afternoon,INSPECT_01,Inspection,Housing,956,932,909,23,24.502,24.0,450,25,44,Maintenance,Surface defect,B136,S355,Team B
2025-05-16,Afternoon,PACK_01,Packaging,Housing,765,732,720,12,33.352,30.0,450,19,24,Machine failure,Scratch,B136,S355,Team B
2025-05-16,Night,PRESS_600T,Pressing,Housing,683,614,597,17,40.026,33.6,450,11,29,Machine failure,Press deformation,B136,S355,Team C
2025-05-16,Night,PRESS_60T,Pressing,Housing,531,455,443,12,52.342,43.2,450,13,40,Tool change,Press deformation,B136,S355,Team C
2025-05-16,Night,WELD_01,Spot Welding,Housing,294,234,224,10,99.258,78.0,450,20,42,Machine failure,Welding defect,B136,S355,Team C
2025-05-16,Night,WELD_10HEAD,Spot Welding,Housing,425,326,318,8,70.602,54.0,450,22,44,Tool change,Welding defect,B136,S355,Team C
2025-05-16,Night,LATHE_01,Machining,Housing,562,532,524,8,46.066,40.8,450,31,10,Material shortage,Dimensional defect,B136,S355,Team C
2025-05-16,Night,INSPECT_01,Inspection,Housing,956,827,814,13,29.789,24.0,450,15,24,Material shortage,Surface defect,B136,S355,Team C
2025-05-16,Night,PACK_01,Packaging,Housing,765,682,663,19,33.062,30.0,450,20,54,Material shortage,Other,B136,S355,Team C
2025-05-17,Morning,PRESS_600T,Pressing,Housing,683,623,613,10,34.648,33.6,450,33,57,Material shortage,Press deformation,B137,S355,Team A
2025-05-17,Morning,PRESS_60T,Pressing,Housing,531,523,508,15,45.923,43.2,450,13,36,Tool change,Press deformation,B137,S355,Team A
2025-05-17,Morning,WELD_01,Spot Welding,Housing,294,241,226,15,101.707,78.0,450,34,6,Material shortage,Welding defect,B137,S355,Team A
2025-05-17,Morning,WELD_10HEAD,Spot Welding,Housing,425,378,358,20,65.242,54.0,450,15,23,Tool change,Welding defect,B137,S355,Team A
2025-05-17,Morning,LATHE_01,Machining,Housing,562,485,478,7,45.742,40.8,450,33,47,Tool change,Dimensional defect,B137,S355,Team A
2025-05-17,Morning,INSPECT_01,Inspection,Housing,956,889,876,13,26.579,24.0,450,15,41,Tool change,Surface defect,B137,S355,Team A
2025-05-17,Morning,PACK_01,Packaging,Housing,765,720,709,11,33.483,30.0,450,30,18,Operator waiting,Scratch,B137,S355,Team A
2025-05-17,Afternoon,PRESS_600T,Pressing,Bracket,819,742,732,10,30.067,28.0,450,18,60,Operator waiting,Other,B137,S235,Team B
2025-05-17,Afternoon,PRESS_60T,Pressing,Bracket,637,609,597,12,39.288,36.0,450,20,31,Material shortage,Press deformation,B137,S235,Team B
2025-05-17,Afternoon,WELD_01,Spot Welding,Bracket,353,274,256,18,80.744,65.0,450,32,48,Tool change,Welding defect,B137,S235,Team B
2025-05-17,Afternoon,WELD_10HEAD,Spot Welding,Bracket,510,440,419,21,52.321,45.0,450,11,55,Quality issue,Welding defect,B137,S235,Team B
2025-05-17,Afternoon,LATHE_01,Machining,Bracket,675,695,685,10,35.006,34.0,450,15,29,Tool change,Other,B137,S235,Team B
2025-05-17,Afternoon,INSPECT_01,Inspection,Bracket,1147,1036,1004,32,22.761,20.0,450,20,37,Maintenance,Surface defect,B137,S235,Team B
2025-05-17,Afternoon,PACK_01,Packaging,Bracket,918,832,821,11,27.321,25.0,450,24,47,Machine failure,Scratch,B137,S235,Team B
2025-05-17,Night,PRESS_600T,Pressing,Housing,683,640,622,18,36.556,33.6,450,30,30,Machine failure,Press deformation,B137,S355,Team C
2025-05-17,Night,PRESS_60T,Pressing,Housing,531,478,463,15,51.298,43.2,450,22,19,Material shortage,Press deformation,B137,S355,Team C
2025-05-17,Night,WELD_01,Spot Welding,Housing,294,235,220,15,102.309,78.0,450,32,16,Maintenance,Welding defect,B137,S355,Team C
2025-05-17,Night,WELD_10HEAD,Spot Welding,Housing,425,384,366,18,67.573,54.0,450,12,5,Quality issue,Welding defect,B137,S355,Team C
2025-05-17,Night,LATHE_01,Machining,Housing,562,514,504,10,47.714,40.8,450,32,9,Operator waiting,Dimensional defect,B137,S355,Team C
2025-05-17,Night,INSPECT_01,Inspection,Housing,956,802,785,17,29.679,24.0,450,33,20,Material shortage,Surface defect,B137,S355,Team C
2025-05-17,Night,PACK_01,Packaging,Housing,765,680,663,17,36.342,30.0,450,19,19,Operator waiting,Scratch,B137,S355,Team C
2025-05-18,Morning,PRESS_600T,Pressing,Bracket,819,724,702,22,31.539,28.0,450,24,45,Material shortage,Press deformation,B138,S235,Team A
2025-05-18,Morning,PRESS_60T,Pressing,Bracket,637,642,631,11,37.172,36.0,450,27,25,Material shortage,Press deformation,B138,S235,Team A
2025-05-18,Morning,WELD_01,Spot Welding,Bracket,353,329,318,11,76.609,65.0,450,18,11,Operator waiting,Other,B138,S235,Team A
2025-05-18,Morning,WELD_10HEAD,Spot Welding,Bracket,510,440,425,15,58.215,45.0,450,14,9,Machine failure,Other,B138,S235,Team A
2025-05-18,Morning,LATHE_01,Machining,Bracket,675,643,628,15,35.816,34.0,450,28,38,Maintenance,Dimensional defect,B138,S235,Team A
2025-05-18,Morning,INSPECT_01,Inspection,Bracket,1147,1062,1046,16,22.196,20.0,450,11,46,Machine failure,Surface defect,B138,S235,Team A
2025-05-18,Morning,PACK_01,Packaging,Bracket,918,892,879,13,26.676,25.0,450,14,39,Quality issue,Other,B138,S235,Team A
2025-05-18,Afternoon,PRESS_600T,Pressing,Housing,683,637,624,13,35.759,33.6,450,26,44,Material shortage,Press deformation,B138,S355,Team B
2025-05-18,Afternoon,PRESS_60T,Pressing,Housing,531,525,514,11,47.714,43.2,450,15,17,Tool change,Other,B138,S355,Team B
2025-05-18,Afternoon,WELD_01,Spot Welding,Housing,294,243,231,12,99.253,78.0,450,10,38,Material shortage,Welding defect,B138,S355,Team B
2025-05-18,Afternoon,WELD_10HEAD,Spot Welding,Housing,425,347,326,21,67.484,54.0,450,22,37,Machine failure,Welding defect,B138,S355,Team B
2025-05-18,Afternoon,LATHE_01,Machining,Housing,562,563,550,13,42.937,40.8,450,23,24,Machine failure,Dimensional defect,B138,S355,Team B
2025-05-18,Afternoon,INSPECT_01,Inspection,Housing,956,929,921,8,24.8,24.0,450,30,36,Machine failure,Surface defect,B138,S355,Team B
2025-05-18,Afternoon,PACK_01,Packaging,Housing,765,764,758,6,30.864,30.0,450,11,46,Machine failure,Scratch,B138,S355,Team B
2025-05-18,Night,PRESS_600T,Pressing,Bracket,819,681,666,15,33.614,28.0,450,25,43,Machine failure,Press deformation,B138,S235,Team C
2025-05-18,Night,PRESS_60T,Pressing,Bracket,637,493,477,16,45.267,36.0,450,33,45,Material shortage,Press deformation,B138,S235,Team C
2025-05-18,Night,WELD_01,Spot Welding,Bracket,353,266,251,15,83.826,65.0,450,28,50,Material shortage,Other,B138,S235,Team C
2025-05-18,Night,WELD_10HEAD,Spot Welding,Bracket,510,431,406,25,58.721,45.0,450,14,14,Machine failure,Welding defect,B138,S235,Team C
2025-05-18,Night,LATHE_01,Machining,Bracket,675,608,593,15,39.518,34.0,450,33,16,Material shortage,Dimensional defect,B138,S235,Team C
2025-05-18,Night,INSPECT_01,Inspection,Bracket,1147,936,908,28,24.921,20.0,450,12,49,Operator waiting,Surface defect,B138,S235,Team C
2025-05-18,Night,PACK_01,Packaging,Bracket,918,846,825,21,29.346,25.0,450,28,8,Machine failure,Other,B138,S235,Team C
2025-05-19,Morning,PRESS_600T,Pressing,Housing,683,659,641,18,37.414,33.6,450,13,26,Machine failure,Other,B139,S355,Team A
2025-05-19,Morning,PRESS_60T,Pressing,Housing,531,490,486,4,49.043,43.2,450,14,35,Material shortage,Press deformation,B139,S355,Team A
2025-05-19,Morning,WELD_01,Spot Welding,Housing,294,240,228,12,95.763,78.0,450,25,41,Material shortage,Welding defect,B139,S355,Team A
2025-05-19,Morning,WELD_10HEAD,Spot Welding,Housing,425,349,324,25,66.951,54.0,450,12,48,Material shortage,Welding defect,B139,S355,Team A
2025-05-19,Morning,LATHE_01,Machining,Housing,562,472,467,5,47.109,40.8,450,32,47,Tool change,Other,B139,S355,Team A
2025-05-19,Morning,INSPECT_01,Inspection,Housing,956,816,808,8,27.628,24.0,450,26,48,Material shortage,Other,B139,S355,Team A
2025-05-19,Morning,PACK_01,Packaging,Housing,765,746,731,15,30.948,30.0,450,26,39,Tool change,Scratch,B139,S355,Team A
2025-05-19,Afternoon,PRESS_600T,Pressing,Bracket,819,737,725,12,31.178,28.0,450,26,41,Maintenance,Press deformation,B139,S235,Team B
2025-05-19,Afternoon,PRESS_60T,Pressing,Bracket,637,614,604,10,38.572,36.0,450,16,39,Material shortage,Other,B139,S235,Team B
2025-05-19,Afternoon,WELD_01,Spot Welding,Bracket,353,332,315,17,74.149,65.0,450,21,18,Tool change,Other,B139,S235,Team B
2025-05-19,Afternoon,WELD_10HEAD,Spot Welding,Bracket,510,412,398,14,54.843,45.0,450,28,45,Material shortage,Welding defect,B139,S235,Team B
2025-05-19,Afternoon,LATHE_01,Machining,Bracket,675,615,610,5,37.065,34.0,450,20,50,Tool change,Other,B139,S235,Team B
2025-05-19,Afternoon,INSPECT_01,Inspection,Bracket,1147,1019,1002,17,22.709,20.0,450,19,45,Material shortage,Surface defect,B139,S235,Team B
2025-05-19,Afternoon,PACK_01,Packaging,Bracket,918,879,856,23,27.217,25.0,450,35,16,Tool change,Other,B139,S235,Team B
2025-05-19,Night,PRESS_600T,Pressing,Support,910,780,761,19,26.893,25.2,450,33,67,Tool change,Press deformation,B139,S275,Team C
2025-05-19,Night,PRESS_60T,Pressing,Support,708,583,564,19,39.403,32.4,450,34,33,Machine failure,Press deformation,B139,S275,Team C
2025-05-19,Night,WELD_01,Spot Welding,Support,392,343,314,29,73.245,58.5,450,10,21,Tool change,Welding defect,B139,S275,Team C
2025-05-19,Night,WELD_10HEAD,Spot Welding,Support,566,504,480,24,51.539,40.5,450,12,5,Material shortage,Welding defect,B139,S275,Team C
2025-05-19,Night,LATHE_01,Machining,Support,749,685,671,14,34.678,30.6,450,26,28,Quality issue,Dimensional defect,B139,S275,Team C
2025-05-19,Night,INSPECT_01,Inspection,Support,1275,1196,1171,25,20.852,18.0,450,29,5,Material shortage,Surface defect,B139,S275,Team C
2025-05-19,Night,PACK_01,Packaging,Support,1020,901,881,20,24.299,22.5,450,32,53,Operator waiting,Scratch,B139,S275,Team C
2025-05-20,Morning,PRESS_600T,Pressing,Bracket,819,797,786,11,29.722,28.0,450,28,27,Tool change,Other,B140,S235,Team A
2025-05-20,Morning,PRESS_60T,Pressing,Bracket,637,580,565,15,39.193,36.0,450,23,48,Operator waiting,Press deformation,B140,S235,Team A
2025-05-20,Morning,WELD_01,Spot Welding,Bracket,353,293,272,21,75.143,65.0,450,28,55,Machine failure,Welding defect,B140,S235,Team A
2025-05-20,Morning,WELD_10HEAD,Spot Welding,Bracket,510,484,461,23,51.741,45.0,450,24,8,Material shortage,Other,B140,S235,Team A
2025-05-20,Morning,LATHE_01,Machining,Bracket,675,665,650,15,38.684,34.0,450,16,5,Maintenance,Other,B140,S235,Team A
2025-05-20,Morning,INSPECT_01,Inspection,Bracket,1147,1175,1144,31,22.0,20.0,450,10,9,Tool change,Surface defect,B140,S235,Team A
2025-05-20,Morning,PACK_01,Packaging,Bracket,918,854,833,21,26.462,25.0,450,28,45,Material shortage,Scratch,B140,S235,Team A
2025-05-20,Afternoon,PRESS_600T,Pressing,Support,910,796,781,15,27.125,25.2,450,24,66,Quality issue,Press deformation,B140,S275,Team B
2025-05-20,Afternoon,PRESS_60T,Pressing,Support,708,663,653,10,35.434,32.4,450,25,33,Tool change,Press deformation,B140,S275,Team B
2025-05-20,Afternoon,WELD_01,Spot Welding,Support,392,333,316,17,71.702,58.5,450,30,22,Machine failure,Welding defect,B140,S275,Team B
2025-05-20,Afternoon,WELD_10HEAD,Spot Welding,Support,566,528,490,38,48.959,40.5,450,11,8,Tool change,Welding defect,B140,S275,Team B
2025-05-20,Afternoon,LATHE_01,Machining,Support,749,671,654,17,33.961,30.6,450,17,53,Material shortage,Dimensional defect,B140,S275,Team B
2025-05-20,Afternoon,INSPECT_01,Inspection,Support,1275,1183,1154,29,18.965,18.0,450,22,54,Tool change,Other,B140,S275,Team B
2025-05-20,Afternoon,PACK_01,Packaging,Support,1020,852,845,7,25.405,22.5,450,34,55,Material shortage,Scratch,B140,S275,Team B
2025-05-20,Night,PRESS_600T,Pressing,Support,910,864,840,24,27.636,25.2,450,22,30,Tool change,Press deformation,B140,S275,Team C
2025-05-20,Night,PRESS_60T,Pressing,Support,708,718,702,16,35.904,32.4,450,13,7,Material shortage,Press deformation,B140,S275,Team C
2025-05-20,Night,WELD_01,Spot Welding,Support,392,303,289,14,75.802,58.5,450,33,34,Material shortage,Welding defect,B140,S275,Team C
2025-05-20,Night,WELD_10HEAD,Spot Welding,Support,566,457,426,31,54.952,40.5,450,23,8,Machine failure,Welding defect,B140,S275,Team C
2025-05-20,Night,LATHE_01,Machining,Support,749,588,575,13,38.208,30.6,450,25,50,Machine failure,Other,B140,S275,Team C
2025-05-20,Night,INSPECT_01,Inspection,Support,1275,1191,1172,19,20.902,18.0,450,10,25,Material shortage,Surface defect,B140,S275,Team C
2025-05-20,Night,PACK_01,Packaging,Support,1020,833,815,18,28.651,22.5,450,30,22,Machine failure,Scratch,B140,S275,Team C
2025-05-21,Morning,PRESS_600T,Pressing,Support,910,757,745,12,28.98,25.2,450,10,74,Tool change,Press deformation,B141,S275,Team A
2025-05-21,Morning,PRESS_60T,Pressing,Support,708,655,640,15,37.272,32.4,450,21,22,Machine failure,Other,B141,S275,Team A
2025-05-21,Morning,WELD_01,Spot Welding,Support,392,352,329,23,72.538,58.5,450,15,9,Material shortage,Welding defect,B141,S275,Team A
2025-05-21,Morning,WELD_10HEAD,Spot Welding,Support,566,508,485,23,47.473,40.5,450,25,23,Machine failure,Welding defect,B141,S275,Team A
2025-05-21,Morning,LATHE_01,Machining,Support,749,693,682,11,34.762,30.6,450,32,16,Material shortage,Dimensional defect,B141,S275,Team A
2025-05-21,Morning,INSPECT_01,Inspection,Support,1275,1317,1290,27,19.355,18.0,450,20,5,Maintenance,Surface defect,B141,S275,Team A
2025-05-21,Morning,PACK_01,Packaging,Support,1020,965,954,11,25.114,22.5,450,33,13,Tool change,Scratch,B141,S275,Team A
2025-05-21,Afternoon,PRESS_600T,Pressing,Bracket,819,770,748,22,30.458,28.0,450,25,34,Material shortage,Press deformation,B141,S235,Team B
2025-05-21,Afternoon,PRESS_60T,Pressing,Bracket,637,651,647,4,38.97,36.0,450,14,13,Tool change,Press deformation,B141,S235,Team B
2025-05-21,Afternoon,WELD_01,Spot Welding,Bracket,353,341,326,15,74.741,65.0,450,10,14,Material shortage,Welding defect,B141,S235,Team B
2025-05-21,Afternoon,WELD_10HEAD,Spot Welding,Bracket,510,467,442,25,50.61,45.0,450,22,34,Material shortage,Welding defect,B141,S235,Team B
2025-05-21,Afternoon,LATHE_01,Machining,Bracket,675,642,634,8,37.09,34.0,450,31,22,Material shortage,Dimensional defect,B141,S235,Team B
2025-05-21,Afternoon,INSPECT_01,Inspection,Bracket,1147,1041,1017,24,21.556,20.0,450,30,46,Material shortage,Surface defect,B141,S235,Team B
2025-05-21,Afternoon,PACK_01,Packaging,Bracket,918,925,894,31,25.54,25.0,450,20,36,Machine failure,Scratch,B141,S235,Team B
2025-05-21,Night,PRESS_600T,Pressing,Housing,683,586,575,11,37.776,33.6,450,30,51,Material shortage,Press deformation,B141,S355,Team C
2025-05-21,Night,PRESS_60T,Pressing,Housing,531,481,470,11,48.632,43.2,450,33,27,Tool change,Press deformation,B141,S355,Team C
2025-05-21,Night,WELD_01,Spot Welding,Housing,294,238,220,18,102.355,78.0,450,26,17,Material shortage,Welding defect,B141,S355,Team C
2025-05-21,Night,WELD_10HEAD,Spot Welding,Housing,425,331,307,24,67.092,54.0,450,32,47,Material shortage,Other,B141,S355,Team C
2025-05-21,Night,LATHE_01,Machining,Housing,562,543,532,11,47.4,40.8,450,15,6,Maintenance,Dimensional defect,B141,S355,Team C
2025-05-21,Night,INSPECT_01,Inspection,Housing,956,822,800,22,28.668,24.0,450,35,22,Material shortage,Surface defect,B141,S355,Team C
2025-05-21,Night,PACK_01,Packaging,Housing,765,712,697,15,35.124,30.0,450,17,16,Material shortage,Scratch,B141,S355,Team C
2025-05-22,Morning,PRESS_600T,Pressing,Bracket,819,712,703,9,30.822,28.0,450,32,52,Machine failure,Press deformation,B142,S235,Team A
2025-05-22,Morning,PRESS_60T,Pressing,Bracket,637,604,590,14,39.084,36.0,450,10,46,Material shortage,Press deformation,B142,S235,Team A
2025-05-22,Morning,WELD_01,Spot Welding,Bracket,353,267,253,14,84.349,65.0,450,31,43,Operator waiting,Other,B142,S235,Team A
2025-05-22,Morning,WELD_10HEAD,Spot Welding,Bracket,510,421,403,18,51.808,45.0,450,31,55,Maintenance,Welding defect,B142,S235,Team A
2025-05-22,Morning,LATHE_01,Machining,Bracket,675,629,619,10,37.448,34.0,450,33,24,Tool change,Other,B142,S235,Team A
2025-05-22,Morning,INSPECT_01,Inspection,Bracket,1147,1108,1090,18,22.076,20.0,450,20,22,Machine failure,Other,B142,S235,Team A
2025-05-22,Morning,PACK_01,Packaging,Bracket,918,910,895,15,25.695,25.0,450,28,32,Material shortage,Scratch,B142,S235,Team A
2025-05-22,Afternoon,PRESS_600T,Pressing,Bracket,819,724,717,7,29.628,28.0,450,22,70,Material shortage,Press deformation,B142,S235,Team B
2025-05-22,Afternoon,PRESS_60T,Pressing,Bracket,637,639,626,13,37.319,36.0,450,10,42,Quality issue,Press deformation,B142,S235,Team B
2025-05-22,Afternoon,WELD_01,Spot Welding,Bracket,353,318,301,17,77.506,65.0,450,11,28,Tool change,Welding defect,B142,S235,Team B
2025-05-22,Afternoon,WELD_10HEAD,Spot Welding,Bracket,510,468,445,23,53.073,45.0,450,13,23,Machine failure,Welding defect,B142,S235,Team B
2025-05-22,Afternoon,LATHE_01,Machining,Bracket,675,699,688,11,34.756,34.0,450,27,18,Tool change,Dimensional defect,B142,S235,Team B
2025-05-22,Afternoon,INSPECT_01,Inspection,Bracket,1147,1014,994,20,22.352,20.0,450,35,37,Maintenance,Surface defect,B142,S235,Team B
2025-05-22,Afternoon,PACK_01,Packaging,Bracket,918,806,783,23,28.273,25.0,450,16,54,Tool change,Scratch,B142,S235,Team B
2025-05-22,Night,PRESS_600T,Pressing,Bracket,819,667,646,21,33.702,28.0,450,15,60,Quality issue,Press deformation,B142,S235,Team C
2025-05-22,Night,PRESS_60T,Pressing,Bracket,637,566,550,16,39.933,36.0,450,25,48,Tool change,Press deformation,B142,S235,Team C
2025-05-22,Night,WELD_01,Spot Welding,Bracket,353,237,226,11,90.97,65.0,450,35,55,Material shortage,Welding defect,B142,S235,Team C
2025-05-22,Night,WELD_10HEAD,Spot Welding,Bracket,510,427,401,26,54.418,45.0,450,18,44,Quality issue,Welding defect,B142,S235,Team C
2025-05-22,Night,LATHE_01,Machining,Bracket,675,568,555,13,40.971,34.0,450,14,48,Machine failure,Other,B142,S235,Team C
2025-05-22,Night,INSPECT_01,Inspection,Bracket,1147,1080,1050,30,23.101,20.0,450,18,16,Material shortage,Surface defect,B142,S235,Team C
2025-05-22,Night,PACK_01,Packaging,Bracket,918,773,745,28,31.119,25.0,450,19,30,Material shortage,Scratch,B142,S235,Team C
2025-05-23,Morning,PRESS_600T,Pressing,Bracket,819,678,657,21,30.138,28.0,450,34,75,Machine failure,Press deformation,B143,S235,Team A
2025-05-23,Morning,PRESS_60T,Pressing,Bracket,637,551,541,10,40.454,36.0,450,23,55,Material shortage,Press deformation,B143,S235,Team A
2025-05-23,Morning,WELD_01,Spot Welding,Bracket,353,312,304,8,77.856,65.0,450,25,20,Maintenance,Welding defect,B143,S235,Team A
2025-05-23,Morning,WELD_10HEAD,Spot Welding,Bracket,510,412,383,29,57.232,45.0,450,26,31,Material shortage,Welding defect,B143,S235,Team A
2025-05-23,Morning,LATHE_01,Machining,Bracket,675,628,608,20,39.052,34.0,450,34,7,Machine failure,Dimensional defect,B143,S235,Team A
2025-05-23,Morning,INSPECT_01,Inspection,Bracket,1147,1041,1024,17,21.37,20.0,450,33,46,Material shortage,Surface defect,B143,S235,Team A
2025-05-23,Morning,PACK_01,Packaging,Bracket,918,879,867,12,28.118,25.0,450,10,28,Maintenance,Scratch,B143,S235,Team A
2025-05-23,Afternoon,PRESS_600T,Pressing,Housing,683,540,533,7,38.762,33.6,450,31,70,Machine failure,Press deformation,B143,S355,Team B
2025-05-23,Afternoon,PRESS_60T,Pressing,Housing,531,477,465,12,48.372,43.2,450,29,36,Maintenance,Press deformation,B143,S355,Team B
2025-05-23,Afternoon,WELD_01,Spot Welding,Housing,294,289,272,17,87.694,78.0,450,17,10,Tool change,Welding defect,B143,S355,Team B
2025-05-23,Afternoon,WELD_10HEAD,Spot Welding,Housing,425,379,363,16,66.605,54.0,450,11,18,Tool change,Welding defect,B143,S355,Team B
2025-05-23,Afternoon,LATHE_01,Machining,Housing,562,508,501,7,46.924,40.8,450,21,31,Material shortage,Dimensional defect,B143,S355,Team B
2025-05-23,Afternoon,INSPECT_01,Inspection,Housing,956,979,947,32,24.814,24.0,450,24,21,Machine failure,Surface defect,B143,S355,Team B
2025-05-23,Afternoon,PACK_01,Packaging,Housing,765,802,791,11,30.798,30.0,450,32,6,Tool change,Scratch,B143,S355,Team B
2025-05-23,Night,PRESS_600T,Pressing,Housing,683,574,560,14,39.035,33.6,450,10,66,Machine failure,Press deformation,B143,S355,Team C
2025-05-23,Night,PRESS_60T,Pressing,Housing,531,513,499,14,50.795,43.2,450,10,5,Machine failure,Press deformation,B143,S355,Team C
2025-05-23,Night,WELD_01,Spot Welding,Housing,294,232,223,9,107.771,78.0,450,17,16,Machine failure,Welding defect,B143,S355,Team C
2025-05-23,Night,WELD_10HEAD,Spot Welding,Housing,425,359,330,29,71.591,54.0,450,10,11,Quality issue,Other,B143,S355,Team C
2025-05-23,Night,LATHE_01,Machining,Housing,562,511,500,11,45.239,40.8,450,24,40,Material shortage,Dimensional defect,B143,S355,Team C
2025-05-23,Night,INSPECT_01,Inspection,Housing,956,771,757,14,29.401,24.0,450,35,37,Material shortage,Surface defect,B143,S355,Team C
2025-05-23,Night,PACK_01,Packaging,Housing,765,677,660,17,33.392,30.0,450,31,42,Machine failure,Other,B143,S355,Team C
2025-05-24,Morning,PRESS_600T,Pressing,Housing,683,630,626,4,38.566,33.6,450,20,25,Operator waiting,Press deformation,B144,S355,Team A
2025-05-24,Morning,PRESS_60T,Pressing,Housing,531,473,463,10,48.455,43.2,450,31,37,Tool change,Press deformation,B144,S355,Team A
2025-05-24,Morning,WELD_01,Spot Welding,Housing,294,216,203,13,100.74,78.0,450,34,52,Material shortage,Welding defect,B144,S355,Team A
2025-05-24,Morning,WELD_10HEAD,Spot Welding,Housing,425,338,317,21,67.473,54.0,450,20,49,Tool change,Other,B144,S355,Team A
2025-05-24,Morning,LATHE_01,Machining,Housing,562,524,517,7,42.921,40.8,450,29,46,Tool change,Other,B144,S355,Team A
2025-05-24,Morning,INSPECT_01,Inspection,Housing,956,1033,1020,13,25.252,24.0,450,10,5,Material shortage,Other,B144,S355,Team A
2025-05-24,Morning,PACK_01,Packaging,Housing,765,664,659,5,33.162,30.0,450,29,54,Quality issue,Scratch,B144,S355,Team A
2025-05-24,Afternoon,PRESS_600T,Pressing,Housing,683,564,548,16,37.225,33.6,450,33,67,Material shortage,Press deformation,B144,S355,Team B
2025-05-24,Afternoon,PRESS_60T,Pressing,Housing,531,497,484,13,46.991,43.2,450,32,28,Material shortage,Press deformation,B144,S355,Team B
2025-05-24,Afternoon,WELD_01,Spot Welding,Housing,294,234,220,14,100.658,78.0,450,21,35,Tool change,Other,B144,S355,Team B
2025-05-24,Afternoon,WELD_10HEAD,Spot Welding,Housing,425,365,349,16,65.421,54.0,450,10,42,Machine failure,Welding defect,B144,S355,Team B
2025-05-24,Afternoon,LATHE_01,Machining,Housing,562,540,530,10,44.206,40.8,450,27,25,Machine failure,Dimensional defect,B144,S355,Team B
2025-05-24,Afternoon,INSPECT_01,Inspection,Housing,956,970,944,26,25.908,24.0,450,22,9,Maintenance,Surface defect,B144,S355,Team B
2025-05-24,Afternoon,PACK_01,Packaging,Housing,765,711,699,12,34.168,30.0,450,32,13,Material shortage,Other,B144,S355,Team B
2025-05-24,Night,PRESS_600T,Pressing,Housing,683,577,565,12,37.287,33.6,450,26,65,Material shortage,Press deformation,B144,S355,Team C
2025-05-24,Night,PRESS_60T,Pressing,Housing,531,462,445,17,51.406,43.2,450,34,20,Operator waiting,Other,B144,S355,Team C
2025-05-24,Night,WELD_01,Spot Welding,Housing,294,250,236,14,97.917,78.0,450,11,30,Operator waiting,Welding defect,B144,S355,Team C
2025-05-24,Night,WELD_10HEAD,Spot Welding,Housing,425,340,315,25,68.197,54.0,450,12,51,Material shortage,Welding defect,B144,S355,Team C
2025-05-24,Night,LATHE_01,Machining,Housing,562,575,565,10,43.8,40.8,450,14,16,Material shortage,Dimensional defect,B144,S355,Team C
2025-05-24,Night,INSPECT_01,Inspection,Housing,956,894,853,41,26.576,24.0,450,21,33,Maintenance,Surface defect,B144,S355,Team C
2025-05-24,Night,PACK_01,Packaging,Housing,765,675,656,19,33.999,30.0,450,25,42,Operator waiting,Scratch,B144,S355,Team C
2025-05-25,Morning,PRESS_600T,Pressing,Bracket,819,770,762,8,31.756,28.0,450,17,25,Tool change,Other,B145,S235,Team A
2025-05-25,Morning,PRESS_60T,Pressing,Bracket,637,594,584,10,41.592,36.0,450,12,26,Machine failure,Press deformation,B145,S235,Team A
2025-05-25,Morning,WELD_01,Spot Welding,Bracket,353,321,301,20,73.772,65.0,450,16,39,Material shortage,Welding defect,B145,S235,Team A
2025-05-25,Morning,WELD_10HEAD,Spot Welding,Bracket,510,465,445,20,54.671,45.0,450,21,5,Operator waiting,Other,B145,S235,Team A
2025-05-25,Morning,LATHE_01,Machining,Bracket,675,618,604,14,38.824,34.0,450,16,34,Tool change,Other,B145,S235,Team A
2025-05-25,Morning,INSPECT_01,Inspection,Bracket,1147,1025,1012,13,22.649,20.0,450,18,45,Operator waiting,Surface defect,B145,S235,Team A
2025-05-25,Morning,PACK_01,Packaging,Bracket,918,861,845,16,28.425,25.0,450,21,21,Operator waiting,Scratch,B145,S235,Team A
2025-05-25,Afternoon,PRESS_600T,Pressing,Bracket,819,683,667,16,32.408,28.0,450,27,54,Material shortage,Press deformation,B145,S235,Team B
2025-05-25,Afternoon,PRESS_60T,Pressing,Bracket,637,602,594,8,40.011,36.0,450,33,15,Machine failure,Other,B145,S235,Team B
2025-05-25,Afternoon,WELD_01,Spot Welding,Bracket,353,317,306,11,76.06,65.0,450,30,17,Operator waiting,Welding defect,B145,S235,Team B
2025-05-25,Afternoon,WELD_10HEAD,Spot Welding,Bracket,510,411,393,18,59.091,45.0,450,31,14,Maintenance,Welding defect,B145,S235,Team B
2025-05-25,Afternoon,LATHE_01,Machining,Bracket,675,667,653,14,38.049,34.0,450,13,14,Tool change,Other,B145,S235,Team B
2025-05-25,Afternoon,INSPECT_01,Inspection,Bracket,1147,1078,1047,31,22.43,20.0,450,14,33,Maintenance,Surface defect,B145,S235,Team B
2025-05-25,Afternoon,PACK_01,Packaging,Bracket,918,937,925,12,27.511,25.0,450,13,7,Maintenance,Scratch,B145,S235,Team B
2025-05-25,Night,PRESS_600T,Pressing,Bracket,819,663,652,11,33.186,28.0,450,14,69,Material shortage,Press deformation,B145,S235,Team C
2025-05-25,Night,PRESS_60T,Pressing,Bracket,637,615,609,6,39.19,36.0,450,32,16,Quality issue,Other,B145,S235,Team C
2025-05-25,Night,WELD_01,Spot Welding,Bracket,353,291,276,15,80.947,65.0,450,25,32,Tool change,Welding defect,B145,S235,Team C
2025-05-25,Night,WELD_10HEAD,Spot Welding,Bracket,510,445,404,41,58.014,45.0,450,10,9,Maintenance,Other,B145,S235,Team C
2025-05-25,Night,LATHE_01,Machining,Bracket,675,597,579,18,39.943,34.0,450,35,17,Tool change,Dimensional defect,B145,S235,Team C
2025-05-25,Night,INSPECT_01,Inspection,Bracket,1147,1119,1098,21,22.411,20.0,450,25,7,Material shortage,Surface defect,B145,S235,Team C
2025-05-25,Night,PACK_01,Packaging,Bracket,918,891,862,29,28.457,25.0,450,15,12,Machine failure,Scratch,B145,S235,Team C
2025-05-26,Morning,PRESS_600T,Pressing,Bracket,819,684,675,9,31.908,28.0,450,33,53,Material shortage,Press deformation,B146,S235,Team A
2025-05-26,Morning,PRESS_60T,Pressing,Bracket,637,565,550,15,41.679,36.0,450,31,26,Tool change,Press deformation,B146,S235,Team A
2025-05-26,Morning,WELD_01,Spot Welding,Bracket,353,261,251,10,84.834,65.0,450,27,53,Tool change,Other,B146,S235,Team A
2025-05-26,Morning,WELD_10HEAD,Spot Welding,Bracket,510,461,441,20,53.442,45.0,450,10,29,Quality issue,Welding defect,B146,S235,Team A
2025-05-26,Morning,LATHE_01,Machining,Bracket,675,658,643,15,38.062,34.0,450,15,17,Quality issue,Dimensional defect,B146,S235,Team A
2025-05-26,Morning,INSPECT_01,Inspection,Bracket,1147,1235,1202,33,20.542,20.0,450,22,5,Machine failure,Surface defect,B146,S235,Team A
2025-05-26,Morning,PACK_01,Packaging,Bracket,918,775,765,10,28.923,25.0,450,34,42,Maintenance,Other,B146,S235,Team A
2025-05-26,Afternoon,PRESS_600T,Pressing,Housing,683,641,630,11,36.018,33.6,450,28,37,Machine failure,Press deformation,B146,S355,Team B
2025-05-26,Afternoon,PRESS_60T,Pressing,Housing,531,550,535,15,44.281,43.2,450,32,12,Machine failure,Press deformation,B146,S355,Team B
2025-05-26,Afternoon,WELD_01,Spot Welding,Housing,294,244,232,12,93.801,78.0,450,14,53,Quality issue,Welding defect,B146,S355,Team B
2025-05-26,Afternoon,WELD_10HEAD,Spot Welding,Housing,425,354,339,15,68.099,54.0,450,10,38,Tool change,Welding defect,B146,S355,Team B
2025-05-26,Afternoon,LATHE_01,Machining,Housing,562,516,510,6,44.363,40.8,450,27,41,Machine failure,Other,B146,S355,Team B
2025-05-26,Afternoon,INSPECT_01,Inspection,Housing,956,857,851,6,26.937,24.0,450,33,32,Machine failure,Other,B146,S355,Team B
2025-05-26,Afternoon,PACK_01,Packaging,Housing,765,673,664,9,33.652,30.0,450,17,55,Material shortage,Scratch,B146,S355,Team B
2025-05-26,Night,PRESS_600T,Pressing,Bracket,819,729,714,15,32.734,28.0,450,13,39,Machine failure,Press deformation,B146,S235,Team C
2025-05-26,Night,PRESS_60T,Pressing,Bracket,637,611,595,16,40.15,36.0,450,12,29,Operator waiting,Press deformation,B146,S235,Team C
2025-05-26,Night,WELD_01,Spot Welding,Bracket,353,279,271,8,86.294,65.0,450,18,30,Tool change,Welding defect,B146,S235,Team C
2025-05-26,Night,WELD_10HEAD,Spot Welding,Bracket,510,397,377,20,60.937,45.0,450,32,14,Material shortage,Welding defect,B146,S235,Team C
2025-05-26,Night,LATHE_01,Machining,Bracket,675,576,571,5,40.347,34.0,450,16,46,Material shortage,Dimensional defect,B146,S235,Team C
2025-05-26,Night,INSPECT_01,Inspection,Bracket,1147,1076,1039,37,23.51,20.0,450,17,11,Tool change,Surface defect,B146,S235,Team C
2025-05-26,Night,PACK_01,Packaging,Bracket,918,843,818,25,27.187,25.0,450,30,38,Tool change,Scratch,B146,S235,Team C
2025-05-27,Morning,PRESS_600T,Pressing,Housing,683,581,564,17,37.073,33.6,450,34,57,Machine failure,Press deformation,B147,S355,Team A
2025-05-27,Morning,PRESS_60T,Pressing,Housing,531,466,462,4,48.908,43.2,450,26,44,Tool change,Press deformation,B147,S355,Team A
2025-05-27,Morning,WELD_01,Spot Welding,Housing,294,259,244,15,93.161,78.0,450,19,28,Tool change,Welding defect,B147,S355,Team A
2025-05-27,Morning,WELD_10HEAD,Spot Welding,Housing,425,357,337,20,70.23,54.0,450,26,6,Tool change,Welding defect,B147,S355,Team A
2025-05-27,Morning,LATHE_01,Machining,Housing,562,573,560,13,44.76,40.8,450,15,7,Material shortage,Other,B147,S355,Team A
2025-05-27,Morning,INSPECT_01,Inspection,Housing,956,825,814,11,27.487,24.0,450,28,44,Maintenance,Surface defect,B147,S355,Team A
2025-05-27,Morning,PACK_01,Packaging,Housing,765,790,775,15,30.901,30.0,450,21,22,Tool change,Scratch,B147,S355,Team A
2025-05-27,Afternoon,PRESS_600T,Pressing,Bracket,819,763,757,6,29.713,28.0,450,32,40,Quality issue,Press deformation,B147,S235,Team B
2025-05-27,Afternoon,PRESS_60T,Pressing,Bracket,637,660,654,6,38.048,36.0,450,11,20,Machine failure,Other,B147,S235,Team B
2025-05-27,Afternoon,WELD_01,Spot Welding,Bracket,353,286,271,15,79.029,65.0,450,31,42,Operator waiting,Welding defect,B147,S235,Team B
2025-05-27,Afternoon,WELD_10HEAD,Spot Welding,Bracket,510,449,428,21,52.021,45.0,450,12,48,Material shortage,Welding defect,B147,S235,Team B
2025-05-27,Afternoon,LATHE_01,Machining,Bracket,675,642,628,14,37.537,34.0,450,16,32,Tool change,Dimensional defect,B147,S235,Team B
2025-05-27,Afternoon,INSPECT_01,Inspection,Bracket,1147,1108,1095,13,22.296,20.0,450,26,12,Machine failure,Other,B147,S235,Team B
2025-05-27,Afternoon,PACK_01,Packaging,Bracket,918,883,869,14,25.809,25.0,450,33,37,Machine failure,Scratch,B147,S235,Team B
2025-05-27,Night,PRESS_600T,Pressing,Housing,683,526,514,12,39.98,33.6,450,30,69,Machine failure,Press deformation,B147,S355,Team C
2025-05-27,Night,PRESS_60T,Pressing,Housing,531,503,487,16,47.999,43.2,450,34,13,Operator waiting,Press deformation,B147,S355,Team C
2025-05-27,Night,WELD_01,Spot Welding,Housing,294,204,191,13,108.586,78.0,450,35,44,Material shortage,Welding defect,B147,S355,Team C
2025-05-27,Night,WELD_10HEAD,Spot Welding,Housing,425,318,292,26,78.655,54.0,450,17,16,Machine failure,Other,B147,S355,Team C
2025-05-27,Night,LATHE_01,Machining,Housing,562,501,484,17,50.044,40.8,450,16,16,Machine failure,Other,B147,S355,Team C
2025-05-27,Night,INSPECT_01,Inspection,Housing,956,838,808,30,27.698,24.0,450,26,37,Machine failure,Surface defect,B147,S355,Team C
2025-05-27,Night,PACK_01,Packaging,Housing,765,653,634,19,38.374,30.0,450,14,18,Quality issue,Scratch,B147,S355,Team C
2025-05-28,Morning,PRESS_600T,Pressing,Housing,683,594,584,10,36.938,33.6,450,13,71,Maintenance,Press deformation,B148,S355,Team A
2025-05-28,Morning,PRESS_60T,Pressing,Housing,531,531,517,14,48.498,43.2,450,10,10,Tool change,Press deformation,B148,S355,Team A
2025-05-28,Morning,WELD_01,Spot Welding,Housing,294,267,255,12,92.095,78.0,450,29,10,Machine failure,Welding defect,B148,S355,Team A
2025-05-28,Morning,WELD_10HEAD,Spot Welding,Housing,425,353,340,13,67.474,54.0,450,32,20,Material shortage,Welding defect,B148,S355,Team A
2025-05-28,Morning,LATHE_01,Machining,Housing,562,498,485,13,44.313,40.8,450,35,47,Material shortage,Dimensional defect,B148,S355,Team A
2025-05-28,Morning,INSPECT_01,Inspection,Housing,956,982,969,13,25.455,24.0,450,25,8,Operator waiting,Surface defect,B148,S355,Team A
2025-05-28,Morning,PACK_01,Packaging,Housing,765,671,661,10,34.763,30.0,450,29,32,Operator waiting,Scratch,B148,S355,Team A
2025-05-28,Afternoon,PRESS_600T,Pressing,Bracket,819,740,727,13,29.503,28.0,450,11,75,Maintenance,Press deformation,B148,S235,Team B
2025-05-28,Afternoon,PRESS_60T,Pressing,Bracket,637,664,654,10,36.933,36.0,450,21,20,Quality issue,Other,B148,S235,Team B
2025-05-28,Afternoon,WELD_01,Spot Welding,Bracket,353,316,298,18,73.268,65.0,450,34,29,Material shortage,Welding defect,B148,S235,Team B
2025-05-28,Afternoon,WELD_10HEAD,Spot Welding,Bracket,510,376,362,14,59.36,45.0,450,25,53,Tool change,Welding defect,B148,S235,Team B
2025-05-28,Afternoon,LATHE_01,Machining,Bracket,675,587,581,6,36.756,34.0,450,35,55,Machine failure,Other,B148,S235,Team B
2025-05-28,Afternoon,INSPECT_01,Inspection,Bracket,1147,1131,1120,11,20.73,20.0,450,35,24,Material shortage,Surface defect,B148,S235,Team B
2025-05-28,Afternoon,PACK_01,Packaging,Bracket,918,859,835,24,26.674,25.0,450,27,41,Material shortage,Scratch,B148,S235,Team B
2025-05-28,Night,PRESS_600T,Pressing,Bracket,819,619,611,8,35.152,28.0,450,12,75,Tool change,Other,B148,S235,Team C
2025-05-28,Night,PRESS_60T,Pressing,Bracket,637,540,526,14,42.544,36.0,450,27,40,Material shortage,Press deformation,B148,S235,Team C
2025-05-28,Night,WELD_01,Spot Welding,Bracket,353,300,276,24,84.781,65.0,450,21,5,Quality issue,Welding defect,B148,S235,Team C
2025-05-28,Night,WELD_10HEAD,Spot Welding,Bracket,510,426,399,27,58.373,45.0,450,22,13,Machine failure,Welding defect,B148,S235,Team C
2025-05-28,Night,LATHE_01,Machining,Bracket,675,567,553,14,40.737,34.0,450,34,31,Maintenance,Dimensional defect,B148,S235,Team C
2025-05-28,Night,INSPECT_01,Inspection,Bracket,1147,1016,996,20,23.305,20.0,450,21,34,Tool change,Other,B148,S235,Team C
2025-05-28,Night,PACK_01,Packaging,Bracket,918,754,738,16,30.389,25.0,450,22,46,Maintenance,Other,B148,S235,Team C
2025-05-29,Morning,PRESS_600T,Pressing,Support,910,890,874,16,27.813,25.2,450,11,26,Material shortage,Press deformation,B149,S275,Team A
2025-05-29,Morning,PRESS_60T,Pressing,Support,708,719,704,15,35.047,32.4,450,16,14,Material shortage,Press deformation,B149,S275,Team A
2025-05-29,Morning,WELD_01,Spot Welding,Support,392,367,346,21,70.945,58.5,450,11,5,Material shortage,Other,B149,S275,Team A
2025-05-29,Morning,WELD_10HEAD,Spot Welding,Support,566,522,493,29,47.314,40.5,450,15,23,Machine failure,Welding defect,B149,S275,Team A
2025-05-29,Morning,LATHE_01,Machining,Support,749,714,707,7,34.181,30.6,450,32,11,Material shortage,Dimensional defect,B149,S275,Team A
2025-05-29,Morning,INSPECT_01,Inspection,Support,1275,1219,1200,19,20.18,18.0,450,14,26,Machine failure,Surface defect,B149,S275,Team A
2025-05-29,Morning,PACK_01,Packaging,Support,1020,979,962,17,25.72,22.5,450,17,13,Tool change,Scratch,B149,S275,Team A
2025-05-29,Afternoon,PRESS_600T,Pressing,Bracket,819,685,680,5,31.844,28.0,450,31,55,Material shortage,Press deformation,B149,S235,Team B
2025-05-29,Afternoon,PRESS_60T,Pressing,Bracket,637,558,549,9,40.856,36.0,450,33,37,Tool change,Other,B149,S235,Team B
2025-05-29,Afternoon,WELD_01,Spot Welding,Bracket,353,273,253,20,81.477,65.0,450,24,54,Tool change,Welding defect,B149,S235,Team B
2025-05-29,Afternoon,WELD_10HEAD,Spot Welding,Bracket,510,453,429,24,54.467,45.0,450,32,6,Material shortage,Welding defect,B149,S235,Team B
2025-05-29,Afternoon,LATHE_01,Machining,Bracket,675,711,695,16,35.757,34.0,450,19,7,Machine failure,Dimensional defect,B149,S235,Team B
2025-05-29,Afternoon,INSPECT_01,Inspection,Bracket,1147,1029,1016,13,21.045,20.0,450,34,55,Tool change,Surface defect,B149,S235,Team B
2025-05-29,Afternoon,PACK_01,Packaging,Bracket,918,817,798,19,27.881,25.0,450,33,37,Material shortage,Other,B149,S235,Team B
2025-05-29,Night,PRESS_600T,Pressing,Support,910,790,768,22,29.676,25.2,450,14,45,Tool change,Press deformation,B149,S275,Team C
2025-05-29,Night,PRESS_60T,Pressing,Support,708,633,623,10,38.665,32.4,450,20,22,Tool change,Other,B149,S275,Team C
2025-05-29,Night,WELD_01,Spot Welding,Support,392,306,288,18,82.4,58.5,450,11,18,Material shortage,Welding defect,B149,S275,Team C
2025-05-29,Night,WELD_10HEAD,Spot Welding,Support,566,414,392,22,55.311,40.5,450,18,50,Material shortage,Welding defect,B149,S275,Team C
2025-05-29,Night,LATHE_01,Machining,Support,749,758,739,19,33.626,30.6,450,10,15,Machine failure,Other,B149,S275,Team C
2025-05-29,Night,INSPECT_01,Inspection,Support,1275,1098,1075,23,22.673,18.0,450,19,16,Tool change,Surface defect,B149,S275,Team C
2025-05-29,Night,PACK_01,Packaging,Support,1020,859,838,21,27.795,22.5,450,27,25,Tool change,Scratch,B149,S275,Team C
2025-05-30,Morning,PRESS_600T,Pressing,Housing,683,641,632,9,37.026,33.6,450,27,27,Tool change,Press deformation,B150,S355,Team A
2025-05-30,Morning,PRESS_60T,Pressing,Housing,531,526,514,12,44.479,43.2,450,14,46,Material shortage,Press deformation,B150,S355,Team A
2025-05-30,Morning,WELD_01,Spot Welding,Housing,294,230,215,15,94.808,78.0,450,34,52,Quality issue,Welding defect,B150,S355,Team A
2025-05-30,Morning,WELD_10HEAD,Spot Welding,Housing,425,377,358,19,61.823,54.0,450,14,47,Quality issue,Welding defect,B150,S355,Team A
2025-05-30,Morning,LATHE_01,Machining,Housing,562,577,565,12,43.983,40.8,450,20,7,Maintenance,Dimensional defect,B150,S355,Team A
2025-05-30,Morning,INSPECT_01,Inspection,Housing,956,941,924,17,26.374,24.0,450,22,14,Operator waiting,Surface defect,B150,S355,Team A
2025-05-30,Morning,PACK_01,Packaging,Housing,765,751,731,20,32.878,30.0,450,12,26,Maintenance,Scratch,B150,S355,Team A
2025-05-30,Afternoon,PRESS_600T,Pressing,Housing,683,601,582,19,37.799,33.6,450,29,42,Tool change,Other,B150,S355,Team B
2025-05-30,Afternoon,PRESS_60T,Pressing,Housing,531,491,481,10,46.957,43.2,450,13,52,Machine failure,Press deformation,B150,S355,Team B
2025-05-30,Afternoon,WELD_01,Spot Welding,Housing,294,247,232,15,96.453,78.0,450,12,40,Machine failure,Welding defect,B150,S355,Team B
2025-05-30,Afternoon,WELD_10HEAD,Spot Welding,Housing,425,351,338,13,68.293,54.0,450,27,23,Operator waiting,Other,B150,S355,Team B
2025-05-30,Afternoon,LATHE_01,Machining,Housing,562,511,498,13,46.109,40.8,450,23,34,Tool change,Dimensional defect,B150,S355,Team B
2025-05-30,Afternoon,INSPECT_01,Inspection,Housing,956,828,815,13,26.799,24.0,450,26,54,Maintenance,Surface defect,B150,S355,Team B
2025-05-30,Afternoon,PACK_01,Packaging,Housing,765,661,640,21,33.631,30.0,450,33,46,Tool change,Scratch,B150,S355,Team B
2025-05-30,Night,PRESS_600T,Pressing,Support,910,706,682,24,31.932,25.2,450,30,44,Maintenance,Press deformation,B150,S275,Team C
2025-05-30,Night,PRESS_60T,Pressing,Support,708,656,637,19,37.447,32.4,450,15,25,Tool change,Press deformation,B150,S275,Team C
2025-05-30,Night,WELD_01,Spot Welding,Support,392,275,255,20,84.393,58.5,450,35,28,Tool change,Welding defect,B150,S275,Team C
2025-05-30,Night,WELD_10HEAD,Spot Welding,Support,566,439,415,24,52.315,40.5,450,30,37,Tool change,Welding defect,B150,S275,Team C
2025-05-30,Night,LATHE_01,Machining,Support,749,633,628,5,36.932,30.6,450,31,29,Tool change,Dimensional defect,B150,S275,Team C
2025-05-30,Night,INSPECT_01,Inspection,Support,1275,1132,1100,32,21.236,18.0,450,22,27,Quality issue,Surface defect,B150,S275,Team C
2025-05-30,Night,PACK_01,Packaging,Support,1020,895,881,14,25.734,22.5,450,13,53,Maintenance,Scratch,B150,S275,Team C
2025-05-31,Morning,PRESS_600T,Pressing,Bracket,819,764,756,8,31.612,28.0,450,10,37,Tool change,Press deformation,B151,S235,Team A
2025-05-31,Morning,PRESS_60T,Pressing,Bracket,637,685,671,14,37.029,36.0,450,15,12,Tool change,Press deformation,B151,S235,Team A
2025-05-31,Morning,WELD_01,Spot Welding,Bracket,353,272,253,19,83.636,65.0,450,31,39,Machine failure,Other,B151,S235,Team A
2025-05-31,Morning,WELD_10HEAD,Spot Welding,Bracket,510,459,444,15,53.808,45.0,450,18,20,Tool change,Welding defect,B151,S235,Team A
2025-05-31,Morning,LATHE_01,Machining,Bracket,675,570,559,11,39.44,34.0,450,26,49,Material shortage,Dimensional defect,B151,S235,Team A
2025-05-31,Morning,INSPECT_01,Inspection,Bracket,1147,975,960,15,22.398,20.0,450,34,52,Tool change,Other,B151,S235,Team A
2025-05-31,Morning,PACK_01,Packaging,Bracket,918,892,880,12,25.613,25.0,450,34,35,Machine failure,Other,B151,S235,Team A
2025-05-31,Afternoon,PRESS_600T,Pressing,Bracket,819,698,685,13,32.045,28.0,450,31,46,Tool change,Press deformation,B151,S235,Team B
2025-05-31,Afternoon,PRESS_60T,Pressing,Bracket,637,553,540,13,40.651,36.0,450,26,49,Quality issue,Press deformation,B151,S235,Team B
2025-05-31,Afternoon,WELD_01,Spot Welding,Bracket,353,282,271,11,83.185,65.0,450,23,35,Tool change,Welding defect,B151,S235,Team B
2025-05-31,Afternoon,WELD_10HEAD,Spot Welding,Bracket,510,485,459,26,51.38,45.0,450,17,17,Tool change,Welding defect,B151,S235,Team B
2025-05-31,Afternoon,LATHE_01,Machining,Bracket,675,678,658,20,36.503,34.0,450,29,8,Tool change,Other,B151,S235,Team B
2025-05-31,Afternoon,INSPECT_01,Inspection,Bracket,1147,1018,996,22,22.099,20.0,450,25,50,Tool change,Other,B151,S235,Team B
2025-05-31,Afternoon,PACK_01,Packaging,Bracket,918,871,866,5,26.713,25.0,450,32,30,Tool change,Scratch,B151,S235,Team B
2025-05-31,Night,PRESS_600T,Pressing,Housing,683,594,576,18,38.866,33.6,450,35,30,Tool change,Press deformation,B151,S355,Team C
2025-05-31,Night,PRESS_60T,Pressing,Housing,531,518,503,15,45.938,43.2,450,17,36,Material shortage,Press deformation,B151,S355,Team C
2025-05-31,Night,WELD_01,Spot Welding,Housing,294,238,220,18,102.415,78.0,450,31,12,Maintenance,Welding defect,B151,S355,Team C
2025-05-31,Night,WELD_10HEAD,Spot Welding,Housing,425,318,297,21,72.992,54.0,450,15,47,Material shortage,Other,B151,S355,Team C
2025-05-31,Night,LATHE_01,Machining,Housing,562,555,541,14,44.49,40.8,450,21,17,Quality issue,Dimensional defect,B151,S355,Team C
2025-05-31,Night,INSPECT_01,Inspection,Housing,956,741,721,20,30.998,24.0,450,34,33,Tool change,Surface defect,B151,S355,Team C
2025-05-31,Night,PACK_01,Packaging,Housing,765,688,676,12,33.88,30.0,450,26,35,Operator waiting,Scratch,B151,S355,Team C
2025-06-01,Morning,PRESS_600T,Pressing,Bracket,819,717,712,5,31.21,28.0,450,16,61,Tool change,Press deformation,B152,S235,Team A
2025-06-01,Morning,PRESS_60T,Pressing,Bracket,637,606,590,16,37.974,36.0,450,13,53,Quality issue,Press deformation,B152,S235,Team A
2025-06-01,Morning,WELD_01,Spot Welding,Bracket,353,287,269,18,80.704,65.0,450,11,52,Tool change,Other,B152,S235,Team A
2025-06-01,Morning,WELD_10HEAD,Spot Welding,Bracket,510,412,387,25,57.594,45.0,450,16,38,Tool change,Welding defect,B152,S235,Team A
2025-06-01,Morning,LATHE_01,Machining,Bracket,675,587,575,12,37.664,34.0,450,32,49,Material shortage,Other,B152,S235,Team A
2025-06-01,Morning,INSPECT_01,Inspection,Bracket,1147,1104,1089,15,21.457,20.0,450,12,43,Maintenance,Surface defect,B152,S235,Team A
2025-06-01,Morning,PACK_01,Packaging,Bracket,918,933,922,11,26.215,25.0,450,10,32,Tool change,Other,B152,S235,Team A
2025-06-01,Afternoon,PRESS_600T,Pressing,Bracket,819,775,768,7,30.418,28.0,450,19,38,Tool change,Press deformation,B152,S235,Team B
2025-06-01,Afternoon,PRESS_60T,Pressing,Bracket,637,548,532,16,40.566,36.0,450,31,48,Maintenance,Press deformation,B152,S235,Team B
2025-06-01,Afternoon,WELD_01,Spot Welding,Bracket,353,295,280,15,78.207,65.0,450,33,32,Material shortage,Welding defect,B152,S235,Team B
2025-06-01,Afternoon,WELD_10HEAD,Spot Welding,Bracket,510,436,402,34,50.873,45.0,450,28,52,Machine failure,Other,B152,S235,Team B
2025-06-01,Afternoon,LATHE_01,Machining,Bracket,675,577,562,15,38.222,34.0,450,34,48,Material shortage,Dimensional defect,B152,S235,Team B
2025-06-01,Afternoon,INSPECT_01,Inspection,Bracket,1147,1047,1036,11,21.31,20.0,450,31,47,Maintenance,Other,B152,S235,Team B
2025-06-01,Afternoon,PACK_01,Packaging,Bracket,918,901,884,17,26.223,25.0,450,20,36,Tool change,Scratch,B152,S235,Team B
2025-06-01,Night,PRESS_600T,Pressing,Support,910,768,739,29,30.305,25.2,450,19,43,Material shortage,Press deformation,B152,S275,Team C
2025-06-01,Night,PRESS_60T,Pressing,Support,708,639,620,19,38.396,32.4,450,23,18,Maintenance,Press deformation,B152,S275,Team C
2025-06-01,Night,WELD_01,Spot Welding,Support,392,314,300,14,78.313,58.5,450,27,13,Tool change,Welding defect,B152,S275,Team C
2025-06-01,Night,WELD_10HEAD,Spot Welding,Support,566,437,405,32,54.544,40.5,450,33,19,Operator waiting,Welding defect,B152,S275,Team C
2025-06-01,Night,LATHE_01,Machining,Support,749,648,635,13,34.208,30.6,450,28,52,Maintenance,Other,B152,S275,Team C
2025-06-01,Night,INSPECT_01,Inspection,Support,1275,1183,1150,33,21.849,18.0,450,14,5,Machine failure,Surface defect,B152,S275,Team C
2025-06-01,Night,PACK_01,Packaging,Support,1020,898,884,14,26.251,22.5,450,30,27,Tool change,Scratch,B152,S275,Team C
2025-06-02,Morning,PRESS_600T,Pressing,Bracket,819,734,720,14,28.992,28.0,450,33,62,Machine failure,Press deformation,B153,S235,Team A
2025-06-02,Morning,PRESS_60T,Pressing,Bracket,637,628,617,11,37.206,36.0,450,30,30,Material shortage,Press deformation,B153,S235,Team A
2025-06-02,Morning,WELD_01,Spot Welding,Bracket,353,317,298,19,73.376,65.0,450,35,27,Machine failure,Other,B153,S235,Team A
2025-06-02,Morning,WELD_10HEAD,Spot Welding,Bracket,510,444,413,31,55.256,45.0,450,26,15,Tool change,Welding defect,B153,S235,Team A
2025-06-02,Morning,LATHE_01,Machining,Bracket,675,643,628,15,37.788,34.0,450,31,14,Tool change,Dimensional defect,B153,S235,Team A
2025-06-02,Morning,INSPECT_01,Inspection,Bracket,1147,1068,1059,9,21.404,20.0,450,25,44,Material shortage,Surface defect,B153,S235,Team A
2025-06-02,Morning,PACK_01,Packaging,Bracket,918,868,857,11,25.966,25.0,450,30,44,Tool change,Scratch,B153,S235,Team A
2025-06-02,Afternoon,PRESS_600T,Pressing,Housing,683,658,651,7,35.0,33.6,450,33,33,Tool change,Press deformation,B153,S355,Team B
2025-06-02,Afternoon,PRESS_60T,Pressing,Housing,531,516,504,12,47.358,43.2,450,19,23,Material shortage,Other,B153,S355,Team B
2025-06-02,Afternoon,WELD_01,Spot Welding,Housing,294,238,224,14,99.545,78.0,450,25,29,Operator waiting,Welding defect,B153,S355,Team B
2025-06-02,Afternoon,WELD_10HEAD,Spot Welding,Housing,425,332,315,17,65.855,54.0,450,35,50,Tool change,Welding defect,B153,S355,Team B
2025-06-02,Afternoon,LATHE_01,Machining,Housing,562,486,477,9,45.18,40.8,450,31,53,Machine failure,Dimensional defect,B153,S355,Team B
2025-06-02,Afternoon,INSPECT_01,Inspection,Housing,956,949,921,28,26.153,24.0,450,20,16,Material shortage,Surface defect,B153,S355,Team B
2025-06-02,Afternoon,PACK_01,Packaging,Housing,765,719,704,15,33.171,30.0,450,16,36,Tool change,Scratch,B153,S355,Team B
2025-06-02,Night,PRESS_600T,Pressing,Support,910,694,679,15,30.58,25.2,450,35,61,Quality issue,Press deformation,B153,S275,Team C
2025-06-02,Night,PRESS_60T,Pressing,Support,708,653,640,13,34.899,32.4,450,29,41,Quality issue,Other,B153,S275,Team C
2025-06-02,Night,WELD_01,Spot Welding,Support,392,318,298,20,78.457,58.5,450,28,5,Maintenance,Welding defect,B153,S275,Team C
2025-06-02,Night,WELD_10HEAD,Spot Welding,Support,566,503,464,39,49.605,40.5,450,26,8,Material shortage,Welding defect,B153,S275,Team C
2025-06-02,Night,LATHE_01,Machining,Support,749,695,669,26,34.663,30.6,450,10,38,Operator waiting,Other,B153,S275,Team C
2025-06-02,Night,INSPECT_01,Inspection,Support,1275,1104,1073,31,21.187,18.0,450,18,42,Tool change,Surface defect,B153,S275,Team C
2025-06-02,Night,PACK_01,Packaging,Support,1020,869,849,20,28.019,22.5,450,18,26,Material shortage,Scratch,B153,S275,Team C
2025-06-03,Morning,PRESS_600T,Pressing,Support,910,809,801,8,28.455,25.2,450,15,51,Operator waiting,Press deformation,B154,S275,Team A
2025-06-03,Morning,PRESS_60T,Pressing,Support,708,679,667,12,35.406,32.4,450,13,36,Machine failure,Other,B154,S275,Team A
2025-06-03,Morning,WELD_01,Spot Welding,Support,392,328,312,16,71.874,58.5,450,18,38,Operator waiting,Welding defect,B154,S275,Team A
2025-06-03,Morning,WELD_10HEAD,Spot Welding,Support,566,426,402,24,53.235,40.5,450,20,52,Material shortage,Other,B154,S275,Team A
2025-06-03,Morning,LATHE_01,Machining,Support,749,743,723,20,31.703,30.6,450,19,38,Quality issue,Dimensional defect,B154,S275,Team A
2025-06-03,Morning,INSPECT_01,Inspection,Support,1275,1227,1207,20,20.096,18.0,450,10,29,Machine failure,Surface defect,B154,S275,Team A
2025-06-03,Morning,PACK_01,Packaging,Support,1020,944,931,13,22.987,22.5,450,33,55,Tool change,Scratch,B154,S275,Team A
2025-06-03,Afternoon,PRESS_600T,Pressing,Bracket,819,707,688,19,30.191,28.0,450,24,70,Machine failure,Press deformation,B154,S235,Team B
2025-06-03,Afternoon,PRESS_60T,Pressing,Bracket,637,553,543,10,40.904,36.0,450,26,47,Material shortage,Press deformation,B154,S235,Team B
2025-06-03,Afternoon,WELD_01,Spot Welding,Bracket,353,291,277,14,82.859,65.0,450,17,31,Operator waiting,Welding defect,B154,S235,Team B
2025-06-03,Afternoon,WELD_10HEAD,Spot Welding,Bracket,510,435,414,21,51.68,45.0,450,21,54,Tool change,Welding defect,B154,S235,Team B
2025-06-03,Afternoon,LATHE_01,Machining,Bracket,675,619,610,9,37.189,34.0,450,13,53,Material shortage,Dimensional defect,B154,S235,Team B
2025-06-03,Afternoon,INSPECT_01,Inspection,Bracket,1147,1036,1020,16,22.918,20.0,450,29,25,Tool change,Surface defect,B154,S235,Team B
2025-06-03,Afternoon,PACK_01,Packaging,Bracket,918,916,900,16,26.376,25.0,450,18,29,Operator waiting,Other,B154,S235,Team B
2025-06-03,Night,PRESS_600T,Pressing,Support,910,849,836,13,28.941,25.2,450,10,30,Maintenance,Other,B154,S275,Team C
2025-06-03,Night,PRESS_60T,Pressing,Support,708,559,545,14,39.909,32.4,450,34,44,Maintenance,Press deformation,B154,S275,Team C
2025-06-03,Night,WELD_01,Spot Welding,Support,392,295,277,18,81.598,58.5,450,14,34,Tool change,Welding defect,B154,S275,Team C
2025-06-03,Night,WELD_10HEAD,Spot Welding,Support,566,435,403,32,52.648,40.5,450,14,54,Maintenance,Welding defect,B154,S275,Team C
2025-06-03,Night,LATHE_01,Machining,Support,749,686,671,15,35.466,30.6,450,21,23,Tool change,Other,B154,S275,Team C
2025-06-03,Night,INSPECT_01,Inspection,Support,1275,1038,1005,33,21.038,18.0,450,34,52,Material shortage,Other,B154,S275,Team C
2025-06-03,Night,PACK_01,Packaging,Support,1020,976,953,23,25.987,22.5,450,14,13,Material shortage,Other,B154,S275,Team C
2025-06-04,Morning,PRESS_600T,Pressing,Housing,683,593,582,11,37.61,33.6,450,23,55,Machine failure,Press deformation,B155,S355,Team A
2025-06-04,Morning,PRESS_60T,Pressing,Housing,531,495,484,11,46.267,43.2,450,13,55,Tool change,Press deformation,B155,S355,Team A
2025-06-04,Morning,WELD_01,Spot Welding,Housing,294,253,236,17,88.606,78.0,450,31,44,Material shortage,Other,B155,S355,Team A
2025-06-04,Morning,WELD_10HEAD,Spot Welding,Housing,425,356,342,14,65.314,54.0,450,22,40,Material shortage,Welding defect,B155,S355,Team A
2025-06-04,Morning,LATHE_01,Machining,Housing,562,521,514,7,45.424,40.8,450,34,21,Machine failure,Dimensional defect,B155,S355,Team A
2025-06-04,Morning,INSPECT_01,Inspection,Housing,956,824,806,18,26.772,24.0,450,27,55,Material shortage,Surface defect,B155,S355,Team A
2025-06-04,Morning,PACK_01,Packaging,Housing,765,761,754,7,31.189,30.0,450,31,23,Maintenance,Scratch,B155,S355,Team A
2025-06-04,Afternoon,PRESS_600T,Pressing,Bracket,819,799,791,8,29.047,28.0,450,33,30,Tool change,Press deformation,B155,S235,Team B
2025-06-04,Afternoon,PRESS_60T,Pressing,Bracket,637,566,559,7,38.416,36.0,450,32,55,Tool change,Press deformation,B155,S235,Team B
2025-06-04,Afternoon,WELD_01,Spot Welding,Bracket,353,290,271,19,84.459,65.0,450,16,25,Tool change,Welding defect,B155,S235,Team B
2025-06-04,Afternoon,WELD_10HEAD,Spot Welding,Bracket,510,414,394,20,57.584,45.0,450,32,20,Machine failure,Welding defect,B155,S235,Team B
2025-06-04,Afternoon,LATHE_01,Machining,Bracket,675,672,658,14,36.416,34.0,450,21,21,Tool change,Dimensional defect,B155,S235,Team B
2025-06-04,Afternoon,INSPECT_01,Inspection,Bracket,1147,1011,992,19,21.778,20.0,450,35,48,Material shortage,Surface defect,B155,S235,Team B
2025-06-04,Afternoon,PACK_01,Packaging,Bracket,918,927,916,11,27.366,25.0,450,22,5,Maintenance,Scratch,B155,S235,Team B
2025-06-04,Night,PRESS_600T,Pressing,Housing,683,607,600,7,39.984,33.6,450,11,34,Material shortage,Press deformation,B155,S355,Team C
2025-06-04,Night,PRESS_60T,Pressing,Housing,531,450,443,7,49.125,43.2,450,30,51,Tool change,Press deformation,B155,S355,Team C
2025-06-04,Night,WELD_01,Spot Welding,Housing,294,246,231,15,94.383,78.0,450,30,32,Quality issue,Welding defect,B155,S355,Team C
2025-06-04,Night,WELD_10HEAD,Spot Welding,Housing,425,373,343,30,67.326,54.0,450,25,6,Maintenance,Other,B155,S355,Team C
2025-06-04,Night,LATHE_01,Machining,Housing,562,503,486,17,46.982,40.8,450,24,32,Tool change,Other,B155,S355,Team C
2025-06-04,Night,INSPECT_01,Inspection,Housing,956,754,731,23,30.368,24.0,450,22,46,Material shortage,Surface defect,B155,S355,Team C
2025-06-04,Night,PACK_01,Packaging,Housing,765,688,659,29,34.968,30.0,450,25,24,Tool change,Scratch,B155,S355,Team C
2025-06-05,Morning,PRESS_600T,Pressing,Bracket,819,736,725,11,28.911,28.0,450,25,70,Quality issue,Press deformation,B156,S235,Team A
2025-06-05,Morning,PRESS_60T,Pressing,Bracket,637,635,626,9,39.362,36.0,450,14,19,Material shortage,Press deformation,B156,S235,Team A
2025-06-05,Morning,WELD_01,Spot Welding,Bracket,353,305,285,20,76.625,65.0,450,33,27,Machine failure,Welding defect,B156,S235,Team A
2025-06-05,Morning,WELD_10HEAD,Spot Welding,Bracket,510,401,384,17,59.291,45.0,450,29,24,Material shortage,Welding defect,B156,S235,Team A
2025-06-05,Morning,LATHE_01,Machining,Bracket,675,582,566,16,39.427,34.0,450,22,45,Material shortage,Dimensional defect,B156,S235,Team A
2025-06-05,Morning,INSPECT_01,Inspection,Bracket,1147,1058,1044,14,22.498,20.0,450,16,37,Tool change,Surface defect,B156,S235,Team A
2025-06-05,Morning,PACK_01,Packaging,Bracket,918,851,834,17,26.007,25.0,450,32,49,Material shortage,Other,B156,S235,Team A
2025-06-05,Afternoon,PRESS_600T,Pressing,Housing,683,586,575,11,35.5,33.6,450,30,73,Maintenance,Press deformation,B156,S355,Team B
2025-06-05,Afternoon,PRESS_60T,Pressing,Housing,531,504,492,12,45.465,43.2,450,31,37,Material shortage,Press deformation,B156,S355,Team B
2025-06-05,Afternoon,WELD_01,Spot Welding,Housing,294,226,215,11,101.782,78.0,450,29,36,Quality issue,Welding defect,B156,S355,Team B
2025-06-05,Afternoon,WELD_10HEAD,Spot Welding,Housing,425,359,343,16,69.673,54.0,450,25,8,Material shortage,Other,B156,S355,Team B
2025-06-05,Afternoon,LATHE_01,Machining,Housing,562,511,503,8,45.62,40.8,450,21,40,Maintenance,Dimensional defect,B156,S355,Team B
2025-06-05,Afternoon,INSPECT_01,Inspection,Housing,956,936,909,27,26.979,24.0,450,13,16,Tool change,Surface defect,B156,S355,Team B
2025-06-05,Afternoon,PACK_01,Packaging,Housing,765,716,700,16,30.977,30.0,450,30,50,Tool change,Scratch,B156,S355,Team B
2025-06-05,Night,PRESS_600T,Pressing,Housing,683,556,543,13,40.42,33.6,450,23,52,Maintenance,Press deformation,B156,S355,Team C
2025-06-05,Night,PRESS_60T,Pressing,Housing,531,518,508,10,46.868,43.2,450,13,32,Maintenance,Press deformation,B156,S355,Team C
2025-06-05,Night,WELD_01,Spot Welding,Housing,294,247,231,16,102.538,78.0,450,20,7,Tool change,Other,B156,S355,Team C
2025-06-05,Night,WELD_10HEAD,Spot Welding,Housing,425,330,309,21,70.561,54.0,450,34,27,Tool change,Welding defect,B156,S355,Team C
2025-06-05,Night,LATHE_01,Machining,Housing,562,478,466,12,50.421,40.8,450,34,14,Quality issue,Dimensional defect,B156,S355,Team C
2025-06-05,Night,INSPECT_01,Inspection,Housing,956,913,887,26,26.466,24.0,450,35,12,Machine failure,Surface defect,B156,S355,Team C
2025-06-05,Night,PACK_01,Packaging,Housing,765,661,646,15,37.215,30.0,450,21,19,Tool change,Other,B156,S355,Team C
2025-06-06,Morning,PRESS_600T,Pressing,Support,910,761,745,16,29.154,25.2,450,21,59,Material shortage,Press deformation,B157,S275,Team A
2025-06-06,Morning,PRESS_60T,Pressing,Support,708,695,677,18,35.119,32.4,450,33,10,Tool change,Press deformation,B157,S275,Team A
2025-06-06,Morning,WELD_01,Spot Welding,Support,392,347,335,12,67.507,58.5,450,34,25,Operator waiting,Welding defect,B157,S275,Team A
2025-06-06,Morning,WELD_10HEAD,Spot Welding,Support,566,533,507,26,47.785,40.5,450,15,10,Machine failure,Welding defect,B157,S275,Team A
2025-06-06,Morning,LATHE_01,Machining,Support,749,729,719,10,32.141,30.6,450,22,37,Tool change,Dimensional defect,B157,S275,Team A
2025-06-06,Morning,INSPECT_01,Inspection,Support,1275,1289,1266,23,19.038,18.0,450,24,17,Operator waiting,Other,B157,S275,Team A
2025-06-06,Morning,PACK_01,Packaging,Support,1020,1018,1008,10,24.569,22.5,450,10,23,Quality issue,Scratch,B157,S275,Team A
2025-06-06,Afternoon,PRESS_600T,Pressing,Support,910,831,813,18,27.844,25.2,450,23,41,Tool change,Other,B157,S275,Team B
2025-06-06,Afternoon,PRESS_60T,Pressing,Support,708,664,647,17,37.446,32.4,450,25,10,Operator waiting,Press deformation,B157,S275,Team B
2025-06-06,Afternoon,WELD_01,Spot Welding,Support,392,337,323,14,66.57,58.5,450,30,45,Material shortage,Welding defect,B157,S275,Team B
2025-06-06,Afternoon,WELD_10HEAD,Spot Welding,Support,566,442,420,22,53.263,40.5,450,26,31,Material shortage,Welding defect,B157,S275,Team B
2025-06-06,Afternoon,LATHE_01,Machining,Support,749,709,694,15,35.166,30.6,450,16,18,Tool change,Dimensional defect,B157,S275,Team B
2025-06-06,Afternoon,INSPECT_01,Inspection,Support,1275,1275,1260,15,18.585,18.0,450,28,27,Tool change,Other,B157,S275,Team B
2025-06-06,Afternoon,PACK_01,Packaging,Support,1020,915,896,19,24.639,22.5,450,31,43,Tool change,Other,B157,S275,Team B
2025-06-06,Night,PRESS_600T,Pressing,Housing,683,585,572,13,38.871,33.6,450,11,60,Material shortage,Press deformation,B157,S355,Team C
2025-06-06,Night,PRESS_60T,Pressing,Housing,531,485,472,13,48.341,43.2,450,34,25,Quality issue,Press deformation,B157,S355,Team C
2025-06-06,Night,WELD_01,Spot Welding,Housing,294,211,199,12,109.67,78.0,450,30,33,Tool change,Welding defect,B157,S355,Team C
2025-06-06,Night,WELD_10HEAD,Spot Welding,Housing,425,297,284,13,74.231,54.0,450,29,53,Tool change,Welding defect,B157,S355,Team C
2025-06-06,Night,LATHE_01,Machining,Housing,562,452,441,11,50.383,40.8,450,16,54,Material shortage,Dimensional defect,B157,S355,Team C
2025-06-06,Night,INSPECT_01,Inspection,Housing,956,861,845,16,26.407,24.0,450,24,47,Maintenance,Surface defect,B157,S355,Team C
2025-06-06,Night,PACK_01,Packaging,Housing,765,663,653,10,35.876,30.0,450,28,25,Tool change,Other,B157,S355,Team C
2025-06-07,Morning,PRESS_600T,Pressing,Support,910,856,843,13,25.981,25.2,450,13,66,Tool change,Press deformation,B158,S275,Team A
2025-06-07,Morning,PRESS_60T,Pressing,Support,708,739,729,10,34.058,32.4,450,19,11,Material shortage,Press deformation,B158,S275,Team A
2025-06-07,Morning,WELD_01,Spot Welding,Support,392,333,308,25,71.351,58.5,450,30,23,Tool change,Welding defect,B158,S275,Team A
2025-06-07,Morning,WELD_10HEAD,Spot Welding,Support,566,526,494,32,48.401,40.5,450,11,14,Operator waiting,Welding defect,B158,S275,Team A
2025-06-07,Morning,LATHE_01,Machining,Support,749,693,684,9,34.603,30.6,450,32,18,Quality issue,Dimensional defect,B158,S275,Team A
2025-06-07,Morning,INSPECT_01,Inspection,Support,1275,1286,1263,23,18.661,18.0,450,17,33,Tool change,Surface defect,B158,S275,Team A
2025-06-07,Morning,PACK_01,Packaging,Support,1020,1007,998,9,24.13,22.5,450,15,30,Material shortage,Scratch,B158,S275,Team A
2025-06-07,Afternoon,PRESS_600T,Pressing,Support,910,744,735,9,29.021,25.2,450,30,60,Operator waiting,Other,B158,S275,Team B
2025-06-07,Afternoon,PRESS_60T,Pressing,Support,708,706,695,11,34.841,32.4,450,18,22,Machine failure,Press deformation,B158,S275,Team B
2025-06-07,Afternoon,WELD_01,Spot Welding,Support,392,344,318,26,72.126,58.5,450,18,18,Tool change,Welding defect,B158,S275,Team B
2025-06-07,Afternoon,WELD_10HEAD,Spot Welding,Support,566,453,432,21,51.296,40.5,450,31,31,Material shortage,Other,B158,S275,Team B
2025-06-07,Afternoon,LATHE_01,Machining,Support,749,812,802,10,31.24,30.6,450,13,14,Material shortage,Dimensional defect,B158,S275,Team B
2025-06-07,Afternoon,INSPECT_01,Inspection,Support,1275,1127,1116,11,20.164,18.0,450,22,49,Machine failure,Surface defect,B158,S275,Team B
2025-06-07,Afternoon,PACK_01,Packaging,Support,1020,962,946,16,24.815,22.5,450,16,36,Machine failure,Other,B158,S275,Team B
2025-06-07,Night,PRESS_600T,Pressing,Support,910,729,715,14,32.075,25.2,450,19,41,Quality issue,Press deformation,B158,S275,Team C
2025-06-07,Night,PRESS_60T,Pressing,Support,708,643,620,23,38.407,32.4,450,16,22,Machine failure,Press deformation,B158,S275,Team C
2025-06-07,Night,WELD_01,Spot Welding,Support,392,324,301,23,77.205,58.5,450,18,14,Material shortage,Welding defect,B158,S275,Team C
2025-06-07,Night,WELD_10HEAD,Spot Welding,Support,566,436,401,35,51.685,40.5,450,32,42,Quality issue,Welding defect,B158,S275,Team C
2025-06-07,Night,LATHE_01,Machining,Support,749,654,638,16,36.377,30.6,450,23,30,Quality issue,Dimensional defect,B158,S275,Team C
2025-06-07,Night,INSPECT_01,Inspection,Support,1275,1077,1051,26,21.277,18.0,450,20,48,Tool change,Surface defect,B158,S275,Team C
2025-06-07,Night,PACK_01,Packaging,Support,1020,895,874,21,25.456,22.5,450,34,36,Material shortage,Scratch,B158,S275,Team C
2025-06-08,Morning,PRESS_600T,Pressing,Bracket,819,769,752,17,31.723,28.0,450,11,32,Material shortage,Other,B159,S235,Team A
2025-06-08,Morning,PRESS_60T,Pressing,Bracket,637,608,590,18,38.344,36.0,450,14,47,Material shortage,Press deformation,B159,S235,Team A
2025-06-08,Morning,WELD_01,Spot Welding,Bracket,353,315,298,17,75.115,65.0,450,18,37,Operator waiting,Welding defect,B159,S235,Team A
2025-06-08,Morning,WELD_10HEAD,Spot Welding,Bracket,510,373,351,22,58.55,45.0,450,31,55,Tool change,Welding defect,B159,S235,Team A
2025-06-08,Morning,LATHE_01,Machining,Bracket,675,668,651,17,35.894,34.0,450,21,29,Quality issue,Dimensional defect,B159,S235,Team A
2025-06-08,Morning,INSPECT_01,Inspection,Bracket,1147,1005,996,9,22.552,20.0,450,19,53,Machine failure,Surface defect,B159,S235,Team A
2025-06-08,Morning,PACK_01,Packaging,Bracket,918,866,853,13,26.595,25.0,450,18,48,Material shortage,Scratch,B159,S235,Team A
2025-06-08,Afternoon,PRESS_600T,Pressing,Bracket,819,713,710,3,30.542,28.0,450,35,52,Machine failure,Other,B159,S235,Team B
2025-06-08,Afternoon,PRESS_60T,Pressing,Bracket,637,604,586,18,39.101,36.0,450,31,25,Maintenance,Press deformation,B159,S235,Team B
2025-06-08,Afternoon,WELD_01,Spot Welding,Bracket,353,288,269,19,80.355,65.0,450,13,50,Machine failure,Other,B159,S235,Team B
2025-06-08,Afternoon,WELD_10HEAD,Spot Welding,Bracket,510,407,384,23,55.684,45.0,450,17,55,Machine failure,Welding defect,B159,S235,Team B
2025-06-08,Afternoon,LATHE_01,Machining,Bracket,675,638,627,11,38.523,34.0,450,31,9,Maintenance,Other,B159,S235,Team B
2025-06-08,Afternoon,INSPECT_01,Inspection,Bracket,1147,1217,1193,24,21.091,20.0,450,12,10,Material shortage,Surface defect,B159,S235,Team B
2025-06-08,Afternoon,PACK_01,Packaging,Bracket,918,922,911,11,27.136,25.0,450,15,18,Tool change,Scratch,B159,S235,Team B
2025-06-08,Night,PRESS_600T,Pressing,Support,910,814,791,23,28.587,25.2,450,29,33,Tool change,Press deformation,B159,S275,Team C
2025-06-08,Night,PRESS_60T,Pressing,Support,708,562,543,19,39.567,32.4,450,32,47,Operator waiting,Press deformation,B159,S275,Team C
2025-06-08,Night,WELD_01,Spot Welding,Support,392,319,295,24,73.325,58.5,450,25,35,Tool change,Welding defect,B159,S275,Team C
2025-06-08,Night,WELD_10HEAD,Spot Welding,Support,566,407,387,20,57.249,40.5,450,12,49,Material shortage,Other,B159,S275,Team C
2025-06-08,Night,LATHE_01,Machining,Support,749,663,649,14,34.923,30.6,450,30,34,Operator waiting,Dimensional defect,B159,S275,Team C
2025-06-08,Night,INSPECT_01,Inspection,Support,1275,1082,1058,24,21.235,18.0,450,16,51,Material shortage,Surface defect,B159,S275,Team C
2025-06-08,Night,PACK_01,Packaging,Support,1020,930,911,19,26.445,22.5,450,27,13,Operator waiting,Other,B159,S275,Team C
2025-06-09,Morning,PRESS_600T,Pressing,Housing,683,686,675,11,35.394,33.6,450,12,33,Material shortage,Press deformation,B160,S355,Team A
2025-06-09,Morning,PRESS_60T,Pressing,Housing,531,542,528,14,46.55,43.2,450,11,18,Machine failure,Press deformation,B160,S355,Team A
2025-06-09,Morning,WELD_01,Spot Welding,Housing,294,249,231,18,97.195,78.0,450,23,23,Operator waiting,Welding defect,B160,S355,Team A
2025-06-09,Morning,WELD_10HEAD,Spot Welding,Housing,425,370,350,20,63.31,54.0,450,10,49,Maintenance,Welding defect,B160,S355,Team A
2025-06-09,Morning,LATHE_01,Machining,Housing,562,537,519,18,46.676,40.8,450,13,19,Material shortage,Other,B160,S355,Team A
2025-06-09,Morning,INSPECT_01,Inspection,Housing,956,836,819,17,26.675,24.0,450,33,45,Maintenance,Surface defect,B160,S355,Team A
2025-06-09,Morning,PACK_01,Packaging,Housing,765,729,717,12,31.648,30.0,450,10,55,Material shortage,Scratch,B160,S355,Team A
2025-06-09,Afternoon,PRESS_600T,Pressing,Bracket,819,831,821,10,28.782,28.0,450,18,33,Machine failure,Press deformation,B160,S235,Team B
2025-06-09,Afternoon,PRESS_60T,Pressing,Bracket,637,618,607,11,37.707,36.0,450,19,42,Material shortage,Press deformation,B160,S235,Team B
2025-06-09,Afternoon,WELD_01,Spot Welding,Bracket,353,326,300,26,74.267,65.0,450,12,34,Tool change,Welding defect,B160,S235,Team B
2025-06-09,Afternoon,WELD_10HEAD,Spot Welding,Bracket,510,485,460,25,51.767,45.0,450,23,8,Material shortage,Welding defect,B160,S235,Team B
2025-06-09,Afternoon,LATHE_01,Machining,Bracket,675,631,620,11,35.181,34.0,450,26,54,Material shortage,Dimensional defect,B160,S235,Team B
2025-06-09,Afternoon,INSPECT_01,Inspection,Bracket,1147,994,970,24,22.21,20.0,450,31,51,Machine failure,Surface defect,B160,S235,Team B
2025-06-09,Afternoon,PACK_01,Packaging,Bracket,918,818,807,11,28.159,25.0,450,27,39,Maintenance,Scratch,B160,S235,Team B
2025-06-09,Night,PRESS_600T,Pressing,Bracket,819,726,703,23,33.598,28.0,450,14,29,Tool change,Press deformation,B160,S235,Team C
2025-06-09,Night,PRESS_60T,Pressing,Bracket,637,577,563,14,41.544,36.0,450,21,29,Machine failure,Press deformation,B160,S235,Team C
2025-06-09,Night,WELD_01,Spot Welding,Bracket,353,284,267,17,82.98,65.0,450,25,31,Material shortage,Other,B160,S235,Team C
2025-06-09,Night,WELD_10HEAD,Spot Welding,Bracket,510,396,374,22,59.557,45.0,450,33,23,Maintenance,Welding defect,B160,S235,Team C
2025-06-09,Night,LATHE_01,Machining,Bracket,675,562,555,7,39.555,34.0,450,27,52,Material shortage,Dimensional defect,B160,S235,Team C
2025-06-09,Night,INSPECT_01,Inspection,Bracket,1147,1108,1079,29,21.643,20.0,450,22,28,Machine failure,Surface defect,B160,S235,Team C
2025-06-09,Night,PACK_01,Packaging,Bracket,918,871,846,25,29.124,25.0,450,15,12,Machine failure,Other,B160,S235,Team C
2025-06-10,Morning,PRESS_600T,Pressing,Support,910,864,851,13,26.109,25.2,450,23,51,Material shortage,Press deformation,B161,S275,Team A
2025-06-10,Morning,PRESS_60T,Pressing,Support,708,755,734,21,33.608,32.4,450,13,14,Material shortage,Press deformation,B161,S275,Team A
2025-06-10,Morning,WELD_01,Spot Welding,Support,392,357,344,13,72.372,58.5,450,14,5,Material shortage,Other,B161,S275,Team A
2025-06-10,Morning,WELD_10HEAD,Spot Welding,Support,566,487,455,32,49.225,40.5,450,17,33,Material shortage,Welding defect,B161,S275,Team A
2025-06-10,Morning,LATHE_01,Machining,Support,749,734,727,7,31.868,30.6,450,11,49,Material shortage,Dimensional defect,B161,S275,Team A
2025-06-10,Morning,INSPECT_01,Inspection,Support,1275,1177,1147,30,19.523,18.0,450,32,35,Material shortage,Surface defect,B161,S275,Team A
2025-06-10,Morning,PACK_01,Packaging,Support,1020,915,900,15,24.766,22.5,450,31,41,Material shortage,Scratch,B161,S275,Team A
2025-06-10,Afternoon,PRESS_600T,Pressing,Bracket,819,799,791,8,29.431,28.0,450,11,47,Quality issue,Other,B161,S235,Team B
2025-06-10,Afternoon,PRESS_60T,Pressing,Bracket,637,661,652,9,37.163,36.0,450,30,10,Quality issue,Press deformation,B161,S235,Team B
2025-06-10,Afternoon,WELD_01,Spot Welding,Bracket,353,311,290,21,74.207,65.0,450,17,48,Maintenance,Other,B161,S235,Team B
2025-06-10,Afternoon,WELD_10HEAD,Spot Welding,Bracket,510,463,434,29,51.74,45.0,450,22,28,Quality issue,Welding defect,B161,S235,Team B
2025-06-10,Afternoon,LATHE_01,Machining,Bracket,675,647,638,9,35.855,34.0,450,21,42,Machine failure,Dimensional defect,B161,S235,Team B
2025-06-10,Afternoon,INSPECT_01,Inspection,Bracket,1147,1082,1067,15,21.89,20.0,450,12,43,Tool change,Surface defect,B161,S235,Team B
2025-06-10,Afternoon,PACK_01,Packaging,Bracket,918,859,837,22,26.12,25.0,450,28,48,Maintenance,Scratch,B161,S235,Team B
2025-06-10,Night,PRESS_600T,Pressing,Housing,683,568,555,13,38.096,33.6,450,19,70,Machine failure,Other,B161,S355,Team C
2025-06-10,Night,PRESS_60T,Pressing,Housing,531,467,464,3,51.639,43.2,450,30,18,Quality issue,Other,B161,S355,Team C
2025-06-10,Night,WELD_01,Spot Welding,Housing,294,225,206,19,100.369,78.0,450,20,53,Tool change,Other,B161,S355,Team C
2025-06-10,Night,WELD_10HEAD,Spot Welding,Housing,425,360,334,26,62.612,54.0,450,27,47,Machine failure,Welding defect,B161,S355,Team C
2025-06-10,Night,LATHE_01,Machining,Housing,562,452,438,14,49.323,40.8,450,26,52,Maintenance,Dimensional defect,B161,S355,Team C
2025-06-10,Night,INSPECT_01,Inspection,Housing,956,852,835,17,29.573,24.0,450,10,20,Material shortage,Other,B161,S355,Team C
2025-06-10,Night,PACK_01,Packaging,Housing,765,704,686,18,34.937,30.0,450,23,17,Operator waiting,Scratch,B161,S355,Team C
2025-06-11,Morning,PRESS_600T,Pressing,Support,910,859,847,12,28.427,25.2,450,15,28,Machine failure,Other,B162,S275,Team A
2025-06-11,Morning,PRESS_60T,Pressing,Support,708,615,606,9,37.547,32.4,450,31,34,Tool change,Press deformation,B162,S275,Team A
2025-06-11,Morning,WELD_01,Spot Welding,Support,392,373,351,22,65.527,58.5,450,34,8,Machine failure,Welding defect,B162,S275,Team A
2025-06-11,Morning,WELD_10HEAD,Spot Welding,Support,566,499,466,33,49.627,40.5,450,10,27,Quality issue,Welding defect,B162,S275,Team A
2025-06-11,Morning,LATHE_01,Machining,Support,749,683,666,17,34.772,30.6,450,26,28,Material shortage,Dimensional defect,B162,S275,Team A
2025-06-11,Morning,INSPECT_01,Inspection,Support,1275,1145,1127,18,19.433,18.0,450,24,55,Material shortage,Surface defect,B162,S275,Team A
2025-06-11,Morning,PACK_01,Packaging,Support,1020,991,967,24,24.693,22.5,450,21,21,Tool change,Scratch,B162,S275,Team A
2025-06-11,Afternoon,PRESS_600T,Pressing,Support,910,784,771,13,27.462,25.2,450,29,62,Maintenance,Press deformation,B162,S275,Team B
2025-06-11,Afternoon,PRESS_60T,Pressing,Support,708,675,659,16,35.978,32.4,450,13,32,Tool change,Other,B162,S275,Team B
2025-06-11,Afternoon,WELD_01,Spot Welding,Support,392,299,285,14,77.108,58.5,450,30,35,Tool change,Welding defect,B162,S275,Team B
2025-06-11,Afternoon,WELD_10HEAD,Spot Welding,Support,566,489,477,12,46.93,40.5,450,14,53,Material shortage,Welding defect,B162,S275,Team B
2025-06-11,Afternoon,LATHE_01,Machining,Support,749,711,699,12,35.235,30.6,450,13,19,Machine failure,Dimensional defect,B162,S275,Team B
2025-06-11,Afternoon,INSPECT_01,Inspection,Support,1275,1192,1160,32,20.521,18.0,450,11,31,Material shortage,Other,B162,S275,Team B
2025-06-11,Afternoon,PACK_01,Packaging,Support,1020,1004,980,24,25.087,22.5,450,24,6,Tool change,Scratch,B162,S275,Team B
2025-06-11,Night,PRESS_600T,Pressing,Housing,683,586,574,12,39.872,33.6,450,24,36,Machine failure,Press deformation,B162,S355,Team C
2025-06-11,Night,PRESS_60T,Pressing,Housing,531,454,438,16,51.331,43.2,450,14,47,Material shortage,Other,B162,S355,Team C
2025-06-11,Night,WELD_01,Spot Welding,Housing,294,243,226,17,98.662,78.0,450,26,23,Maintenance,Welding defect,B162,S355,Team C
2025-06-11,Night,WELD_10HEAD,Spot Welding,Housing,425,316,295,21,76.25,54.0,450,18,30,Tool change,Other,B162,S355,Team C
2025-06-11,Night,LATHE_01,Machining,Housing,562,490,474,16,46.927,40.8,450,27,39,Machine failure,Dimensional defect,B162,S355,Team C
2025-06-11,Night,INSPECT_01,Inspection,Housing,956,832,805,27,26.725,24.0,450,32,47,Material shortage,Other,B162,S355,Team C
2025-06-11,Night,PACK_01,Packaging,Housing,765,697,678,19,36.371,30.0,450,16,11,Maintenance,Scratch,B162,S355,Team C
2025-06-12,Morning,PRESS_600T,Pressing,Housing,683,545,541,4,38.037,33.6,450,34,70,Material shortage,Other,B163,S355,Team A
2025-06-12,Morning,PRESS_60T,Pressing,Housing,531,507,501,6,46.851,43.2,450,34,20,Material shortage,Press deformation,B163,S355,Team A
2025-06-12,Morning,WELD_01,Spot Welding,Housing,294,264,246,18,97.34,78.0,450,15,6,Tool change,Welding defect,B163,S355,Team A
2025-06-12,Morning,WELD_10HEAD,Spot Welding,Housing,425,360,335,25,66.237,54.0,450,26,26,Tool change,Welding defect,B163,S355,Team A
2025-06-12,Morning,LATHE_01,Machining,Housing,562,479,476,3,46.887,40.8,450,22,53,Machine failure,Dimensional defect,B163,S355,Team A
2025-06-12,Morning,INSPECT_01,Inspection,Housing,956,817,804,13,26.773,24.0,450,31,54,Maintenance,Surface defect,B163,S355,Team A
2025-06-12,Morning,PACK_01,Packaging,Housing,765,736,731,5,33.984,30.0,450,23,10,Tool change,Scratch,B163,S355,Team A
2025-06-12,Afternoon,PRESS_600T,Pressing,Bracket,819,708,696,12,30.642,28.0,450,33,55,Tool change,Other,B163,S235,Team B
2025-06-12,Afternoon,PRESS_60T,Pressing,Bracket,637,558,547,11,39.445,36.0,450,28,55,Tool change,Press deformation,B163,S235,Team B
2025-06-12,Afternoon,WELD_01,Spot Welding,Bracket,353,295,281,14,75.222,65.0,450,28,52,Material shortage,Welding defect,B163,S235,Team B
2025-06-12,Afternoon,WELD_10HEAD,Spot Welding,Bracket,510,433,404,29,56.89,45.0,450,26,13,Tool change,Welding defect,B163,S235,Team B
2025-06-12,Afternoon,LATHE_01,Machining,Bracket,675,664,654,10,35.646,34.0,450,22,33,Machine failure,Dimensional defect,B163,S235,Team B
2025-06-12,Afternoon,INSPECT_01,Inspection,Bracket,1147,1137,1123,14,20.782,20.0,450,30,26,Maintenance,Surface defect,B163,S235,Team B
2025-06-12,Afternoon,PACK_01,Packaging,Bracket,918,967,959,8,25.79,25.0,450,21,13,Material shortage,Scratch,B163,S235,Team B
2025-06-12,Night,PRESS_600T,Pressing,Housing,683,609,602,7,35.953,33.6,450,35,50,Machine failure,Press deformation,B163,S355,Team C
2025-06-12,Night,PRESS_60T,Pressing,Housing,531,459,445,14,49.113,43.2,450,30,44,Machine failure,Press deformation,B163,S355,Team C
2025-06-12,Night,WELD_01,Spot Welding,Housing,294,239,226,13,100.93,78.0,450,11,36,Machine failure,Welding defect,B163,S355,Team C
2025-06-12,Night,WELD_10HEAD,Spot Welding,Housing,425,337,315,22,72.56,54.0,450,22,20,Quality issue,Welding defect,B163,S355,Team C
2025-06-12,Night,LATHE_01,Machining,Housing,562,529,518,11,47.104,40.8,450,27,7,Tool change,Dimensional defect,B163,S355,Team C
2025-06-12,Night,INSPECT_01,Inspection,Housing,956,855,834,21,26.595,24.0,450,22,49,Operator waiting,Surface defect,B163,S355,Team C
2025-06-12,Night,PACK_01,Packaging,Housing,765,670,650,20,33.846,30.0,450,30,42,Maintenance,Scratch,B163,S355,Team C
2025-06-13,Morning,PRESS_600T,Pressing,Bracket,819,730,718,12,30.242,28.0,450,13,69,Material shortage,Other,B164,S235,Team A
2025-06-13,Morning,PRESS_60T,Pressing,Bracket,637,579,571,8,41.408,36.0,450,22,28,Machine failure,Press deformation,B164,S235,Team A
2025-06-13,Morning,WELD_01,Spot Welding,Bracket,353,308,295,13,73.83,65.0,450,23,48,Maintenance,Other,B164,S235,Team A
2025-06-13,Morning,WELD_10HEAD,Spot Welding,Bracket,510,435,416,19,53.28,45.0,450,17,46,Operator waiting,Welding defect,B164,S235,Team A
2025-06-13,Morning,LATHE_01,Machining,Bracket,675,591,576,15,38.553,34.0,450,17,53,Machine failure,Dimensional defect,B164,S235,Team A
2025-06-13,Morning,INSPECT_01,Inspection,Bracket,1147,1147,1123,24,20.909,20.0,450,26,24,Quality issue,Other,B164,S235,Team A
2025-06-13,Morning,PACK_01,Packaging,Bracket,918,950,939,11,26.266,25.0,450,22,12,Material shortage,Scratch,B164,S235,Team A
2025-06-13,Afternoon,PRESS_600T,Pressing,Support,910,730,706,24,28.679,25.2,450,28,73,Maintenance,Press deformation,B164,S275,Team B
2025-06-13,Afternoon,PRESS_60T,Pressing,Support,708,663,654,9,36.825,32.4,450,22,21,Material shortage,Press deformation,B164,S275,Team B
2025-06-13,Afternoon,WELD_01,Spot Welding,Support,392,374,351,23,67.853,58.5,450,13,13,Operator waiting,Other,B164,S275,Team B
2025-06-13,Afternoon,WELD_10HEAD,Spot Welding,Support,566,463,441,22,51.728,40.5,450,12,38,Operator waiting,Other,B164,S275,Team B
2025-06-13,Afternoon,LATHE_01,Machining,Support,749,672,660,12,34.808,30.6,450,20,40,Material shortage,Dimensional defect,B164,S275,Team B
2025-06-13,Afternoon,INSPECT_01,Inspection,Support,1275,1315,1298,17,19.66,18.0,450,12,7,Maintenance,Surface defect,B164,S275,Team B
2025-06-13,Afternoon,PACK_01,Packaging,Support,1020,1027,1010,17,23.076,22.5,450,31,24,Tool change,Scratch,B164,S275,Team B
2025-06-13,Night,PRESS_600T,Pressing,Support,910,687,664,23,30.812,25.2,450,25,72,Quality issue,Press deformation,B164,S275,Team C
2025-06-13,Night,PRESS_60T,Pressing,Support,708,665,650,15,34.885,32.4,450,35,28,Maintenance,Other,B164,S275,Team C
2025-06-13,Night,WELD_01,Spot Welding,Support,392,330,317,13,72.707,58.5,450,24,26,Operator waiting,Welding defect,B164,S275,Team C
2025-06-13,Night,WELD_10HEAD,Spot Welding,Support,566,463,420,43,51.354,40.5,450,10,43,Maintenance,Welding defect,B164,S275,Team C
2025-06-13,Night,LATHE_01,Machining,Support,749,629,613,16,38.014,30.6,450,19,32,Quality issue,Dimensional defect,B164,S275,Team C
2025-06-13,Night,INSPECT_01,Inspection,Support,1275,1266,1240,26,19.233,18.0,450,28,16,Tool change,Surface defect,B164,S275,Team C
2025-06-13,Night,PACK_01,Packaging,Support,1020,975,952,23,26.39,22.5,450,10,11,Operator waiting,Other,B164,S275,Team C
2025-06-14,Morning,PRESS_600T,Pressing,Support,910,841,829,12,27.864,25.2,450,19,40,Tool change,Press deformation,B165,S275,Team A
2025-06-14,Morning,PRESS_60T,Pressing,Support,708,693,684,9,33.674,32.4,450,34,27,Operator waiting,Press deformation,B165,S275,Team A
2025-06-14,Morning,WELD_01,Spot Welding,Support,392,326,313,13,67.716,58.5,450,30,51,Machine failure,Welding defect,B165,S275,Team A
2025-06-14,Morning,WELD_10HEAD,Spot Welding,Support,566,438,418,20,50.736,40.5,450,29,50,Tool change,Welding defect,B165,S275,Team A
2025-06-14,Morning,LATHE_01,Machining,Support,749,718,708,10,35.091,30.6,450,15,15,Tool change,Other,B165,S275,Team A
2025-06-14,Morning,INSPECT_01,Inspection,Support,1275,1171,1156,15,20.697,18.0,450,10,36,Tool change,Surface defect,B165,S275,Team A
2025-06-14,Morning,PACK_01,Packaging,Support,1020,921,909,12,25.142,22.5,450,31,33,Tool change,Other,B165,S275,Team A
2025-06-14,Afternoon,PRESS_600T,Pressing,Housing,683,638,629,9,37.989,33.6,450,12,34,Maintenance,Press deformation,B165,S355,Team B
2025-06-14,Afternoon,PRESS_60T,Pressing,Housing,531,548,539,9,46.148,43.2,450,11,17,Tool change,Press deformation,B165,S355,Team B
2025-06-14,Afternoon,WELD_01,Spot Welding,Housing,294,272,257,15,91.681,78.0,450,14,19,Tool change,Other,B165,S355,Team B
2025-06-14,Afternoon,WELD_10HEAD,Spot Welding,Housing,425,347,326,21,64.832,54.0,450,31,43,Material shortage,Welding defect,B165,S355,Team B
2025-06-14,Afternoon,LATHE_01,Machining,Housing,562,568,562,6,42.414,40.8,450,10,38,Machine failure,Dimensional defect,B165,S355,Team B
2025-06-14,Afternoon,INSPECT_01,Inspection,Housing,956,979,960,19,25.226,24.0,450,26,12,Tool change,Surface defect,B165,S355,Team B
2025-06-14,Afternoon,PACK_01,Packaging,Housing,765,658,642,16,33.514,30.0,450,30,52,Material shortage,Other,B165,S355,Team B
2025-06-14,Night,PRESS_600T,Pressing,Support,910,718,710,8,29.21,25.2,450,27,73,Machine failure,Other,B165,S275,Team C
2025-06-14,Night,PRESS_60T,Pressing,Support,708,554,535,19,39.794,32.4,450,32,50,Tool change,Press deformation,B165,S275,Team C
2025-06-14,Night,WELD_01,Spot Welding,Support,392,332,317,15,70.186,58.5,450,29,32,Tool change,Other,B165,S275,Team C
2025-06-14,Night,WELD_10HEAD,Spot Welding,Support,566,424,392,32,53.186,40.5,450,20,54,Quality issue,Welding defect,B165,S275,Team C
2025-06-14,Night,LATHE_01,Machining,Support,749,669,657,12,34.956,30.6,450,18,42,Tool change,Other,B165,S275,Team C
2025-06-14,Night,INSPECT_01,Inspection,Support,1275,1153,1130,23,20.968,18.0,450,26,21,Material shortage,Other,B165,S275,Team C
2025-06-14,Night,PACK_01,Packaging,Support,1020,952,931,21,25.011,22.5,450,12,41,Tool change,Scratch,B165,S275,Team C
2025-06-15,Morning,PRESS_600T,Pressing,Support,910,801,786,15,26.889,25.2,450,26,65,Operator waiting,Press deformation,B166,S275,Team A
2025-06-15,Morning,PRESS_60T,Pressing,Support,708,637,622,15,37.283,32.4,450,15,39,Material shortage,Press deformation,B166,S275,Team A
2025-06-15,Morning,WELD_01,Spot Welding,Support,392,304,288,16,73.527,58.5,450,30,47,Maintenance,Welding defect,B166,S275,Team A
2025-06-15,Morning,WELD_10HEAD,Spot Welding,Support,566,506,462,44,45.946,40.5,450,18,44,Quality issue,Other,B166,S275,Team A
2025-06-15,Morning,LATHE_01,Machining,Support,749,723,710,13,33.188,30.6,450,11,39,Material shortage,Dimensional defect,B166,S275,Team A
2025-06-15,Morning,INSPECT_01,Inspection,Support,1275,1258,1241,17,19.398,18.0,450,11,32,Tool change,Surface defect,B166,S275,Team A
2025-06-15,Morning,PACK_01,Packaging,Support,1020,963,949,14,25.79,22.5,450,25,11,Tool change,Other,B166,S275,Team A
2025-06-15,Afternoon,PRESS_600T,Pressing,Support,910,802,790,12,28.774,25.2,450,28,37,Material shortage,Press deformation,B166,S275,Team B
2025-06-15,Afternoon,PRESS_60T,Pressing,Support,708,612,602,10,37.004,32.4,450,33,39,Machine failure,Press deformation,B166,S275,Team B
2025-06-15,Afternoon,WELD_01,Spot Welding,Support,392,318,302,16,71.498,58.5,450,33,37,Maintenance,Welding defect,B166,S275,Team B
2025-06-15,Afternoon,WELD_10HEAD,Spot Welding,Support,566,511,486,25,48.776,40.5,450,25,9,Quality issue,Welding defect,B166,S275,Team B
2025-06-15,Afternoon,LATHE_01,Machining,Support,749,694,686,8,33.245,30.6,450,17,48,Material shortage,Dimensional defect,B166,S275,Team B
2025-06-15,Afternoon,INSPECT_01,Inspection,Support,1275,1324,1300,24,19.441,18.0,450,13,8,Tool change,Surface defect,B166,S275,Team B
2025-06-15,Afternoon,PACK_01,Packaging,Support,1020,903,893,10,25.951,22.5,450,31,28,Material shortage,Scratch,B166,S275,Team B
2025-06-15,Night,PRESS_600T,Pressing,Support,910,724,710,14,29.827,25.2,450,23,67,Material shortage,Press deformation,B166,S275,Team C
2025-06-15,Night,PRESS_60T,Pressing,Support,708,581,569,12,39.6,32.4,450,25,41,Material shortage,Press deformation,B166,S275,Team C
2025-06-15,Night,WELD_01,Spot Welding,Support,392,296,275,21,76.697,58.5,450,34,37,Tool change,Welding defect,B166,S275,Team C
2025-06-15,Night,WELD_10HEAD,Spot Welding,Support,566,428,404,24,56.714,40.5,450,18,27,Maintenance,Other,B166,S275,Team C
2025-06-15,Night,LATHE_01,Machining,Support,749,746,728,18,32.383,30.6,450,34,13,Tool change,Dimensional defect,B166,S275,Team C
2025-06-15,Night,INSPECT_01,Inspection,Support,1275,1047,1007,40,22.5,18.0,450,12,45,Machine failure,Surface defect,B166,S275,Team C
2025-06-15,Night,PACK_01,Packaging,Support,1020,1009,993,16,23.944,22.5,450,26,21,Quality issue,Scratch,B166,S275,Team C
2025-06-16,Morning,PRESS_600T,Pressing,Bracket,819,729,715,14,29.438,28.0,450,31,61,Tool change,Press deformation,B167,S235,Team A
2025-06-16,Morning,PRESS_60T,Pressing,Bracket,637,592,586,6,38.5,36.0,450,21,49,Tool change,Other,B167,S235,Team A
2025-06-16,Morning,WELD_01,Spot Welding,Bracket,353,337,312,25,76.055,65.0,450,15,7,Material shortage,Welding defect,B167,S235,Team A
2025-06-16,Morning,WELD_10HEAD,Spot Welding,Bracket,510,410,387,23,58.212,45.0,450,12,40,Maintenance,Welding defect,B167,S235,Team A
2025-06-16,Morning,LATHE_01,Machining,Bracket,675,614,609,5,37.284,34.0,450,23,45,Machine failure,Dimensional defect,B167,S235,Team A
2025-06-16,Morning,INSPECT_01,Inspection,Bracket,1147,1054,1034,20,21.786,20.0,450,13,54,Machine failure,Surface defect,B167,S235,Team A
2025-06-16,Morning,PACK_01,Packaging,Bracket,918,821,801,20,26.886,25.0,450,28,54,Material shortage,Scratch,B167,S235,Team A
2025-06-16,Afternoon,PRESS_600T,Pressing,Support,910,839,818,21,27.789,25.2,450,30,31,Material shortage,Press deformation,B167,S275,Team B
2025-06-16,Afternoon,PRESS_60T,Pressing,Support,708,633,615,18,35.791,32.4,450,28,44,Machine failure,Press deformation,B167,S275,Team B
2025-06-16,Afternoon,WELD_01,Spot Welding,Support,392,329,315,14,69.468,58.5,450,33,36,Tool change,Welding defect,B167,S275,Team B
2025-06-16,Afternoon,WELD_10HEAD,Spot Welding,Support,566,476,447,29,51.481,40.5,450,17,24,Maintenance,Welding defect,B167,S275,Team B
2025-06-16,Afternoon,LATHE_01,Machining,Support,749,667,654,13,35.33,30.6,450,31,26,Material shortage,Dimensional defect,B167,S275,Team B
2025-06-16,Afternoon,INSPECT_01,Inspection,Support,1275,1228,1212,16,19.542,18.0,450,13,37,Tool change,Other,B167,S275,Team B
2025-06-16,Afternoon,PACK_01,Packaging,Support,1020,1026,1003,23,23.497,22.5,450,11,37,Material shortage,Scratch,B167,S275,Team B
2025-06-16,Night,PRESS_600T,Pressing,Support,910,736,724,12,31.201,25.2,450,11,56,Maintenance,Press deformation,B167,S275,Team C
2025-06-16,Night,PRESS_60T,Pressing,Support,708,680,662,18,37.922,32.4,450,15,5,Maintenance,Press deformation,B167,S275,Team C
2025-06-16,Night,WELD_01,Spot Welding,Support,392,318,307,11,75.27,58.5,450,28,23,Quality issue,Welding defect,B167,S275,Team C
2025-06-16,Night,WELD_10HEAD,Spot Welding,Support,566,468,448,20,53.566,40.5,450,17,15,Machine failure,Welding defect,B167,S275,Team C
2025-06-16,Night,LATHE_01,Machining,Support,749,632,614,18,37.092,30.6,450,29,30,Machine failure,Dimensional defect,B167,S275,Team C
2025-06-16,Night,INSPECT_01,Inspection,Support,1275,1149,1117,32,19.779,18.0,450,34,37,Machine failure,Surface defect,B167,S275,Team C
2025-06-16,Night,PACK_01,Packaging,Support,1020,902,875,27,24.784,22.5,450,25,52,Machine failure,Other,B167,S275,Team C
2025-06-17,Morning,PRESS_600T,Pressing,Housing,683,641,631,10,38.16,33.6,450,17,25,Operator waiting,Other,B168,S355,Team A
2025-06-17,Morning,PRESS_60T,Pressing,Housing,531,527,515,12,47.247,43.2,450,30,5,Machine failure,Press deformation,B168,S355,Team A
2025-06-17,Morning,WELD_01,Spot Welding,Housing,294,268,255,13,95.102,78.0,450,16,9,Machine failure,Welding defect,B168,S355,Team A
2025-06-17,Morning,WELD_10HEAD,Spot Welding,Housing,425,355,335,20,70.439,54.0,450,28,5,Maintenance,Welding defect,B168,S355,Team A
2025-06-17,Morning,LATHE_01,Machining,Housing,562,522,515,7,45.201,40.8,450,30,26,Tool change,Other,B168,S355,Team A
2025-06-17,Morning,INSPECT_01,Inspection,Housing,956,930,917,13,25.266,24.0,450,28,30,Machine failure,Other,B168,S355,Team A
2025-06-17,Morning,PACK_01,Packaging,Housing,765,702,691,11,33.554,30.0,450,13,44,Tool change,Scratch,B168,S355,Team A
2025-06-17,Afternoon,PRESS_600T,Pressing,Housing,683,656,651,5,34.917,33.6,450,25,43,Tool change,Press deformation,B168,S355,Team B
2025-06-17,Afternoon,PRESS_60T,Pressing,Housing,531,548,541,7,46.707,43.2,450,10,13,Maintenance,Press deformation,B168,S355,Team B
2025-06-17,Afternoon,WELD_01,Spot Welding,Housing,294,234,224,10,95.828,78.0,450,22,53,Machine failure,Welding defect,B168,S355,Team B
2025-06-17,Afternoon,WELD_10HEAD,Spot Welding,Housing,425,356,339,17,69.649,54.0,450,18,18,Operator waiting,Welding defect,B168,S355,Team B
2025-06-17,Afternoon,LATHE_01,Machining,Housing,562,506,501,5,45.973,40.8,450,31,31,Tool change,Other,B168,S355,Team B
2025-06-17,Afternoon,INSPECT_01,Inspection,Housing,956,861,842,19,26.751,24.0,450,35,31,Maintenance,Surface defect,B168,S355,Team B
2025-06-17,Afternoon,PACK_01,Packaging,Housing,765,741,723,18,32.784,30.0,450,17,28,Material shortage,Other,B168,S355,Team B
2025-06-17,Night,PRESS_600T,Pressing,Housing,683,570,553,17,38.716,33.6,450,35,47,Machine failure,Press deformation,B168,S355,Team C
2025-06-17,Night,PRESS_60T,Pressing,Housing,531,509,497,12,48.169,43.2,450,20,21,Machine failure,Press deformation,B168,S355,Team C
2025-06-17,Night,WELD_01,Spot Welding,Housing,294,227,214,13,104.299,78.0,450,27,27,Material shortage,Welding defect,B168,S355,Team C
2025-06-17,Night,WELD_10HEAD,Spot Welding,Housing,425,313,297,16,74.016,54.0,450,32,31,Maintenance,Welding defect,B168,S355,Team C
2025-06-17,Night,LATHE_01,Machining,Housing,562,490,476,14,46.327,40.8,450,32,39,Material shortage,Dimensional defect,B168,S355,Team C
2025-06-17,Night,INSPECT_01,Inspection,Housing,956,869,853,16,28.93,24.0,450,17,14,Material shortage,Surface defect,B168,S355,Team C
2025-06-17,Night,PACK_01,Packaging,Housing,765,673,663,10,34.553,30.0,450,11,51,Material shortage,Other,B168,S355,Team C
2025-06-18,Morning,PRESS_600T,Pressing,Bracket,819,752,737,15,31.176,28.0,450,12,47,Machine failure,Press deformation,B169,S235,Team A
2025-06-18,Morning,PRESS_60T,Pressing,Bracket,637,591,582,9,38.643,36.0,450,20,49,Material shortage,Other,B169,S235,Team A
2025-06-18,Morning,WELD_01,Spot Welding,Bracket,353,312,297,15,75.884,65.0,450,22,33,Maintenance,Welding defect,B169,S235,Team A
2025-06-18,Morning,WELD_10HEAD,Spot Welding,Bracket,510,464,431,33,52.025,45.0,450,23,24,Material shortage,Welding defect,B169,S235,Team A
2025-06-18,Morning,LATHE_01,Machining,Bracket,675,698,688,10,34.712,34.0,450,32,14,Material shortage,Other,B169,S235,Team A
2025-06-18,Morning,INSPECT_01,Inspection,Bracket,1147,1096,1077,19,22.989,20.0,450,10,20,Material shortage,Surface defect,B169,S235,Team A
2025-06-18,Morning,PACK_01,Packaging,Bracket,918,780,766,14,28.428,25.0,450,29,51,Machine failure,Scratch,B169,S235,Team A
2025-06-18,Afternoon,PRESS_600T,Pressing,Bracket,819,762,744,18,29.965,28.0,450,16,53,Machine failure,Press deformation,B169,S235,Team B
2025-06-18,Afternoon,PRESS_60T,Pressing,Bracket,637,567,558,9,40.84,36.0,450,13,51,Material shortage,Other,B169,S235,Team B
2025-06-18,Afternoon,WELD_01,Spot Welding,Bracket,353,289,275,14,78.744,65.0,450,16,54,Tool change,Welding defect,B169,S235,Team B
2025-06-18,Afternoon,WELD_10HEAD,Spot Welding,Bracket,510,461,436,25,54.985,45.0,450,22,5,Material shortage,Welding defect,B169,S235,Team B
2025-06-18,Afternoon,LATHE_01,Machining,Bracket,675,649,637,12,35.572,34.0,450,26,39,Tool change,Dimensional defect,B169,S235,Team B
2025-06-18,Afternoon,INSPECT_01,Inspection,Bracket,1147,1077,1058,19,21.437,20.0,450,28,37,Material shortage,Surface defect,B169,S235,Team B
2025-06-18,Afternoon,PACK_01,Packaging,Bracket,918,848,836,12,25.878,25.0,450,34,50,Tool change,Other,B169,S235,Team B
2025-06-18,Night,PRESS_600T,Pressing,Housing,683,626,611,15,37.748,33.6,450,29,27,Quality issue,Press deformation,B169,S355,Team C
2025-06-18,Night,PRESS_60T,Pressing,Housing,531,414,405,9,55.15,43.2,450,15,54,Quality issue,Press deformation,B169,S355,Team C
2025-06-18,Night,WELD_01,Spot Welding,Housing,294,216,206,10,107.845,78.0,450,19,42,Material shortage,Welding defect,B169,S355,Team C
2025-06-18,Night,WELD_10HEAD,Spot Welding,Housing,425,362,332,30,69.261,54.0,450,26,6,Machine failure,Welding defect,B169,S355,Team C
2025-06-18,Night,LATHE_01,Machining,Housing,562,519,508,11,45.175,40.8,450,22,37,Maintenance,Dimensional defect,B169,S355,Team C
2025-06-18,Night,INSPECT_01,Inspection,Housing,956,779,760,19,29.011,24.0,450,24,49,Tool change,Surface defect,B169,S355,Team C
2025-06-18,Night,PACK_01,Packaging,Housing,765,641,622,19,37.319,30.0,450,22,29,Material shortage,Scratch,B169,S355,Team C
2025-06-19,Morning,PRESS_600T,Pressing,Bracket,819,671,660,11,31.83,28.0,450,35,59,Machine failure,Press deformation,B170,S235,Team A
2025-06-19,Morning,PRESS_60T,Pressing,Bracket,637,610,604,6,38.814,36.0,450,34,21,Quality issue,Press deformation,B170,S235,Team A
2025-06-19,Morning,WELD_01,Spot Welding,Bracket,353,283,262,21,85.087,65.0,450,26,22,Tool change,Welding defect,B170,S235,Team A
2025-06-19,Morning,WELD_10HEAD,Spot Welding,Bracket,510,419,394,25,56.868,45.0,450,24,28,Maintenance,Other,B170,S235,Team A
2025-06-19,Morning,LATHE_01,Machining,Bracket,675,594,582,12,38.983,34.0,450,31,33,Maintenance,Dimensional defect,B170,S235,Team A
2025-06-19,Morning,INSPECT_01,Inspection,Bracket,1147,1066,1049,17,23.179,20.0,450,25,13,Operator waiting,Surface defect,B170,S235,Team A
2025-06-19,Morning,PACK_01,Packaging,Bracket,918,982,968,14,25.772,25.0,450,11,17,Tool change,Other,B170,S235,Team A
2025-06-19,Afternoon,PRESS_600T,Pressing,Bracket,819,797,782,15,28.97,28.0,450,18,47,Machine failure,Press deformation,B170,S235,Team B
2025-06-19,Afternoon,PRESS_60T,Pressing,Bracket,637,655,648,7,37.271,36.0,450,25,18,Tool change,Press deformation,B170,S235,Team B
2025-06-19,Afternoon,WELD_01,Spot Welding,Bracket,353,276,261,15,83.232,65.0,450,18,49,Material shortage,Welding defect,B170,S235,Team B
2025-06-19,Afternoon,WELD_10HEAD,Spot Welding,Bracket,510,445,423,22,53.842,45.0,450,14,36,Tool change,Other,B170,S235,Team B
2025-06-19,Afternoon,LATHE_01,Machining,Bracket,675,706,693,13,34.995,34.0,450,17,21,Tool change,Dimensional defect,B170,S235,Team B
2025-06-19,Afternoon,INSPECT_01,Inspection,Bracket,1147,1061,1036,25,21.02,20.0,450,29,49,Material shortage,Surface defect,B170,S235,Team B
2025-06-19,Afternoon,PACK_01,Packaging,Bracket,918,827,814,13,27.987,25.0,450,34,30,Tool change,Scratch,B170,S235,Team B
2025-06-19,Night,PRESS_600T,Pressing,Bracket,819,655,642,13,32.862,28.0,450,31,60,Tool change,Press deformation,B170,S235,Team C
2025-06-19,Night,PRESS_60T,Pressing,Bracket,637,681,667,14,37.581,36.0,450,16,7,Material shortage,Press deformation,B170,S235,Team C
2025-06-19,Night,WELD_01,Spot Welding,Bracket,353,283,261,22,86.253,65.0,450,18,25,Quality issue,Other,B170,S235,Team C
2025-06-19,Night,WELD_10HEAD,Spot Welding,Bracket,510,374,354,20,59.512,45.0,450,30,49,Machine failure,Other,B170,S235,Team C
2025-06-19,Night,LATHE_01,Machining,Bracket,675,655,644,11,37.261,34.0,450,12,31,Material shortage,Dimensional defect,B170,S235,Team C
2025-06-19,Night,INSPECT_01,Inspection,Bracket,1147,1103,1085,18,21.92,20.0,450,17,30,Material shortage,Surface defect,B170,S235,Team C
2025-06-19,Night,PACK_01,Packaging,Bracket,918,794,781,13,28.86,25.0,450,17,51,Tool change,Other,B170,S235,Team C
2025-06-20,Morning,PRESS_600T,Pressing,Housing,683,616,597,19,37.199,33.6,450,27,41,Tool change,Press deformation,B171,S355,Team A
2025-06-20,Morning,PRESS_60T,Pressing,Housing,531,491,484,7,46.127,43.2,450,30,42,Maintenance,Press deformation,B171,S355,Team A
2025-06-20,Morning,WELD_01,Spot Welding,Housing,294,253,238,15,93.497,78.0,450,20,35,Machine failure,Welding defect,B171,S355,Team A
2025-06-20,Morning,WELD_10HEAD,Spot Welding,Housing,425,361,348,13,60.851,54.0,450,30,53,Tool change,Other,B171,S355,Team A
2025-06-20,Morning,LATHE_01,Machining,Housing,562,525,510,15,43.699,40.8,450,32,35,Tool change,Dimensional defect,B171,S355,Team A
2025-06-20,Morning,INSPECT_01,Inspection,Housing,956,829,819,10,26.908,24.0,450,30,48,Tool change,Surface defect,B171,S355,Team A
2025-06-20,Morning,PACK_01,Packaging,Housing,765,780,763,17,31.762,30.0,450,31,6,Material shortage,Scratch,B171,S355,Team A
2025-06-20,Afternoon,PRESS_600T,Pressing,Housing,683,627,617,10,35.649,33.6,450,30,47,Material shortage,Press deformation,B171,S355,Team B
2025-06-20,Afternoon,PRESS_60T,Pressing,Housing,531,468,465,3,48.965,43.2,450,14,54,Material shortage,Press deformation,B171,S355,Team B
2025-06-20,Afternoon,WELD_01,Spot Welding,Housing,294,228,218,10,97.313,78.0,450,26,54,Tool change,Welding defect,B171,S355,Team B
2025-06-20,Afternoon,WELD_10HEAD,Spot Welding,Housing,425,349,324,25,69.463,54.0,450,28,17,Tool change,Welding defect,B171,S355,Team B
2025-06-20,Afternoon,LATHE_01,Machining,Housing,562,525,510,15,43.751,40.8,450,21,46,Maintenance,Other,B171,S355,Team B
2025-06-20,Afternoon,INSPECT_01,Inspection,Housing,956,916,901,15,26.449,24.0,450,21,25,Tool change,Other,B171,S355,Team B
2025-06-20,Afternoon,PACK_01,Packaging,Housing,765,740,720,20,33.044,30.0,450,18,24,Tool change,Scratch,B171,S355,Team B
2025-06-20,Night,PRESS_600T,Pressing,Bracket,819,762,733,29,31.396,28.0,450,22,29,Machine failure,Press deformation,B171,S235,Team C
2025-06-20,Night,PRESS_60T,Pressing,Bracket,637,510,494,16,46.073,36.0,450,16,42,Tool change,Press deformation,B171,S235,Team C
2025-06-20,Night,WELD_01,Spot Welding,Bracket,353,307,292,15,79.265,65.0,450,14,30,Operator waiting,Welding defect,B171,S235,Team C
2025-06-20,Night,WELD_10HEAD,Spot Welding,Bracket,510,417,400,17,57.375,45.0,450,19,32,Machine failure,Welding defect,B171,S235,Team C
2025-06-20,Night,LATHE_01,Machining,Bracket,675,547,534,13,40.533,34.0,450,29,51,Tool change,Dimensional defect,B171,S235,Team C
2025-06-20,Night,INSPECT_01,Inspection,Bracket,1147,997,982,15,23.327,20.0,450,32,30,Tool change,Surface defect,B171,S235,Team C
2025-06-20,Night,PACK_01,Packaging,Bracket,918,783,764,19,28.241,25.0,450,29,52,Tool change,Other,B171,S235,Team C
2025-06-21,Morning,PRESS_600T,Pressing,Bracket,819,739,731,8,29.047,28.0,450,23,69,Operator waiting,Press deformation,B172,S235,Team A
2025-06-21,Morning,PRESS_60T,Pressing,Bracket,637,609,599,10,40.383,36.0,450,30,10,Machine failure,Press deformation,B172,S235,Team A
2025-06-21,Morning,WELD_01,Spot Welding,Bracket,353,315,294,21,76.556,65.0,450,29,18,Material shortage,Welding defect,B172,S235,Team A
2025-06-21,Morning,WELD_10HEAD,Spot Welding,Bracket,510,442,423,19,53.558,45.0,450,24,31,Tool change,Welding defect,B172,S235,Team A
2025-06-21,Morning,LATHE_01,Machining,Bracket,675,619,609,10,37.496,34.0,450,21,42,Quality issue,Dimensional defect,B172,S235,Team A
2025-06-21,Morning,INSPECT_01,Inspection,Bracket,1147,1075,1055,20,22.528,20.0,450,22,24,Tool change,Other,B172,S235,Team A
2025-06-21,Morning,PACK_01,Packaging,Bracket,918,825,803,22,28.572,25.0,450,32,25,Tool change,Scratch,B172,S235,Team A
2025-06-21,Afternoon,PRESS_600T,Pressing,Housing,683,683,673,10,35.541,33.6,450,16,29,Material shortage,Press deformation,B172,S355,Team B
2025-06-21,Afternoon,PRESS_60T,Pressing,Housing,531,508,507,1,46.245,43.2,450,17,41,Maintenance,Press deformation,B172,S355,Team B
2025-06-21,Afternoon,WELD_01,Spot Welding,Housing,294,235,221,14,99.24,78.0,450,17,44,Operator waiting,Welding defect,B172,S355,Team B
2025-06-21,Afternoon,WELD_10HEAD,Spot Welding,Housing,425,342,321,21,70.49,54.0,450,24,24,Tool change,Welding defect,B172,S355,Team B
2025-06-21,Afternoon,LATHE_01,Machining,Housing,562,530,525,5,45.605,40.8,450,19,28,Maintenance,Dimensional defect,B172,S355,Team B
2025-06-21,Afternoon,INSPECT_01,Inspection,Housing,956,916,904,12,25.846,24.0,450,32,23,Material shortage,Surface defect,B172,S355,Team B
2025-06-21,Afternoon,PACK_01,Packaging,Housing,765,727,715,12,31.911,30.0,450,35,28,Tool change,Scratch,B172,S355,Team B
2025-06-21,Night,PRESS_600T,Pressing,Bracket,819,691,670,21,31.49,28.0,450,28,59,Machine failure,Other,B172,S235,Team C
2025-06-21,Night,PRESS_60T,Pressing,Bracket,637,530,516,14,43.342,36.0,450,14,53,Machine failure,Press deformation,B172,S235,Team C
2025-06-21,Night,WELD_01,Spot Welding,Bracket,353,271,255,16,84.945,65.0,450,19,47,Tool change,Other,B172,S235,Team C
2025-06-21,Night,WELD_10HEAD,Spot Welding,Bracket,510,431,410,21,58.454,45.0,450,17,13,Machine failure,Other,B172,S235,Team C
2025-06-21,Night,LATHE_01,Machining,Bracket,675,629,611,18,39.009,34.0,450,28,13,Maintenance,Dimensional defect,B172,S235,Team C
2025-06-21,Night,INSPECT_01,Inspection,Bracket,1147,939,906,33,24.977,20.0,450,12,47,Machine failure,Surface defect,B172,S235,Team C
2025-06-21,Night,PACK_01,Packaging,Bracket,918,783,755,28,29.702,25.0,450,20,42,Machine failure,Other,B172,S235,Team C
2025-06-22,Morning,PRESS_600T,Pressing,Housing,683,624,616,8,34.385,33.6,450,18,74,Material shortage,Press deformation,B173,S355,Team A
2025-06-22,Morning,PRESS_60T,Pressing,Housing,531,477,467,10,49.342,43.2,450,35,22,Material shortage,Press deformation,B173,S355,Team A
2025-06-22,Morning,WELD_01,Spot Welding,Housing,294,254,242,12,90.641,78.0,450,32,34,Material shortage,Welding defect,B173,S355,Team A
2025-06-22,Morning,WELD_10HEAD,Spot Welding,Housing,425,395,368,27,60.628,54.0,450,18,32,Maintenance,Welding defect,B173,S355,Team A
2025-06-22,Morning,LATHE_01,Machining,Housing,562,528,514,14,46.545,40.8,450,34,6,Tool change,Dimensional defect,B173,S355,Team A
2025-06-22,Morning,INSPECT_01,Inspection,Housing,956,883,868,15,26.629,24.0,450,14,44,Tool change,Surface defect,B173,S355,Team A
2025-06-22,Morning,PACK_01,Packaging,Housing,765,802,794,8,31.609,30.0,450,20,7,Material shortage,Scratch,B173,S355,Team A
2025-06-22,Afternoon,PRESS_600T,Pressing,Bracket,819,805,789,16,28.889,28.0,450,20,42,Machine failure,Press deformation,B173,S235,Team B
2025-06-22,Afternoon,PRESS_60T,Pressing,Bracket,637,589,577,12,38.598,36.0,450,17,54,Tool change,Press deformation,B173,S235,Team B
2025-06-22,Afternoon,WELD_01,Spot Welding,Bracket,353,281,259,22,79.789,65.0,450,32,44,Material shortage,Welding defect,B173,S235,Team B
2025-06-22,Afternoon,WELD_10HEAD,Spot Welding,Bracket,510,451,422,29,52.271,45.0,450,16,41,Material shortage,Welding defect,B173,S235,Team B
2025-06-22,Afternoon,LATHE_01,Machining,Bracket,675,675,665,10,35.284,34.0,450,19,34,Tool change,Dimensional defect,B173,S235,Team B
2025-06-22,Afternoon,INSPECT_01,Inspection,Bracket,1147,1120,1090,30,21.523,20.0,450,14,34,Tool change,Surface defect,B173,S235,Team B
2025-06-22,Afternoon,PACK_01,Packaging,Bracket,918,855,833,22,25.956,25.0,450,31,49,Material shortage,Scratch,B173,S235,Team B
2025-06-22,Night,PRESS_600T,Pressing,Bracket,819,691,668,23,31.928,28.0,450,19,63,Tool change,Press deformation,B173,S235,Team C
2025-06-22,Night,PRESS_60T,Pressing,Bracket,637,578,561,17,41.361,36.0,450,31,20,Tool change,Press deformation,B173,S235,Team C
2025-06-22,Night,WELD_01,Spot Welding,Bracket,353,322,301,21,77.327,65.0,450,28,6,Tool change,Welding defect,B173,S235,Team C
2025-06-22,Night,WELD_10HEAD,Spot Welding,Bracket,510,382,352,30,57.927,45.0,450,27,54,Maintenance,Other,B173,S235,Team C
2025-06-22,Night,LATHE_01,Machining,Bracket,675,534,517,17,43.24,34.0,450,25,40,Tool change,Dimensional defect,B173,S235,Team C
2025-06-22,Night,INSPECT_01,Inspection,Bracket,1147,1048,1021,27,23.123,20.0,450,29,17,Quality issue,Surface defect,B173,S235,Team C
2025-06-22,Night,PACK_01,Packaging,Bracket,918,799,778,21,30.402,25.0,450,22,23,Tool change,Other,B173,S235,Team C
2025-06-23,Morning,PRESS_600T,Pressing,Bracket,819,757,747,10,31.226,28.0,450,29,27,Maintenance,Press deformation,B174,S235,Team A
2025-06-23,Morning,PRESS_60T,Pressing,Bracket,637,608,603,5,40.522,36.0,450,27,12,Material shortage,Press deformation,B174,S235,Team A
2025-06-23,Morning,WELD_01,Spot Welding,Bracket,353,310,296,14,77.758,65.0,450,12,36,Quality issue,Welding defect,B174,S235,Team A
2025-06-23,Morning,WELD_10HEAD,Spot Welding,Bracket,510,415,391,24,53.624,45.0,450,27,52,Machine failure,Welding defect,B174,S235,Team A
2025-06-23,Morning,LATHE_01,Machining,Bracket,675,590,578,12,38.708,34.0,450,18,51,Machine failure,Dimensional defect,B174,S235,Team A
2025-06-23,Morning,INSPECT_01,Inspection,Bracket,1147,1236,1217,19,20.528,20.0,450,14,13,Maintenance,Surface defect,B174,S235,Team A
2025-06-23,Morning,PACK_01,Packaging,Bracket,918,904,881,23,27.865,25.0,450,25,5,Tool change,Scratch,B174,S235,Team A
2025-06-23,Afternoon,PRESS_600T,Pressing,Bracket,819,855,843,12,28.955,28.0,450,10,27,Quality issue,Press deformation,B174,S235,Team B
2025-06-23,Afternoon,PRESS_60T,Pressing,Bracket,637,635,629,6,37.38,36.0,450,21,33,Material shortage,Press deformation,B174,S235,Team B
2025-06-23,Afternoon,WELD_01,Spot Welding,Bracket,353,290,275,15,76.345,65.0,450,28,53,Tool change,Welding defect,B174,S235,Team B
2025-06-23,Afternoon,WELD_10HEAD,Spot Welding,Bracket,510,447,422,25,54.196,45.0,450,18,28,Material shortage,Welding defect,B174,S235,Team B
2025-06-23,Afternoon,LATHE_01,Machining,Bracket,675,605,598,7,38.444,34.0,450,17,45,Material shortage,Dimensional defect,B174,S235,Team B
2025-06-23,Afternoon,INSPECT_01,Inspection,Bracket,1147,1101,1076,25,22.927,20.0,450,11,18,Machine failure,Surface defect,B174,S235,Team B
2025-06-23,Afternoon,PACK_01,Packaging,Bracket,918,861,842,19,28.428,25.0,450,14,28,Maintenance,Scratch,B174,S235,Team B
2025-06-23,Night,PRESS_600T,Pressing,Housing,683,594,580,14,40.164,33.6,450,15,37,Tool change,Press deformation,B174,S355,Team C
2025-06-23,Night,PRESS_60T,Pressing,Housing,531,497,484,13,51.026,43.2,450,12,15,Operator waiting,Press deformation,B174,S355,Team C
2025-06-23,Night,WELD_01,Spot Welding,Housing,294,237,221,16,99.103,78.0,450,30,28,Tool change,Other,B174,S355,Team C
2025-06-23,Night,WELD_10HEAD,Spot Welding,Housing,425,349,337,12,69.61,54.0,450,25,20,Tool change,Welding defect,B174,S355,Team C
2025-06-23,Night,LATHE_01,Machining,Housing,562,514,509,5,48.136,40.8,450,10,27,Machine failure,Other,B174,S355,Team C
2025-06-23,Night,INSPECT_01,Inspection,Housing,956,826,801,25,28.326,24.0,450,16,44,Quality issue,Surface defect,B174,S355,Team C
2025-06-23,Night,PACK_01,Packaging,Housing,765,740,729,11,31.937,30.0,450,28,28,Tool change,Scratch,B174,S355,Team C
2025-06-24,Morning,PRESS_600T,Pressing,Support,910,839,828,11,27.663,25.2,450,25,38,Operator waiting,Press deformation,B175,S275,Team A
2025-06-24,Morning,PRESS_60T,Pressing,Support,708,683,670,13,34.778,32.4,450,25,29,Material shortage,Other,B175,S275,Team A
2025-06-24,Morning,WELD_01,Spot Welding,Support,392,308,287,21,74.382,58.5,450,32,36,Tool change,Welding defect,B175,S275,Team A
2025-06-24,Morning,WELD_10HEAD,Spot Welding,Support,566,443,420,23,51.267,40.5,450,21,50,Maintenance,Other,B175,S275,Team A
2025-06-24,Morning,LATHE_01,Machining,Support,749,684,675,9,34.177,30.6,450,32,28,Material shortage,Dimensional defect,B175,S275,Team A
2025-06-24,Morning,INSPECT_01,Inspection,Support,1275,1130,1117,13,20.59,18.0,450,32,30,Material shortage,Other,B175,S275,Team A
2025-06-24,Morning,PACK_01,Packaging,Support,1020,953,944,9,23.91,22.5,450,15,55,Machine failure,Other,B175,S275,Team A
2025-06-24,Afternoon,PRESS_600T,Pressing,Support,910,863,852,11,26.051,25.2,450,31,44,Tool change,Press deformation,B175,S275,Team B
2025-06-24,Afternoon,PRESS_60T,Pressing,Support,708,732,710,22,33.851,32.4,450,29,8,Maintenance,Press deformation,B175,S275,Team B
2025-06-24,Afternoon,WELD_01,Spot Welding,Support,392,329,317,12,75.3,58.5,450,30,7,Machine failure,Welding defect,B175,S275,Team B
2025-06-24,Afternoon,WELD_10HEAD,Spot Welding,Support,566,549,522,27,47.405,40.5,450,11,5,Tool change,Welding defect,B175,S275,Team B
2025-06-24,Afternoon,LATHE_01,Machining,Support,749,721,712,9,33.771,30.6,450,29,15,Material shortage,Dimensional defect,B175,S275,Team B
2025-06-24,Afternoon,INSPECT_01,Inspection,Support,1275,1296,1272,24,19.708,18.0,450,18,6,Material shortage,Surface defect,B175,S275,Team B
2025-06-24,Afternoon,PACK_01,Packaging,Support,1020,956,931,25,24.332,22.5,450,14,48,Material shortage,Scratch,B175,S275,Team B
2025-06-24,Night,PRESS_600T,Pressing,Housing,683,613,594,19,38.049,33.6,450,25,36,Operator waiting,Press deformation,B175,S355,Team C
2025-06-24,Night,PRESS_60T,Pressing,Housing,531,466,455,11,54.515,43.2,450,13,13,Quality issue,Press deformation,B175,S355,Team C
2025-06-24,Night,WELD_01,Spot Welding,Housing,294,262,247,15,93.595,78.0,450,33,7,Machine failure,Other,B175,S355,Team C
2025-06-24,Night,WELD_10HEAD,Spot Welding,Housing,425,373,354,19,64.533,54.0,450,29,19,Material shortage,Other,B175,S355,Team C
2025-06-24,Night,LATHE_01,Machining,Housing,562,504,492,12,47.715,40.8,450,10,39,Material shortage,Other,B175,S355,Team C
2025-06-24,Night,INSPECT_01,Inspection,Housing,956,740,727,13,31.029,24.0,450,15,52,Machine failure,Surface defect,B175,S355,Team C
2025-06-24,Night,PACK_01,Packaging,Housing,765,739,726,13,32.882,30.0,450,10,35,Quality issue,Scratch,B175,S355,Team C
2025-06-25,Morning,PRESS_600T,Pressing,Support,910,855,838,17,25.938,25.2,450,22,58,Machine failure,Press deformation,B176,S275,Team A
2025-06-25,Morning,PRESS_60T,Pressing,Support,708,620,608,12,36.442,32.4,450,19,54,Tool change,Press deformation,B176,S275,Team A
2025-06-25,Morning,WELD_01,Spot Welding,Support,392,327,312,15,73.759,58.5,450,10,38,Tool change,Welding defect,B176,S275,Team A
2025-06-25,Morning,WELD_10HEAD,Spot Welding,Support,566,447,421,26,53.223,40.5,450,13,40,Material shortage,Welding defect,B176,S275,Team A
2025-06-25,Morning,LATHE_01,Machining,Support,749,781,771,10,32.104,30.6,450,18,14,Material shortage,Dimensional defect,B176,S275,Team A
2025-06-25,Morning,INSPECT_01,Inspection,Support,1275,1240,1210,30,18.916,18.0,450,21,38,Material shortage,Surface defect,B176,S275,Team A
2025-06-25,Morning,PACK_01,Packaging,Support,1020,940,927,13,24.692,22.5,450,21,42,Material shortage,Scratch,B176,S275,Team A
2025-06-25,Afternoon,PRESS_600T,Pressing,Housing,683,640,633,7,35.995,33.6,450,29,37,Material shortage,Press deformation,B176,S355,Team B
2025-06-25,Afternoon,PRESS_60T,Pressing,Housing,531,509,505,4,48.798,43.2,450,26,10,Quality issue,Press deformation,B176,S355,Team B
2025-06-25,Afternoon,WELD_01,Spot Welding,Housing,294,268,248,20,92.826,78.0,450,13,21,Machine failure,Welding defect,B176,S355,Team B
2025-06-25,Afternoon,WELD_10HEAD,Spot Welding,Housing,425,338,322,16,70.173,54.0,450,29,25,Material shortage,Other,B176,S355,Team B
2025-06-25,Afternoon,LATHE_01,Machining,Housing,562,569,558,11,44.594,40.8,450,14,13,Material shortage,Dimensional defect,B176,S355,Team B
2025-06-25,Afternoon,INSPECT_01,Inspection,Housing,956,917,906,11,24.713,24.0,450,17,55,Maintenance,Surface defect,B176,S355,Team B
2025-06-25,Afternoon,PACK_01,Packaging,Housing,765,682,668,14,33.508,30.0,450,16,53,Tool change,Scratch,B176,S355,Team B
2025-06-25,Night,PRESS_600T,Pressing,Housing,683,511,501,10,40.84,33.6,450,34,68,Material shortage,Press deformation,B176,S355,Team C
2025-06-25,Night,PRESS_60T,Pressing,Housing,531,508,495,13,50.455,43.2,450,13,9,Operator waiting,Press deformation,B176,S355,Team C
2025-06-25,Night,WELD_01,Spot Welding,Housing,294,210,201,9,107.612,78.0,450,34,38,Maintenance,Welding defect,B176,S355,Team C
2025-06-25,Night,WELD_10HEAD,Spot Welding,Housing,425,343,320,23,69.6,54.0,450,30,21,Machine failure,Welding defect,B176,S355,Team C
2025-06-25,Night,LATHE_01,Machining,Housing,562,512,503,9,48.576,40.8,450,10,25,Tool change,Dimensional defect,B176,S355,Team C
2025-06-25,Night,INSPECT_01,Inspection,Housing,956,925,908,17,27.296,24.0,450,24,5,Material shortage,Surface defect,B176,S355,Team C
2025-06-25,Night,PACK_01,Packaging,Housing,765,665,647,18,37.532,30.0,450,19,15,Operator waiting,Scratch,B176,S355,Team C
2025-06-26,Morning,PRESS_600T,Pressing,Bracket,819,831,826,5,28.576,28.0,450,11,43,Machine failure,Press deformation,B177,S235,Team A
2025-06-26,Morning,PRESS_60T,Pressing,Bracket,637,565,560,5,39.542,36.0,450,31,46,Material shortage,Press deformation,B177,S235,Team A
2025-06-26,Morning,WELD_01,Spot Welding,Bracket,353,304,290,14,79.522,65.0,450,24,23,Maintenance,Welding defect,B177,S235,Team A
2025-06-26,Morning,WELD_10HEAD,Spot Welding,Bracket,510,412,389,23,59.058,45.0,450,25,19,Tool change,Welding defect,B177,S235,Team A
2025-06-26,Morning,LATHE_01,Machining,Bracket,675,711,699,12,34.822,34.0,450,12,25,Material shortage,Dimensional defect,B177,S235,Team A
2025-06-26,Morning,INSPECT_01,Inspection,Bracket,1147,1126,1116,10,21.676,20.0,450,23,20,Operator waiting,Surface defect,B177,S235,Team A
2025-06-26,Morning,PACK_01,Packaging,Bracket,918,914,906,8,27.042,25.0,450,25,13,Tool change,Scratch,B177,S235,Team A
2025-06-26,Afternoon,PRESS_600T,Pressing,Housing,683,661,649,12,34.481,33.6,450,33,37,Machine failure,Press deformation,B177,S355,Team B
2025-06-26,Afternoon,PRESS_60T,Pressing,Housing,531,550,539,11,44.073,43.2,450,11,35,Material shortage,Other,B177,S355,Team B
2025-06-26,Afternoon,WELD_01,Spot Welding,Housing,294,261,254,7,96.711,78.0,450,19,10,Machine failure,Welding defect,B177,S355,Team B
2025-06-26,Afternoon,WELD_10HEAD,Spot Welding,Housing,425,374,356,18,65.804,54.0,450,34,5,Tool change,Welding defect,B177,S355,Team B
2025-06-26,Afternoon,LATHE_01,Machining,Housing,562,533,513,20,44.278,40.8,450,28,28,Tool change,Dimensional defect,B177,S355,Team B
2025-06-26,Afternoon,INSPECT_01,Inspection,Housing,956,880,856,24,26.582,24.0,450,12,48,Material shortage,Surface defect,B177,S355,Team B
2025-06-26,Afternoon,PACK_01,Packaging,Housing,765,746,730,16,33.052,30.0,450,20,19,Operator waiting,Scratch,B177,S355,Team B
2025-06-26,Night,PRESS_600T,Pressing,Housing,683,547,523,24,42.182,33.6,450,21,44,Machine failure,Press deformation,B177,S355,Team C
2025-06-26,Night,PRESS_60T,Pressing,Housing,531,460,448,12,51.736,43.2,450,32,21,Machine failure,Press deformation,B177,S355,Team C
2025-06-26,Night,WELD_01,Spot Welding,Housing,294,243,229,14,98.767,78.0,450,13,36,Material shortage,Welding defect,B177,S355,Team C
2025-06-26,Night,WELD_10HEAD,Spot Welding,Housing,425,348,335,13,73.189,54.0,450,13,12,Tool change,Welding defect,B177,S355,Team C
2025-06-26,Night,LATHE_01,Machining,Housing,562,498,480,18,48.843,40.8,450,35,9,Machine failure,Other,B177,S355,Team C
2025-06-26,Night,INSPECT_01,Inspection,Housing,956,788,773,15,30.348,24.0,450,33,18,Operator waiting,Surface defect,B177,S355,Team C
2025-06-26,Night,PACK_01,Packaging,Housing,765,661,646,15,34.095,30.0,450,35,39,Material shortage,Scratch,B177,S355,Team C
2025-06-27,Morning,PRESS_600T,Pressing,Housing,683,604,586,18,36.999,33.6,450,34,43,Maintenance,Press deformation,B178,S355,Team A
2025-06-27,Morning,PRESS_60T,Pressing,Housing,531,488,477,11,47.261,43.2,450,18,47,Machine failure,Press deformation,B178,S355,Team A
2025-06-27,Morning,WELD_01,Spot Welding,Housing,294,257,244,13,92.164,78.0,450,14,40,Material shortage,Other,B178,S355,Team A
2025-06-27,Morning,WELD_10HEAD,Spot Welding,Housing,425,393,377,16,63.076,54.0,450,30,6,Tool change,Welding defect,B178,S355,Team A
2025-06-27,Morning,LATHE_01,Machining,Housing,562,554,551,3,45.101,40.8,450,27,6,Machine failure,Other,B178,S355,Team A
2025-06-27,Morning,INSPECT_01,Inspection,Housing,956,914,899,15,25.529,24.0,450,29,32,Material shortage,Surface defect,B178,S355,Team A
2025-06-27,Morning,PACK_01,Packaging,Housing,765,747,729,18,32.68,30.0,450,28,15,Material shortage,Scratch,B178,S355,Team A
2025-06-27,Afternoon,PRESS_600T,Pressing,Housing,683,631,618,13,37.261,33.6,450,22,36,Machine failure,Press deformation,B178,S355,Team B
2025-06-27,Afternoon,PRESS_60T,Pressing,Housing,531,504,495,9,49.225,43.2,450,24,12,Tool change,Press deformation,B178,S355,Team B
2025-06-27,Afternoon,WELD_01,Spot Welding,Housing,294,264,250,14,91.371,78.0,450,24,23,Operator waiting,Welding defect,B178,S355,Team B
2025-06-27,Afternoon,WELD_10HEAD,Spot Welding,Housing,425,316,300,16,69.265,54.0,450,32,53,Maintenance,Welding defect,B178,S355,Team B
2025-06-27,Afternoon,LATHE_01,Machining,Housing,562,551,536,15,46.357,40.8,450,18,6,Tool change,Dimensional defect,B178,S355,Team B
2025-06-27,Afternoon,INSPECT_01,Inspection,Housing,956,907,889,18,25.515,24.0,450,27,37,Material shortage,Surface defect,B178,S355,Team B
2025-06-27,Afternoon,PACK_01,Packaging,Housing,765,741,734,7,31.865,30.0,450,30,26,Quality issue,Scratch,B178,S355,Team B
2025-06-27,Night,PRESS_600T,Pressing,Bracket,819,616,600,16,34.051,28.0,450,35,65,Material shortage,Other,B178,S235,Team C
2025-06-27,Night,PRESS_60T,Pressing,Bracket,637,559,542,17,39.709,36.0,450,34,46,Tool change,Press deformation,B178,S235,Team C
2025-06-27,Night,WELD_01,Spot Welding,Bracket,353,296,278,18,81.981,65.0,450,23,22,Machine failure,Welding defect,B178,S235,Team C
2025-06-27,Night,WELD_10HEAD,Spot Welding,Bracket,510,419,394,25,58.58,45.0,450,10,30,Tool change,Welding defect,B178,S235,Team C
2025-06-27,Night,LATHE_01,Machining,Bracket,675,583,571,12,40.416,34.0,450,11,46,Material shortage,Dimensional defect,B178,S235,Team C
2025-06-27,Night,INSPECT_01,Inspection,Bracket,1147,970,955,15,23.31,20.0,450,19,54,Tool change,Surface defect,B178,S235,Team C
2025-06-27,Night,PACK_01,Packaging,Bracket,918,804,782,22,27.963,25.0,450,20,55,Tool change,Scratch,B178,S235,Team C
2025-06-28,Morning,PRESS_600T,Pressing,Housing,683,681,669,12,34.352,33.6,450,22,38,Tool change,Press deformation,B179,S355,Team A
2025-06-28,Morning,PRESS_60T,Pressing,Housing,531,480,479,1,47.445,43.2,450,33,37,Maintenance,Press deformation,B179,S355,Team A
2025-06-28,Morning,WELD_01,Spot Welding,Housing,294,252,243,9,90.692,78.0,450,29,39,Material shortage,Welding defect,B179,S355,Team A
2025-06-28,Morning,WELD_10HEAD,Spot Welding,Housing,425,358,338,20,65.7,54.0,450,20,37,Quality issue,Welding defect,B179,S355,Team A
2025-06-28,Morning,LATHE_01,Machining,Housing,562,589,579,10,43.586,40.8,450,15,7,Maintenance,Dimensional defect,B179,S355,Team A
2025-06-28,Morning,INSPECT_01,Inspection,Housing,956,959,935,24,25.256,24.0,450,11,35,Material shortage,Surface defect,B179,S355,Team A
2025-06-28,Morning,PACK_01,Packaging,Housing,765,669,656,13,34.333,30.0,450,13,54,Operator waiting,Scratch,B179,S355,Team A
2025-06-28,Afternoon,PRESS_600T,Pressing,Support,910,840,824,16,27.63,25.2,450,22,41,Machine failure,Press deformation,B179,S275,Team B
2025-06-28,Afternoon,PRESS_60T,Pressing,Support,708,683,677,6,36.093,32.4,450,16,23,Tool change,Other,B179,S275,Team B
2025-06-28,Afternoon,WELD_01,Spot Welding,Support,392,382,366,16,66.423,58.5,450,17,10,Material shortage,Welding defect,B179,S275,Team B
2025-06-28,Afternoon,WELD_10HEAD,Spot Welding,Support,566,498,479,19,46.841,40.5,450,15,46,Operator waiting,Other,B179,S275,Team B
2025-06-28,Afternoon,LATHE_01,Machining,Support,749,785,778,7,32.095,30.6,450,11,19,Tool change,Other,B179,S275,Team B
2025-06-28,Afternoon,INSPECT_01,Inspection,Support,1275,1207,1191,16,20.578,18.0,450,30,6,Machine failure,Surface defect,B179,S275,Team B
2025-06-28,Afternoon,PACK_01,Packaging,Support,1020,984,958,26,23.758,22.5,450,15,45,Operator waiting,Other,B179,S275,Team B
2025-06-28,Night,PRESS_600T,Pressing,Housing,683,577,565,12,39.495,33.6,450,16,54,Material shortage,Press deformation,B179,S355,Team C
2025-06-28,Night,PRESS_60T,Pressing,Housing,531,456,450,6,55.156,43.2,450,20,10,Maintenance,Press deformation,B179,S355,Team C
2025-06-28,Night,WELD_01,Spot Welding,Housing,294,224,216,8,103.624,78.0,450,11,51,Machine failure,Welding defect,B179,S355,Team C
2025-06-28,Night,WELD_10HEAD,Spot Welding,Housing,425,297,280,17,76.535,54.0,450,25,46,Machine failure,Welding defect,B179,S355,Team C
2025-06-28,Night,LATHE_01,Machining,Housing,562,531,524,7,44.104,40.8,450,14,45,Material shortage,Other,B179,S355,Team C
2025-06-28,Night,INSPECT_01,Inspection,Housing,956,803,781,22,29.93,24.0,450,24,25,Tool change,Surface defect,B179,S355,Team C
2025-06-28,Night,PACK_01,Packaging,Housing,765,674,659,15,37.275,30.0,450,26,5,Tool change,Scratch,B179,S355,Team C
2025-06-29,Morning,PRESS_600T,Pressing,Support,910,808,787,21,27.155,25.2,450,14,70,Quality issue,Press deformation,B180,S275,Team A
2025-06-29,Morning,PRESS_60T,Pressing,Support,708,657,645,12,37.215,32.4,450,29,13,Tool change,Press deformation,B180,S275,Team A
2025-06-29,Morning,WELD_01,Spot Welding,Support,392,326,311,15,71.064,58.5,450,10,53,Tool change,Welding defect,B180,S275,Team A
2025-06-29,Morning,WELD_10HEAD,Spot Welding,Support,566,483,458,25,47.697,40.5,450,17,49,Tool change,Welding defect,B180,S275,Team A
2025-06-29,Morning,LATHE_01,Machining,Support,749,766,757,9,31.233,30.6,450,18,33,Material shortage,Other,B180,S275,Team A
2025-06-29,Morning,INSPECT_01,Inspection,Support,1275,1112,1094,18,20.057,18.0,450,31,47,Machine failure,Surface defect,B180,S275,Team A
2025-06-29,Morning,PACK_01,Packaging,Support,1020,974,958,16,23.028,22.5,450,35,41,Material shortage,Scratch,B180,S275,Team A
2025-06-29,Afternoon,PRESS_600T,Pressing,Bracket,819,684,673,11,32.179,28.0,450,21,62,Quality issue,Press deformation,B180,S235,Team B
2025-06-29,Afternoon,PRESS_60T,Pressing,Bracket,637,598,587,11,37.265,36.0,450,25,53,Material shortage,Other,B180,S235,Team B
2025-06-29,Afternoon,WELD_01,Spot Welding,Bracket,353,310,291,19,75.825,65.0,450,17,40,Material shortage,Welding defect,B180,S235,Team B
2025-06-29,Afternoon,WELD_10HEAD,Spot Welding,Bracket,510,443,416,27,55.333,45.0,450,24,17,Tool change,Welding defect,B180,S235,Team B
2025-06-29,Afternoon,LATHE_01,Machining,Bracket,675,628,616,12,38.689,34.0,450,23,22,Operator waiting,Dimensional defect,B180,S235,Team B
2025-06-29,Afternoon,INSPECT_01,Inspection,Bracket,1147,1074,1056,18,22.055,20.0,450,29,26,Operator waiting,Surface defect,B180,S235,Team B
2025-06-29,Afternoon,PACK_01,Packaging,Bracket,918,869,852,17,26.982,25.0,450,20,39,Operator waiting,Scratch,B180,S235,Team B
2025-06-29,Night,PRESS_600T,Pressing,Bracket,819,672,655,17,30.788,28.0,450,30,75,Tool change,Press deformation,B180,S235,Team C
2025-06-29,Night,PRESS_60T,Pressing,Bracket,637,579,566,13,41.833,36.0,450,21,25,Material shortage,Press deformation,B180,S235,Team C
2025-06-29,Night,WELD_01,Spot Welding,Bracket,353,299,280,19,82.635,65.0,450,22,16,Quality issue,Welding defect,B180,S235,Team C
2025-06-29,Night,WELD_10HEAD,Spot Welding,Bracket,510,411,396,15,57.734,45.0,450,12,42,Tool change,Welding defect,B180,S235,Team C
2025-06-29,Night,LATHE_01,Machining,Bracket,675,573,556,17,43.291,34.0,450,19,17,Operator waiting,Dimensional defect,B180,S235,Team C
2025-06-29,Night,INSPECT_01,Inspection,Bracket,1147,954,934,20,24.833,20.0,450,24,31,Material shortage,Surface defect,B180,S235,Team C
2025-06-29,Night,PACK_01,Packaging,Bracket,918,829,815,14,30.004,25.0,450,18,17,Material shortage,Scratch,B180,S235,Team C
